source_file,freesound_id,freesound_url,freesound_name,uploader,recordist,source_licence,source_licence_url,pack,good_sounds_id,waveform_match_r,runner_up_r,checked
sfzinstruments/MTG.SoloSax/MTG Solo Saxophones/Samples/alt_f_01.flac,358377,https://freesound.org/people/MTG/sounds/358377/,Sax Alto - C#3,MTG,"Music Technology Group, Universitat Pompeu Fabra (good-sounds.org)",CC-BY-3.0,http://creativecommons.org/licenses/by/3.0/,https://freesound.org/people/MTG/packs/20239/,4641,0.9898,0.1404,2026-09-24
sfzinstruments/MTG.SoloSax/MTG Solo Saxophones/Samples/alt_f_02.flac,358378,https://freesound.org/people/MTG/sounds/358378/,Sax Alto - D3,MTG,"Music Technology Group, Universitat Pompeu Fabra (good-sounds.org)",CC-BY-3.0,http://creativecommons.org/licenses/by/3.0/,https://freesound.org/people/MTG/packs/20239/,4642,0.9989,0.2609,2026-09-24
sfzinstruments/MTG.SoloSax/MTG Solo Saxophones/Samples/alt_f_03.flac,358379,https://freesound.org/people/MTG/sounds/358379/,Sax Alto - D#3,MTG,"Music Technology Group, Universitat Pompeu Fabra (good-sounds.org)",CC-BY-3.0,http://creativecommons.org/licenses/by/3.0/,https://freesound.org/people/MTG/packs/20239/,4643,0.9987,0.2416,2026-09-24
sfzinstruments/MTG.SoloSax/MTG Solo Saxophones/Samples/alt_f_04.flac,358380,https://freesound.org/people/MTG/sounds/358380/,Sax Alto - E3,MTG,"Music Technology Group, Universitat Pompeu Fabra (good-sounds.org)",CC-BY-3.0,http://creativecommons.org/licenses/by/3.0/,https://freesound.org/people/MTG/packs/20239/,4644,0.9968,0.1184,2026-09-24
sfzinstruments/MTG.SoloSax/MTG Solo Saxophones/Samples/alt_f_05.flac,358381,https://freesound.org/people/MTG/sounds/358381/,Sax Alto - F3,MTG,"Music Technology Group, Universitat Pompeu Fabra (good-sounds.org)",CC-BY-3.0,http://creativecommons.org/licenses/by/3.0/,https://freesound.org/people/MTG/packs/20239/,4645,0.9787,0.1579,2026-09-24
sfzinstruments/MTG.SoloSax/MTG Solo Saxophones/Samples/alt_f_06.flac,358382,https://freesound.org/people/MTG/sounds/358382/,Sax Alto - F#3,MTG,"Music Technology Group, Universitat Pompeu Fabra (good-sounds.org)",CC-BY-3.0,http://creativecommons.org/licenses/by/3.0/,https://freesound.org/people/MTG/packs/20239/,4646,0.9994,0.1285,2026-09-24
sfzinstruments/MTG.SoloSax/MTG Solo Saxophones/Samples/alt_f_07.flac,358383,https://freesound.org/people/MTG/sounds/358383/,Sax Alto - G3,MTG,"Music Technology Group, Universitat Pompeu Fabra (good-sounds.org)",CC-BY-3.0,http://creativecommons.org/licenses/by/3.0/,https://freesound.org/people/MTG/packs/20239/,4647,0.9988,0.1486,2026-09-24
sfzinstruments/MTG.SoloSax/MTG Solo Saxophones/Samples/alt_f_08.flac,358384,https://freesound.org/people/MTG/sounds/358384/,Sax Alto - G#3,MTG,"Music Technology Group, Universitat Pompeu Fabra (good-sounds.org)",CC-BY-3.0,http://creativecommons.org/licenses/by/3.0/,https://freesound.org/people/MTG/packs/20239/,4648,0.9961,0.1092,2026-09-24
sfzinstruments/MTG.SoloSax/MTG Solo Saxophones/Samples/alt_f_09.flac,358385,https://freesound.org/people/MTG/sounds/358385/,Sax Alto - A3,MTG,"Music Technology Group, Universitat Pompeu Fabra (good-sounds.org)",CC-BY-3.0,http://creativecommons.org/licenses/by/3.0/,https://freesound.org/people/MTG/packs/20239/,4649,0.9988,0.4294,2026-09-24
sfzinstruments/MTG.SoloSax/MTG Solo Saxophones/Samples/alt_f_10.flac,358386,https://freesound.org/people/MTG/sounds/358386/,Sax Alto - A#3,MTG,"Music Technology Group, Universitat Pompeu Fabra (good-sounds.org)",CC-BY-3.0,http://creativecommons.org/licenses/by/3.0/,https://freesound.org/people/MTG/packs/20239/,4650,0.9988,0.1375,2026-09-24
sfzinstruments/MTG.SoloSax/MTG Solo Saxophones/Samples/alt_f_11.flac,358387,https://freesound.org/people/MTG/sounds/358387/,Sax Alto - B3,MTG,"Music Technology Group, Universitat Pompeu Fabra (good-sounds.org)",CC-BY-3.0,http://creativecommons.org/licenses/by/3.0/,https://freesound.org/people/MTG/packs/20239/,4651,0.9974,0.1793,2026-09-24
sfzinstruments/MTG.SoloSax/MTG Solo Saxophones/Samples/alt_f_12.flac,358388,https://freesound.org/people/MTG/sounds/358388/,Sax Alto - C4,MTG,"Music Technology Group, Universitat Pompeu Fabra (good-sounds.org)",CC-BY-3.0,http://creativecommons.org/licenses/by/3.0/,https://freesound.org/people/MTG/packs/20239/,4652,1.0,0.1269,2026-09-24
sfzinstruments/MTG.SoloSax/MTG Solo Saxophones/Samples/alt_f_13.flac,358389,https://freesound.org/people/MTG/sounds/358389/,Sax Alto - C#4,MTG,"Music Technology Group, Universitat Pompeu Fabra (good-sounds.org)",CC-BY-3.0,http://creativecommons.org/licenses/by/3.0/,https://freesound.org/people/MTG/packs/20239/,4653,0.9988,0.2613,2026-09-24
sfzinstruments/MTG.SoloSax/MTG Solo Saxophones/Samples/alt_f_14.flac,358390,https://freesound.org/people/MTG/sounds/358390/,Sax Alto - D4,MTG,"Music Technology Group, Universitat Pompeu Fabra (good-sounds.org)",CC-BY-3.0,http://creativecommons.org/licenses/by/3.0/,https://freesound.org/people/MTG/packs/20239/,4654,0.9985,0.2795,2026-09-24
sfzinstruments/MTG.SoloSax/MTG Solo Saxophones/Samples/alt_f_15.flac,358391,https://freesound.org/people/MTG/sounds/358391/,Sax Alto - D#4,MTG,"Music Technology Group, Universitat Pompeu Fabra (good-sounds.org)",CC-BY-3.0,http://creativecommons.org/licenses/by/3.0/,https://freesound.org/people/MTG/packs/20239/,4655,0.9967,0.1022,2026-09-24
sfzinstruments/MTG.SoloSax/MTG Solo Saxophones/Samples/alt_f_16.flac,358392,https://freesound.org/people/MTG/sounds/358392/,Sax Alto - E4,MTG,"Music Technology Group, Universitat Pompeu Fabra (good-sounds.org)",CC-BY-3.0,http://creativecommons.org/licenses/by/3.0/,https://freesound.org/people/MTG/packs/20239/,4656,0.999,0.0553,2026-09-24
sfzinstruments/MTG.SoloSax/MTG Solo Saxophones/Samples/alt_f_17.flac,358393,https://freesound.org/people/MTG/sounds/358393/,Sax Alto - F4,MTG,"Music Technology Group, Universitat Pompeu Fabra (good-sounds.org)",CC-BY-3.0,http://creativecommons.org/licenses/by/3.0/,https://freesound.org/people/MTG/packs/20239/,4657,1.0,0.1048,2026-09-24
sfzinstruments/MTG.SoloSax/MTG Solo Saxophones/Samples/alt_f_18.flac,358394,https://freesound.org/people/MTG/sounds/358394/,Sax Alto - F#4,MTG,"Music Technology Group, Universitat Pompeu Fabra (good-sounds.org)",CC-BY-3.0,http://creativecommons.org/licenses/by/3.0/,https://freesound.org/people/MTG/packs/20239/,4658,0.9996,0.1264,2026-09-24
sfzinstruments/MTG.SoloSax/MTG Solo Saxophones/Samples/alt_f_19.flac,358395,https://freesound.org/people/MTG/sounds/358395/,Sax Alto - G4,MTG,"Music Technology Group, Universitat Pompeu Fabra (good-sounds.org)",CC-BY-3.0,http://creativecommons.org/licenses/by/3.0/,https://freesound.org/people/MTG/packs/20239/,4659,0.9977,0.1012,2026-09-24
sfzinstruments/MTG.SoloSax/MTG Solo Saxophones/Samples/alt_f_20.flac,358396,https://freesound.org/people/MTG/sounds/358396/,Sax Alto - G#4,MTG,"Music Technology Group, Universitat Pompeu Fabra (good-sounds.org)",CC-BY-3.0,http://creativecommons.org/licenses/by/3.0/,https://freesound.org/people/MTG/packs/20239/,4660,0.998,0.1271,2026-09-24
sfzinstruments/MTG.SoloSax/MTG Solo Saxophones/Samples/alt_f_21.flac,358397,https://freesound.org/people/MTG/sounds/358397/,Sax Alto - A4,MTG,"Music Technology Group, Universitat Pompeu Fabra (good-sounds.org)",CC-BY-3.0,http://creativecommons.org/licenses/by/3.0/,https://freesound.org/people/MTG/packs/20239/,4661,0.9873,0.1644,2026-09-24
sfzinstruments/MTG.SoloSax/MTG Solo Saxophones/Samples/alt_f_22.flac,358398,https://freesound.org/people/MTG/sounds/358398/,Sax Alto - A#4,MTG,"Music Technology Group, Universitat Pompeu Fabra (good-sounds.org)",CC-BY-3.0,http://creativecommons.org/licenses/by/3.0/,https://freesound.org/people/MTG/packs/20239/,4662,0.9963,0.0245,2026-09-24
sfzinstruments/MTG.SoloSax/MTG Solo Saxophones/Samples/alt_f_23.flac,358399,https://freesound.org/people/MTG/sounds/358399/,Sax Alto - B4,MTG,"Music Technology Group, Universitat Pompeu Fabra (good-sounds.org)",CC-BY-3.0,http://creativecommons.org/licenses/by/3.0/,https://freesound.org/people/MTG/packs/20239/,4663,0.9885,0.0488,2026-09-24
sfzinstruments/MTG.SoloSax/MTG Solo Saxophones/Samples/alt_f_24.flac,358400,https://freesound.org/people/MTG/sounds/358400/,Sax Alto - C5,MTG,"Music Technology Group, Universitat Pompeu Fabra (good-sounds.org)",CC-BY-3.0,http://creativecommons.org/licenses/by/3.0/,https://freesound.org/people/MTG/packs/20239/,4664,0.9897,0.0687,2026-09-24
sfzinstruments/MTG.SoloSax/MTG Solo Saxophones/Samples/alt_f_25.flac,358401,https://freesound.org/people/MTG/sounds/358401/,Sax Alto - C#5,MTG,"Music Technology Group, Universitat Pompeu Fabra (good-sounds.org)",CC-BY-3.0,http://creativecommons.org/licenses/by/3.0/,https://freesound.org/people/MTG/packs/20239/,4665,0.9988,0.0556,2026-09-24
sfzinstruments/MTG.SoloSax/MTG Solo Saxophones/Samples/alt_f_26.flac,358402,https://freesound.org/people/MTG/sounds/358402/,Sax Alto - D5,MTG,"Music Technology Group, Universitat Pompeu Fabra (good-sounds.org)",CC-BY-3.0,http://creativecommons.org/licenses/by/3.0/,https://freesound.org/people/MTG/packs/20239/,4666,0.9986,0.0518,2026-09-24
sfzinstruments/MTG.SoloSax/MTG Solo Saxophones/Samples/alt_f_27.flac,358403,https://freesound.org/people/MTG/sounds/358403/,Sax Alto - D#5,MTG,"Music Technology Group, Universitat Pompeu Fabra (good-sounds.org)",CC-BY-3.0,http://creativecommons.org/licenses/by/3.0/,https://freesound.org/people/MTG/packs/20239/,4667,0.9932,0.0462,2026-09-24
sfzinstruments/MTG.SoloSax/MTG Solo Saxophones/Samples/alt_f_28.flac,358404,https://freesound.org/people/MTG/sounds/358404/,Sax Alto - E5,MTG,"Music Technology Group, Universitat Pompeu Fabra (good-sounds.org)",CC-BY-3.0,http://creativecommons.org/licenses/by/3.0/,https://freesound.org/people/MTG/packs/20239/,4668,0.9997,0.0131,2026-09-24
sfzinstruments/MTG.SoloSax/MTG Solo Saxophones/Samples/alt_f_29.flac,358405,https://freesound.org/people/MTG/sounds/358405/,Sax Alto - F5,MTG,"Music Technology Group, Universitat Pompeu Fabra (good-sounds.org)",CC-BY-3.0,http://creativecommons.org/licenses/by/3.0/,https://freesound.org/people/MTG/packs/20239/,4669,0.9933,0.0423,2026-09-24
sfzinstruments/MTG.SoloSax/MTG Solo Saxophones/Samples/alt_f_30.flac,358406,https://freesound.org/people/MTG/sounds/358406/,Sax Alto - F#5,MTG,"Music Technology Group, Universitat Pompeu Fabra (good-sounds.org)",CC-BY-3.0,http://creativecommons.org/licenses/by/3.0/,https://freesound.org/people/MTG/packs/20239/,4670,0.9981,0.06,2026-09-24
sfzinstruments/MTG.SoloSax/MTG Solo Saxophones/Samples/alt_f_31.flac,358407,https://freesound.org/people/MTG/sounds/358407/,Sax Alto - G5,MTG,"Music Technology Group, Universitat Pompeu Fabra (good-sounds.org)",CC-BY-3.0,http://creativecommons.org/licenses/by/3.0/,https://freesound.org/people/MTG/packs/20239/,4671,0.9527,0.1416,2026-09-24
sfzinstruments/MTG.SoloSax/MTG Solo Saxophones/Samples/alt_f_32.flac,358408,https://freesound.org/people/MTG/sounds/358408/,Sax Alto - G#5,MTG,"Music Technology Group, Universitat Pompeu Fabra (good-sounds.org)",CC-BY-3.0,http://creativecommons.org/licenses/by/3.0/,https://freesound.org/people/MTG/packs/20239/,4672,1.0,0.3579,2026-09-24
sfzinstruments/MTG.SoloSax/MTG Solo Saxophones/Samples/alt_f_33.flac,358409,https://freesound.org/people/MTG/sounds/358409/,Sax Alto - A5,MTG,"Music Technology Group, Universitat Pompeu Fabra (good-sounds.org)",CC-BY-3.0,http://creativecommons.org/licenses/by/3.0/,https://freesound.org/people/MTG/packs/20239/,4673,0.9329,0.2303,2026-09-24
sfzinstruments/MTG.SoloSax/MTG Solo Saxophones/Samples/alt_p_01.flac,358410,https://freesound.org/people/MTG/sounds/358410/,Sax Alto - C#3,MTG,"Music Technology Group, Universitat Pompeu Fabra (good-sounds.org)",CC-BY-3.0,http://creativecommons.org/licenses/by/3.0/,https://freesound.org/people/MTG/packs/20239/,4674,0.9986,0.2156,2026-09-24
sfzinstruments/MTG.SoloSax/MTG Solo Saxophones/Samples/alt_p_02.flac,358411,https://freesound.org/people/MTG/sounds/358411/,Sax Alto - D3,MTG,"Music Technology Group, Universitat Pompeu Fabra (good-sounds.org)",CC-BY-3.0,http://creativecommons.org/licenses/by/3.0/,https://freesound.org/people/MTG/packs/20239/,4675,0.9997,0.1785,2026-09-24
sfzinstruments/MTG.SoloSax/MTG Solo Saxophones/Samples/alt_p_03.flac,358412,https://freesound.org/people/MTG/sounds/358412/,Sax Alto - D#3,MTG,"Music Technology Group, Universitat Pompeu Fabra (good-sounds.org)",CC-BY-3.0,http://creativecommons.org/licenses/by/3.0/,https://freesound.org/people/MTG/packs/20239/,4676,0.9947,0.5375,2026-09-24
sfzinstruments/MTG.SoloSax/MTG Solo Saxophones/Samples/alt_p_04.flac,358413,https://freesound.org/people/MTG/sounds/358413/,Sax Alto - E3,MTG,"Music Technology Group, Universitat Pompeu Fabra (good-sounds.org)",CC-BY-3.0,http://creativecommons.org/licenses/by/3.0/,https://freesound.org/people/MTG/packs/20239/,4677,0.9963,0.1811,2026-09-24
sfzinstruments/MTG.SoloSax/MTG Solo Saxophones/Samples/alt_p_05.flac,358414,https://freesound.org/people/MTG/sounds/358414/,Sax Alto - F3,MTG,"Music Technology Group, Universitat Pompeu Fabra (good-sounds.org)",CC-BY-3.0,http://creativecommons.org/licenses/by/3.0/,https://freesound.org/people/MTG/packs/20239/,4678,0.9959,0.1274,2026-09-24
sfzinstruments/MTG.SoloSax/MTG Solo Saxophones/Samples/alt_p_06.flac,358415,https://freesound.org/people/MTG/sounds/358415/,Sax Alto - F#3,MTG,"Music Technology Group, Universitat Pompeu Fabra (good-sounds.org)",CC-BY-3.0,http://creativecommons.org/licenses/by/3.0/,https://freesound.org/people/MTG/packs/20239/,4679,0.9987,0.1418,2026-09-24
sfzinstruments/MTG.SoloSax/MTG Solo Saxophones/Samples/alt_p_07.flac,358416,https://freesound.org/people/MTG/sounds/358416/,Sax Alto - G3,MTG,"Music Technology Group, Universitat Pompeu Fabra (good-sounds.org)",CC-BY-3.0,http://creativecommons.org/licenses/by/3.0/,https://freesound.org/people/MTG/packs/20239/,4680,0.9911,0.0957,2026-09-24
sfzinstruments/MTG.SoloSax/MTG Solo Saxophones/Samples/alt_p_08.flac,358417,https://freesound.org/people/MTG/sounds/358417/,Sax Alto - G#3,MTG,"Music Technology Group, Universitat Pompeu Fabra (good-sounds.org)",CC-BY-3.0,http://creativecommons.org/licenses/by/3.0/,https://freesound.org/people/MTG/packs/20239/,4681,0.9994,0.1013,2026-09-24
sfzinstruments/MTG.SoloSax/MTG Solo Saxophones/Samples/alt_p_09.flac,358418,https://freesound.org/people/MTG/sounds/358418/,Sax Alto - A3,MTG,"Music Technology Group, Universitat Pompeu Fabra (good-sounds.org)",CC-BY-3.0,http://creativecommons.org/licenses/by/3.0/,https://freesound.org/people/MTG/packs/20239/,4682,0.9989,0.0831,2026-09-24
sfzinstruments/MTG.SoloSax/MTG Solo Saxophones/Samples/alt_p_10.flac,358419,https://freesound.org/people/MTG/sounds/358419/,Sax Alto - A#3,MTG,"Music Technology Group, Universitat Pompeu Fabra (good-sounds.org)",CC-BY-3.0,http://creativecommons.org/licenses/by/3.0/,https://freesound.org/people/MTG/packs/20239/,4683,0.9974,0.3169,2026-09-24
sfzinstruments/MTG.SoloSax/MTG Solo Saxophones/Samples/alt_p_11.flac,358420,https://freesound.org/people/MTG/sounds/358420/,Sax Alto - B3,MTG,"Music Technology Group, Universitat Pompeu Fabra (good-sounds.org)",CC-BY-3.0,http://creativecommons.org/licenses/by/3.0/,https://freesound.org/people/MTG/packs/20239/,4684,0.9978,0.1263,2026-09-24
sfzinstruments/MTG.SoloSax/MTG Solo Saxophones/Samples/alt_p_12.flac,358421,https://freesound.org/people/MTG/sounds/358421/,Sax Alto - C4,MTG,"Music Technology Group, Universitat Pompeu Fabra (good-sounds.org)",CC-BY-3.0,http://creativecommons.org/licenses/by/3.0/,https://freesound.org/people/MTG/packs/20239/,4685,1.0,0.0845,2026-09-24
sfzinstruments/MTG.SoloSax/MTG Solo Saxophones/Samples/alt_p_13.flac,358422,https://freesound.org/people/MTG/sounds/358422/,Sax Alto - C#4,MTG,"Music Technology Group, Universitat Pompeu Fabra (good-sounds.org)",CC-BY-3.0,http://creativecommons.org/licenses/by/3.0/,https://freesound.org/people/MTG/packs/20239/,4686,0.9988,0.0541,2026-09-24
sfzinstruments/MTG.SoloSax/MTG Solo Saxophones/Samples/alt_p_14.flac,358423,https://freesound.org/people/MTG/sounds/358423/,Sax Alto - D4,MTG,"Music Technology Group, Universitat Pompeu Fabra (good-sounds.org)",CC-BY-3.0,http://creativecommons.org/licenses/by/3.0/,https://freesound.org/people/MTG/packs/20239/,4687,0.9973,0.1095,2026-09-24
sfzinstruments/MTG.SoloSax/MTG Solo Saxophones/Samples/alt_p_15.flac,358424,https://freesound.org/people/MTG/sounds/358424/,Sax Alto - D#4,MTG,"Music Technology Group, Universitat Pompeu Fabra (good-sounds.org)",CC-BY-3.0,http://creativecommons.org/licenses/by/3.0/,https://freesound.org/people/MTG/packs/20239/,4688,0.9982,0.4387,2026-09-24
sfzinstruments/MTG.SoloSax/MTG Solo Saxophones/Samples/alt_p_16.flac,358425,https://freesound.org/people/MTG/sounds/358425/,Sax Alto - E4,MTG,"Music Technology Group, Universitat Pompeu Fabra (good-sounds.org)",CC-BY-3.0,http://creativecommons.org/licenses/by/3.0/,https://freesound.org/people/MTG/packs/20239/,4689,0.9962,0.2728,2026-09-24
sfzinstruments/MTG.SoloSax/MTG Solo Saxophones/Samples/alt_p_17.flac,358426,https://freesound.org/people/MTG/sounds/358426/,Sax Alto - F4,MTG,"Music Technology Group, Universitat Pompeu Fabra (good-sounds.org)",CC-BY-3.0,http://creativecommons.org/licenses/by/3.0/,https://freesound.org/people/MTG/packs/20239/,4690,0.9998,0.0846,2026-09-24
sfzinstruments/MTG.SoloSax/MTG Solo Saxophones/Samples/alt_p_18.flac,358427,https://freesound.org/people/MTG/sounds/358427/,Sax Alto - F#4,MTG,"Music Technology Group, Universitat Pompeu Fabra (good-sounds.org)",CC-BY-3.0,http://creativecommons.org/licenses/by/3.0/,https://freesound.org/people/MTG/packs/20239/,4691,0.9988,0.0691,2026-09-24
sfzinstruments/MTG.SoloSax/MTG Solo Saxophones/Samples/alt_p_19.flac,358428,https://freesound.org/people/MTG/sounds/358428/,Sax Alto - G4,MTG,"Music Technology Group, Universitat Pompeu Fabra (good-sounds.org)",CC-BY-3.0,http://creativecommons.org/licenses/by/3.0/,https://freesound.org/people/MTG/packs/20239/,4692,0.998,0.1367,2026-09-24
sfzinstruments/MTG.SoloSax/MTG Solo Saxophones/Samples/alt_p_20.flac,358429,https://freesound.org/people/MTG/sounds/358429/,Sax Alto - G#4,MTG,"Music Technology Group, Universitat Pompeu Fabra (good-sounds.org)",CC-BY-3.0,http://creativecommons.org/licenses/by/3.0/,https://freesound.org/people/MTG/packs/20239/,4693,0.9997,0.0608,2026-09-24
sfzinstruments/MTG.SoloSax/MTG Solo Saxophones/Samples/alt_p_21.flac,358430,https://freesound.org/people/MTG/sounds/358430/,Sax Alto - A4,MTG,"Music Technology Group, Universitat Pompeu Fabra (good-sounds.org)",CC-BY-3.0,http://creativecommons.org/licenses/by/3.0/,https://freesound.org/people/MTG/packs/20239/,4694,0.999,0.5193,2026-09-24
sfzinstruments/MTG.SoloSax/MTG Solo Saxophones/Samples/alt_p_22.flac,358431,https://freesound.org/people/MTG/sounds/358431/,Sax Alto - A#4,MTG,"Music Technology Group, Universitat Pompeu Fabra (good-sounds.org)",CC-BY-3.0,http://creativecommons.org/licenses/by/3.0/,https://freesound.org/people/MTG/packs/20239/,4695,0.9986,0.4109,2026-09-24
sfzinstruments/MTG.SoloSax/MTG Solo Saxophones/Samples/alt_p_23.flac,358432,https://freesound.org/people/MTG/sounds/358432/,Sax Alto - B4,MTG,"Music Technology Group, Universitat Pompeu Fabra (good-sounds.org)",CC-BY-3.0,http://creativecommons.org/licenses/by/3.0/,https://freesound.org/people/MTG/packs/20239/,4696,0.9987,0.1785,2026-09-24
sfzinstruments/MTG.SoloSax/MTG Solo Saxophones/Samples/alt_p_24.flac,358433,https://freesound.org/people/MTG/sounds/358433/,Sax Alto - C5,MTG,"Music Technology Group, Universitat Pompeu Fabra (good-sounds.org)",CC-BY-3.0,http://creativecommons.org/licenses/by/3.0/,https://freesound.org/people/MTG/packs/20239/,4697,1.0,0.4068,2026-09-24
sfzinstruments/MTG.SoloSax/MTG Solo Saxophones/Samples/alt_p_25.flac,358434,https://freesound.org/people/MTG/sounds/358434/,Sax Alto - C#5,MTG,"Music Technology Group, Universitat Pompeu Fabra (good-sounds.org)",CC-BY-3.0,http://creativecommons.org/licenses/by/3.0/,https://freesound.org/people/MTG/packs/20239/,4698,0.998,0.1064,2026-09-24
sfzinstruments/MTG.SoloSax/MTG Solo Saxophones/Samples/alt_p_26.flac,358435,https://freesound.org/people/MTG/sounds/358435/,Sax Alto - D5,MTG,"Music Technology Group, Universitat Pompeu Fabra (good-sounds.org)",CC-BY-3.0,http://creativecommons.org/licenses/by/3.0/,https://freesound.org/people/MTG/packs/20239/,4699,0.9997,0.0764,2026-09-24
sfzinstruments/MTG.SoloSax/MTG Solo Saxophones/Samples/alt_p_27.flac,358436,https://freesound.org/people/MTG/sounds/358436/,Sax Alto - D#5,MTG,"Music Technology Group, Universitat Pompeu Fabra (good-sounds.org)",CC-BY-3.0,http://creativecommons.org/licenses/by/3.0/,https://freesound.org/people/MTG/packs/20239/,4700,0.9929,0.0733,2026-09-24
sfzinstruments/MTG.SoloSax/MTG Solo Saxophones/Samples/alt_p_28.flac,358437,https://freesound.org/people/MTG/sounds/358437/,Sax Alto - E5,MTG,"Music Technology Group, Universitat Pompeu Fabra (good-sounds.org)",CC-BY-3.0,http://creativecommons.org/licenses/by/3.0/,https://freesound.org/people/MTG/packs/20239/,4701,0.9862,0.0214,2026-09-24
sfzinstruments/MTG.SoloSax/MTG Solo Saxophones/Samples/alt_p_29.flac,358438,https://freesound.org/people/MTG/sounds/358438/,Sax Alto - F5,MTG,"Music Technology Group, Universitat Pompeu Fabra (good-sounds.org)",CC-BY-3.0,http://creativecommons.org/licenses/by/3.0/,https://freesound.org/people/MTG/packs/20239/,4702,0.9962,0.0662,2026-09-24
sfzinstruments/MTG.SoloSax/MTG Solo Saxophones/Samples/alt_p_30.flac,358439,https://freesound.org/people/MTG/sounds/358439/,Sax Alto - F#5,MTG,"Music Technology Group, Universitat Pompeu Fabra (good-sounds.org)",CC-BY-3.0,http://creativecommons.org/licenses/by/3.0/,https://freesound.org/people/MTG/packs/20239/,4703,0.9949,0.1117,2026-09-24
sfzinstruments/MTG.SoloSax/MTG Solo Saxophones/Samples/alt_p_31.flac,358440,https://freesound.org/people/MTG/sounds/358440/,Sax Alto - G5,MTG,"Music Technology Group, Universitat Pompeu Fabra (good-sounds.org)",CC-BY-3.0,http://creativecommons.org/licenses/by/3.0/,https://freesound.org/people/MTG/packs/20239/,4704,0.9986,0.2365,2026-09-24
sfzinstruments/MTG.SoloSax/MTG Solo Saxophones/Samples/alt_p_32.flac,358441,https://freesound.org/people/MTG/sounds/358441/,Sax Alto - G#5,MTG,"Music Technology Group, Universitat Pompeu Fabra (good-sounds.org)",CC-BY-3.0,http://creativecommons.org/licenses/by/3.0/,https://freesound.org/people/MTG/packs/20239/,4705,0.9863,0.2984,2026-09-24
sfzinstruments/MTG.SoloSax/MTG Solo Saxophones/Samples/alt_p_33.flac,358442,https://freesound.org/people/MTG/sounds/358442/,Sax Alto - A5,MTG,"Music Technology Group, Universitat Pompeu Fabra (good-sounds.org)",CC-BY-3.0,http://creativecommons.org/licenses/by/3.0/,https://freesound.org/people/MTG/packs/20239/,4706,0.9548,0.269,2026-09-24
sfzinstruments/MTG.SoloSax/MTG Solo Saxophones/Samples/bar_f_01.flac,360240,https://freesound.org/people/MTG/sounds/360240/,Sax Baritone - C3,MTG,"Music Technology Group, Universitat Pompeu Fabra (good-sounds.org)",CC-BY-3.0,http://creativecommons.org/licenses/by/3.0/,https://freesound.org/people/MTG/packs/20253/,5527,0.9968,0.3122,2026-09-24
sfzinstruments/MTG.SoloSax/MTG Solo Saxophones/Samples/bar_f_02.flac,360241,https://freesound.org/people/MTG/sounds/360241/,Sax Baritone - C#3,MTG,"Music Technology Group, Universitat Pompeu Fabra (good-sounds.org)",CC-BY-3.0,http://creativecommons.org/licenses/by/3.0/,https://freesound.org/people/MTG/packs/20253/,5528,0.9912,0.6766,2026-09-24
sfzinstruments/MTG.SoloSax/MTG Solo Saxophones/Samples/bar_f_03.flac,360242,https://freesound.org/people/MTG/sounds/360242/,Sax Baritone - D3,MTG,"Music Technology Group, Universitat Pompeu Fabra (good-sounds.org)",CC-BY-3.0,http://creativecommons.org/licenses/by/3.0/,https://freesound.org/people/MTG/packs/20253/,5529,0.9944,0.6849,2026-09-24
sfzinstruments/MTG.SoloSax/MTG Solo Saxophones/Samples/bar_f_04.flac,360243,https://freesound.org/people/MTG/sounds/360243/,Sax Baritone - D#3,MTG,"Music Technology Group, Universitat Pompeu Fabra (good-sounds.org)",CC-BY-3.0,http://creativecommons.org/licenses/by/3.0/,https://freesound.org/people/MTG/packs/20253/,5530,0.9938,0.5628,2026-09-24
sfzinstruments/MTG.SoloSax/MTG Solo Saxophones/Samples/bar_f_05.flac,360244,https://freesound.org/people/MTG/sounds/360244/,Sax Baritone - E3,MTG,"Music Technology Group, Universitat Pompeu Fabra (good-sounds.org)",CC-BY-3.0,http://creativecommons.org/licenses/by/3.0/,https://freesound.org/people/MTG/packs/20253/,5531,0.9766,0.4103,2026-09-24
sfzinstruments/MTG.SoloSax/MTG Solo Saxophones/Samples/bar_f_06.flac,360245,https://freesound.org/people/MTG/sounds/360245/,Sax Baritone - F3,MTG,"Music Technology Group, Universitat Pompeu Fabra (good-sounds.org)",CC-BY-3.0,http://creativecommons.org/licenses/by/3.0/,https://freesound.org/people/MTG/packs/20253/,5532,1.0,0.1279,2026-09-24
sfzinstruments/MTG.SoloSax/MTG Solo Saxophones/Samples/bar_f_07.flac,360246,https://freesound.org/people/MTG/sounds/360246/,Sax Baritone - F#3,MTG,"Music Technology Group, Universitat Pompeu Fabra (good-sounds.org)",CC-BY-3.0,http://creativecommons.org/licenses/by/3.0/,https://freesound.org/people/MTG/packs/20253/,5533,0.9911,0.4973,2026-09-24
sfzinstruments/MTG.SoloSax/MTG Solo Saxophones/Samples/bar_f_08.flac,360247,https://freesound.org/people/MTG/sounds/360247/,Sax Baritone - G3,MTG,"Music Technology Group, Universitat Pompeu Fabra (good-sounds.org)",CC-BY-3.0,http://creativecommons.org/licenses/by/3.0/,https://freesound.org/people/MTG/packs/20253/,5534,0.969,0.1996,2026-09-24
sfzinstruments/MTG.SoloSax/MTG Solo Saxophones/Samples/bar_f_09.flac,360248,https://freesound.org/people/MTG/sounds/360248/,Sax Baritone - G#3,MTG,"Music Technology Group, Universitat Pompeu Fabra (good-sounds.org)",CC-BY-3.0,http://creativecommons.org/licenses/by/3.0/,https://freesound.org/people/MTG/packs/20253/,5535,1.0,0.3723,2026-09-24
sfzinstruments/MTG.SoloSax/MTG Solo Saxophones/Samples/bar_f_10.flac,360249,https://freesound.org/people/MTG/sounds/360249/,Sax Baritone - A3,MTG,"Music Technology Group, Universitat Pompeu Fabra (good-sounds.org)",CC-BY-3.0,http://creativecommons.org/licenses/by/3.0/,https://freesound.org/people/MTG/packs/20253/,5536,0.9845,0.6183,2026-09-24
sfzinstruments/MTG.SoloSax/MTG Solo Saxophones/Samples/bar_f_11.flac,360250,https://freesound.org/people/MTG/sounds/360250/,Sax Baritone - C3,MTG,"Music Technology Group, Universitat Pompeu Fabra (good-sounds.org)",CC-BY-3.0,http://creativecommons.org/licenses/by/3.0/,https://freesound.org/people/MTG/packs/20253/,5537,0.9939,0.6341,2026-09-24
sfzinstruments/MTG.SoloSax/MTG Solo Saxophones/Samples/bar_f_12.flac,360251,https://freesound.org/people/MTG/sounds/360251/,Sax Baritone - C#3,MTG,"Music Technology Group, Universitat Pompeu Fabra (good-sounds.org)",CC-BY-3.0,http://creativecommons.org/licenses/by/3.0/,https://freesound.org/people/MTG/packs/20253/,5538,0.9932,0.5936,2026-09-24
sfzinstruments/MTG.SoloSax/MTG Solo Saxophones/Samples/bar_f_13.flac,359964,https://freesound.org/people/MTG/sounds/359964/,Sax Baritone - C2,MTG,"Music Technology Group, Universitat Pompeu Fabra (good-sounds.org)",CC-BY-3.0,http://creativecommons.org/licenses/by/3.0/,https://freesound.org/people/MTG/packs/20253/,5251,1.0,0.7357,2026-09-24
sfzinstruments/MTG.SoloSax/MTG Solo Saxophones/Samples/bar_f_14.flac,359965,https://freesound.org/people/MTG/sounds/359965/,Sax Baritone - C#2,MTG,"Music Technology Group, Universitat Pompeu Fabra (good-sounds.org)",CC-BY-3.0,http://creativecommons.org/licenses/by/3.0/,https://freesound.org/people/MTG/packs/20253/,5252,0.989,0.8594,2026-09-24
sfzinstruments/MTG.SoloSax/MTG Solo Saxophones/Samples/bar_f_15.flac,359966,https://freesound.org/people/MTG/sounds/359966/,Sax Baritone - D2,MTG,"Music Technology Group, Universitat Pompeu Fabra (good-sounds.org)",CC-BY-3.0,http://creativecommons.org/licenses/by/3.0/,https://freesound.org/people/MTG/packs/20253/,5253,0.9626,0.7345,2026-09-24
sfzinstruments/MTG.SoloSax/MTG Solo Saxophones/Samples/bar_f_16.flac,359967,https://freesound.org/people/MTG/sounds/359967/,Sax Baritone - D#2,MTG,"Music Technology Group, Universitat Pompeu Fabra (good-sounds.org)",CC-BY-3.0,http://creativecommons.org/licenses/by/3.0/,https://freesound.org/people/MTG/packs/20253/,5254,0.9666,0.5822,2026-09-24
sfzinstruments/MTG.SoloSax/MTG Solo Saxophones/Samples/bar_f_17.flac,359968,https://freesound.org/people/MTG/sounds/359968/,Sax Baritone - E2,MTG,"Music Technology Group, Universitat Pompeu Fabra (good-sounds.org)",CC-BY-3.0,http://creativecommons.org/licenses/by/3.0/,https://freesound.org/people/MTG/packs/20253/,5255,0.9876,0.5405,2026-09-24
sfzinstruments/MTG.SoloSax/MTG Solo Saxophones/Samples/bar_f_18.flac,359969,https://freesound.org/people/MTG/sounds/359969/,Sax Baritone - F2,MTG,"Music Technology Group, Universitat Pompeu Fabra (good-sounds.org)",CC-BY-3.0,http://creativecommons.org/licenses/by/3.0/,https://freesound.org/people/MTG/packs/20253/,5256,0.9905,0.2686,2026-09-24
sfzinstruments/MTG.SoloSax/MTG Solo Saxophones/Samples/bar_f_19.flac,359970,https://freesound.org/people/MTG/sounds/359970/,Sax Baritone - F#2,MTG,"Music Technology Group, Universitat Pompeu Fabra (good-sounds.org)",CC-BY-3.0,http://creativecommons.org/licenses/by/3.0/,https://freesound.org/people/MTG/packs/20253/,5257,0.987,0.5786,2026-09-24
sfzinstruments/MTG.SoloSax/MTG Solo Saxophones/Samples/bar_f_20.flac,359971,https://freesound.org/people/MTG/sounds/359971/,Sax Baritone - G2,MTG,"Music Technology Group, Universitat Pompeu Fabra (good-sounds.org)",CC-BY-3.0,http://creativecommons.org/licenses/by/3.0/,https://freesound.org/people/MTG/packs/20253/,5258,0.9911,0.5604,2026-09-24
sfzinstruments/MTG.SoloSax/MTG Solo Saxophones/Samples/bar_f_21.flac,359972,https://freesound.org/people/MTG/sounds/359972/,Sax Baritone - G#2,MTG,"Music Technology Group, Universitat Pompeu Fabra (good-sounds.org)",CC-BY-3.0,http://creativecommons.org/licenses/by/3.0/,https://freesound.org/people/MTG/packs/20253/,5259,0.9906,0.5109,2026-09-24
sfzinstruments/MTG.SoloSax/MTG Solo Saxophones/Samples/bar_f_22.flac,359973,https://freesound.org/people/MTG/sounds/359973/,Sax Baritone - A2,MTG,"Music Technology Group, Universitat Pompeu Fabra (good-sounds.org)",CC-BY-3.0,http://creativecommons.org/licenses/by/3.0/,https://freesound.org/people/MTG/packs/20253/,5260,0.996,0.5153,2026-09-24
sfzinstruments/MTG.SoloSax/MTG Solo Saxophones/Samples/bar_f_23.flac,359974,https://freesound.org/people/MTG/sounds/359974/,Sax Baritone - A#2,MTG,"Music Technology Group, Universitat Pompeu Fabra (good-sounds.org)",CC-BY-3.0,http://creativecommons.org/licenses/by/3.0/,https://freesound.org/people/MTG/packs/20253/,5261,1.0,0.8176,2026-09-24
sfzinstruments/MTG.SoloSax/MTG Solo Saxophones/Samples/bar_f_24.flac,359975,https://freesound.org/people/MTG/sounds/359975/,Sax Baritone - B2,MTG,"Music Technology Group, Universitat Pompeu Fabra (good-sounds.org)",CC-BY-3.0,http://creativecommons.org/licenses/by/3.0/,https://freesound.org/people/MTG/packs/20253/,5262,0.9944,0.7564,2026-09-24
sfzinstruments/MTG.SoloSax/MTG Solo Saxophones/Samples/bar_f_25.flac,359976,https://freesound.org/people/MTG/sounds/359976/,Sax Baritone - C3,MTG,"Music Technology Group, Universitat Pompeu Fabra (good-sounds.org)",CC-BY-3.0,http://creativecommons.org/licenses/by/3.0/,https://freesound.org/people/MTG/packs/20253/,5263,0.989,0.4346,2026-09-24
sfzinstruments/MTG.SoloSax/MTG Solo Saxophones/Samples/bar_f_26.flac,359977,https://freesound.org/people/MTG/sounds/359977/,Sax Baritone - C#3,MTG,"Music Technology Group, Universitat Pompeu Fabra (good-sounds.org)",CC-BY-3.0,http://creativecommons.org/licenses/by/3.0/,https://freesound.org/people/MTG/packs/20253/,5264,1.0,0.6775,2026-09-24
sfzinstruments/MTG.SoloSax/MTG Solo Saxophones/Samples/bar_f_27.flac,359978,https://freesound.org/people/MTG/sounds/359978/,Sax Baritone - D3,MTG,"Music Technology Group, Universitat Pompeu Fabra (good-sounds.org)",CC-BY-3.0,http://creativecommons.org/licenses/by/3.0/,https://freesound.org/people/MTG/packs/20253/,5265,0.9935,0.7366,2026-09-24
sfzinstruments/MTG.SoloSax/MTG Solo Saxophones/Samples/bar_f_28.flac,359979,https://freesound.org/people/MTG/sounds/359979/,Sax Baritone - D#3,MTG,"Music Technology Group, Universitat Pompeu Fabra (good-sounds.org)",CC-BY-3.0,http://creativecommons.org/licenses/by/3.0/,https://freesound.org/people/MTG/packs/20253/,5266,1.0,0.6094,2026-09-24
sfzinstruments/MTG.SoloSax/MTG Solo Saxophones/Samples/bar_f_29.flac,359980,https://freesound.org/people/MTG/sounds/359980/,Sax Baritone - E3,MTG,"Music Technology Group, Universitat Pompeu Fabra (good-sounds.org)",CC-BY-3.0,http://creativecommons.org/licenses/by/3.0/,https://freesound.org/people/MTG/packs/20253/,5267,0.9873,0.5672,2026-09-24
sfzinstruments/MTG.SoloSax/MTG Solo Saxophones/Samples/bar_f_30.flac,359981,https://freesound.org/people/MTG/sounds/359981/,Sax Baritone - F3,MTG,"Music Technology Group, Universitat Pompeu Fabra (good-sounds.org)",CC-BY-3.0,http://creativecommons.org/licenses/by/3.0/,https://freesound.org/people/MTG/packs/20253/,5268,0.9905,0.3308,2026-09-24
sfzinstruments/MTG.SoloSax/MTG Solo Saxophones/Samples/bar_f_31.flac,359982,https://freesound.org/people/MTG/sounds/359982/,Sax Baritone - F#3,MTG,"Music Technology Group, Universitat Pompeu Fabra (good-sounds.org)",CC-BY-3.0,http://creativecommons.org/licenses/by/3.0/,https://freesound.org/people/MTG/packs/20253/,5269,0.9972,0.2994,2026-09-24
sfzinstruments/MTG.SoloSax/MTG Solo Saxophones/Samples/bar_f_32.flac,359983,https://freesound.org/people/MTG/sounds/359983/,Sax Baritone - G3,MTG,"Music Technology Group, Universitat Pompeu Fabra (good-sounds.org)",CC-BY-3.0,http://creativecommons.org/licenses/by/3.0/,https://freesound.org/people/MTG/packs/20253/,5270,0.9775,0.349,2026-09-24
sfzinstruments/MTG.SoloSax/MTG Solo Saxophones/Samples/bar_f_33.flac,359984,https://freesound.org/people/MTG/sounds/359984/,Sax Baritone - G#3,MTG,"Music Technology Group, Universitat Pompeu Fabra (good-sounds.org)",CC-BY-3.0,http://creativecommons.org/licenses/by/3.0/,https://freesound.org/people/MTG/packs/20253/,5271,0.9833,0.8274,2026-09-24
sfzinstruments/MTG.SoloSax/MTG Solo Saxophones/Samples/bar_f_34.flac,359985,https://freesound.org/people/MTG/sounds/359985/,Sax Baritone - A3,MTG,"Music Technology Group, Universitat Pompeu Fabra (good-sounds.org)",CC-BY-3.0,http://creativecommons.org/licenses/by/3.0/,https://freesound.org/people/MTG/packs/20253/,5272,0.9983,0.3128,2026-09-24
sfzinstruments/MTG.SoloSax/MTG Solo Saxophones/Samples/bar_m_01.flac,359986,https://freesound.org/people/MTG/sounds/359986/,Sax Baritone - C2,MTG,"Music Technology Group, Universitat Pompeu Fabra (good-sounds.org)",CC-BY-3.0,http://creativecommons.org/licenses/by/3.0/,https://freesound.org/people/MTG/packs/20253/,5273,0.9954,0.3136,2026-09-24
sfzinstruments/MTG.SoloSax/MTG Solo Saxophones/Samples/bar_m_02.flac,359988,https://freesound.org/people/MTG/sounds/359988/,Sax Baritone - D2,MTG,"Music Technology Group, Universitat Pompeu Fabra (good-sounds.org)",CC-BY-3.0,http://creativecommons.org/licenses/by/3.0/,https://freesound.org/people/MTG/packs/20253/,5275,0.9953,0.5654,2026-09-24
sfzinstruments/MTG.SoloSax/MTG Solo Saxophones/Samples/bar_m_03.flac,359989,https://freesound.org/people/MTG/sounds/359989/,Sax Baritone - D#2,MTG,"Music Technology Group, Universitat Pompeu Fabra (good-sounds.org)",CC-BY-3.0,http://creativecommons.org/licenses/by/3.0/,https://freesound.org/people/MTG/packs/20253/,5276,0.9944,0.7831,2026-09-24
sfzinstruments/MTG.SoloSax/MTG Solo Saxophones/Samples/bar_m_04.flac,359990,https://freesound.org/people/MTG/sounds/359990/,Sax Baritone - E2,MTG,"Music Technology Group, Universitat Pompeu Fabra (good-sounds.org)",CC-BY-3.0,http://creativecommons.org/licenses/by/3.0/,https://freesound.org/people/MTG/packs/20253/,5277,0.9912,0.8364,2026-09-24
sfzinstruments/MTG.SoloSax/MTG Solo Saxophones/Samples/bar_m_05.flac,359991,https://freesound.org/people/MTG/sounds/359991/,Sax Baritone - F2,MTG,"Music Technology Group, Universitat Pompeu Fabra (good-sounds.org)",CC-BY-3.0,http://creativecommons.org/licenses/by/3.0/,https://freesound.org/people/MTG/packs/20253/,5278,1.0,0.8316,2026-09-24
sfzinstruments/MTG.SoloSax/MTG Solo Saxophones/Samples/bar_m_06.flac,359992,https://freesound.org/people/MTG/sounds/359992/,Sax Baritone - F#2,MTG,"Music Technology Group, Universitat Pompeu Fabra (good-sounds.org)",CC-BY-3.0,http://creativecommons.org/licenses/by/3.0/,https://freesound.org/people/MTG/packs/20253/,5279,0.9677,0.3151,2026-09-24
sfzinstruments/MTG.SoloSax/MTG Solo Saxophones/Samples/bar_m_07.flac,359993,https://freesound.org/people/MTG/sounds/359993/,Sax Baritone - G2,MTG,"Music Technology Group, Universitat Pompeu Fabra (good-sounds.org)",CC-BY-3.0,http://creativecommons.org/licenses/by/3.0/,https://freesound.org/people/MTG/packs/20253/,5280,0.9851,0.535,2026-09-24
sfzinstruments/MTG.SoloSax/MTG Solo Saxophones/Samples/bar_m_08.flac,359994,https://freesound.org/people/MTG/sounds/359994/,Sax Baritone - G#2,MTG,"Music Technology Group, Universitat Pompeu Fabra (good-sounds.org)",CC-BY-3.0,http://creativecommons.org/licenses/by/3.0/,https://freesound.org/people/MTG/packs/20253/,5281,0.9826,0.4816,2026-09-24
sfzinstruments/MTG.SoloSax/MTG Solo Saxophones/Samples/bar_m_09.flac,359995,https://freesound.org/people/MTG/sounds/359995/,Sax Baritone - A2,MTG,"Music Technology Group, Universitat Pompeu Fabra (good-sounds.org)",CC-BY-3.0,http://creativecommons.org/licenses/by/3.0/,https://freesound.org/people/MTG/packs/20253/,5282,0.9854,0.4282,2026-09-24
sfzinstruments/MTG.SoloSax/MTG Solo Saxophones/Samples/bar_m_10.flac,359996,https://freesound.org/people/MTG/sounds/359996/,Sax Baritone - A#2,MTG,"Music Technology Group, Universitat Pompeu Fabra (good-sounds.org)",CC-BY-3.0,http://creativecommons.org/licenses/by/3.0/,https://freesound.org/people/MTG/packs/20253/,5283,0.9848,0.6099,2026-09-24
sfzinstruments/MTG.SoloSax/MTG Solo Saxophones/Samples/bar_m_11.flac,359997,https://freesound.org/people/MTG/sounds/359997/,Sax Baritone - B2,MTG,"Music Technology Group, Universitat Pompeu Fabra (good-sounds.org)",CC-BY-3.0,http://creativecommons.org/licenses/by/3.0/,https://freesound.org/people/MTG/packs/20253/,5284,0.994,0.2261,2026-09-24
sfzinstruments/MTG.SoloSax/MTG Solo Saxophones/Samples/bar_m_12.flac,359998,https://freesound.org/people/MTG/sounds/359998/,Sax Baritone - C3,MTG,"Music Technology Group, Universitat Pompeu Fabra (good-sounds.org)",CC-BY-3.0,http://creativecommons.org/licenses/by/3.0/,https://freesound.org/people/MTG/packs/20253/,5285,0.9805,0.6303,2026-09-24
sfzinstruments/MTG.SoloSax/MTG Solo Saxophones/Samples/bar_m_13.flac,359999,https://freesound.org/people/MTG/sounds/359999/,Sax Baritone - C#3,MTG,"Music Technology Group, Universitat Pompeu Fabra (good-sounds.org)",CC-BY-3.0,http://creativecommons.org/licenses/by/3.0/,https://freesound.org/people/MTG/packs/20253/,5286,0.9926,0.6911,2026-09-24
sfzinstruments/MTG.SoloSax/MTG Solo Saxophones/Samples/bar_m_14.flac,360000,https://freesound.org/people/MTG/sounds/360000/,Sax Baritone - D3,MTG,"Music Technology Group, Universitat Pompeu Fabra (good-sounds.org)",CC-BY-3.0,http://creativecommons.org/licenses/by/3.0/,https://freesound.org/people/MTG/packs/20253/,5287,1.0,0.6469,2026-09-24
sfzinstruments/MTG.SoloSax/MTG Solo Saxophones/Samples/bar_m_15.flac,360001,https://freesound.org/people/MTG/sounds/360001/,Sax Baritone - D#3,MTG,"Music Technology Group, Universitat Pompeu Fabra (good-sounds.org)",CC-BY-3.0,http://creativecommons.org/licenses/by/3.0/,https://freesound.org/people/MTG/packs/20253/,5288,0.9854,0.6958,2026-09-24
sfzinstruments/MTG.SoloSax/MTG Solo Saxophones/Samples/bar_m_16.flac,360002,https://freesound.org/people/MTG/sounds/360002/,Sax Baritone - E3,MTG,"Music Technology Group, Universitat Pompeu Fabra (good-sounds.org)",CC-BY-3.0,http://creativecommons.org/licenses/by/3.0/,https://freesound.org/people/MTG/packs/20253/,5289,1.0,0.4317,2026-09-24
sfzinstruments/MTG.SoloSax/MTG Solo Saxophones/Samples/bar_m_17.flac,360003,https://freesound.org/people/MTG/sounds/360003/,Sax Baritone - F3,MTG,"Music Technology Group, Universitat Pompeu Fabra (good-sounds.org)",CC-BY-3.0,http://creativecommons.org/licenses/by/3.0/,https://freesound.org/people/MTG/packs/20253/,5290,0.9846,0.7633,2026-09-24
sfzinstruments/MTG.SoloSax/MTG Solo Saxophones/Samples/bar_m_18.flac,360004,https://freesound.org/people/MTG/sounds/360004/,Sax Baritone - F#3,MTG,"Music Technology Group, Universitat Pompeu Fabra (good-sounds.org)",CC-BY-3.0,http://creativecommons.org/licenses/by/3.0/,https://freesound.org/people/MTG/packs/20253/,5291,0.9794,0.1306,2026-09-24
sfzinstruments/MTG.SoloSax/MTG Solo Saxophones/Samples/bar_m_19.flac,360005,https://freesound.org/people/MTG/sounds/360005/,Sax Baritone - G3,MTG,"Music Technology Group, Universitat Pompeu Fabra (good-sounds.org)",CC-BY-3.0,http://creativecommons.org/licenses/by/3.0/,https://freesound.org/people/MTG/packs/20253/,5292,0.9913,0.2053,2026-09-24
sfzinstruments/MTG.SoloSax/MTG Solo Saxophones/Samples/bar_m_20.flac,360006,https://freesound.org/people/MTG/sounds/360006/,Sax Baritone - G#3,MTG,"Music Technology Group, Universitat Pompeu Fabra (good-sounds.org)",CC-BY-3.0,http://creativecommons.org/licenses/by/3.0/,https://freesound.org/people/MTG/packs/20253/,5293,0.9911,0.3791,2026-09-24
sfzinstruments/MTG.SoloSax/MTG Solo Saxophones/Samples/bar_m_21.flac,360007,https://freesound.org/people/MTG/sounds/360007/,Sax Baritone - A3,MTG,"Music Technology Group, Universitat Pompeu Fabra (good-sounds.org)",CC-BY-3.0,http://creativecommons.org/licenses/by/3.0/,https://freesound.org/people/MTG/packs/20253/,5294,0.9828,0.5256,2026-09-24
sfzinstruments/MTG.SoloSax/MTG Solo Saxophones/Samples/bar_m_22.flac,360008,https://freesound.org/people/MTG/sounds/360008/,Sax Baritone - C2,MTG,"Music Technology Group, Universitat Pompeu Fabra (good-sounds.org)",CC-BY-3.0,http://creativecommons.org/licenses/by/3.0/,https://freesound.org/people/MTG/packs/20253/,5295,0.9921,0.5852,2026-09-24
sfzinstruments/MTG.SoloSax/MTG Solo Saxophones/Samples/bar_m_23.flac,360009,https://freesound.org/people/MTG/sounds/360009/,Sax Baritone - C#2,MTG,"Music Technology Group, Universitat Pompeu Fabra (good-sounds.org)",CC-BY-3.0,http://creativecommons.org/licenses/by/3.0/,https://freesound.org/people/MTG/packs/20253/,5296,0.9975,0.8006,2026-09-24
sfzinstruments/MTG.SoloSax/MTG Solo Saxophones/Samples/bar_m_24.flac,360010,https://freesound.org/people/MTG/sounds/360010/,Sax Baritone - D2,MTG,"Music Technology Group, Universitat Pompeu Fabra (good-sounds.org)",CC-BY-3.0,http://creativecommons.org/licenses/by/3.0/,https://freesound.org/people/MTG/packs/20253/,5297,1.0,0.6618,2026-09-24
sfzinstruments/MTG.SoloSax/MTG Solo Saxophones/Samples/bar_m_25.flac,360011,https://freesound.org/people/MTG/sounds/360011/,Sax Baritone - D#2,MTG,"Music Technology Group, Universitat Pompeu Fabra (good-sounds.org)",CC-BY-3.0,http://creativecommons.org/licenses/by/3.0/,https://freesound.org/people/MTG/packs/20253/,5298,1.0,0.3889,2026-09-24
sfzinstruments/MTG.SoloSax/MTG Solo Saxophones/Samples/bar_m_26.flac,360012,https://freesound.org/people/MTG/sounds/360012/,Sax Baritone - E2,MTG,"Music Technology Group, Universitat Pompeu Fabra (good-sounds.org)",CC-BY-3.0,http://creativecommons.org/licenses/by/3.0/,https://freesound.org/people/MTG/packs/20253/,5299,0.9883,0.4211,2026-09-24
sfzinstruments/MTG.SoloSax/MTG Solo Saxophones/Samples/bar_m_27.flac,360013,https://freesound.org/people/MTG/sounds/360013/,Sax Baritone - F2,MTG,"Music Technology Group, Universitat Pompeu Fabra (good-sounds.org)",CC-BY-3.0,http://creativecommons.org/licenses/by/3.0/,https://freesound.org/people/MTG/packs/20253/,5300,0.9811,0.3712,2026-09-24
sfzinstruments/MTG.SoloSax/MTG Solo Saxophones/Samples/bar_m_28.flac,360014,https://freesound.org/people/MTG/sounds/360014/,Sax Baritone - F#2,MTG,"Music Technology Group, Universitat Pompeu Fabra (good-sounds.org)",CC-BY-3.0,http://creativecommons.org/licenses/by/3.0/,https://freesound.org/people/MTG/packs/20253/,5301,1.0,0.5833,2026-09-24
sfzinstruments/MTG.SoloSax/MTG Solo Saxophones/Samples/bar_m_29.flac,360015,https://freesound.org/people/MTG/sounds/360015/,Sax Baritone - G2,MTG,"Music Technology Group, Universitat Pompeu Fabra (good-sounds.org)",CC-BY-3.0,http://creativecommons.org/licenses/by/3.0/,https://freesound.org/people/MTG/packs/20253/,5302,0.9951,0.5022,2026-09-24
sfzinstruments/MTG.SoloSax/MTG Solo Saxophones/Samples/bar_m_30.flac,360016,https://freesound.org/people/MTG/sounds/360016/,Sax Baritone - G#2,MTG,"Music Technology Group, Universitat Pompeu Fabra (good-sounds.org)",CC-BY-3.0,http://creativecommons.org/licenses/by/3.0/,https://freesound.org/people/MTG/packs/20253/,5303,1.0,0.2207,2026-09-24
sfzinstruments/MTG.SoloSax/MTG Solo Saxophones/Samples/bar_m_31.flac,360017,https://freesound.org/people/MTG/sounds/360017/,Sax Baritone - A2,MTG,"Music Technology Group, Universitat Pompeu Fabra (good-sounds.org)",CC-BY-3.0,http://creativecommons.org/licenses/by/3.0/,https://freesound.org/people/MTG/packs/20253/,5304,0.995,0.0651,2026-09-24
sfzinstruments/MTG.SoloSax/MTG Solo Saxophones/Samples/bar_m_32.flac,360018,https://freesound.org/people/MTG/sounds/360018/,Sax Baritone - A#2,MTG,"Music Technology Group, Universitat Pompeu Fabra (good-sounds.org)",CC-BY-3.0,http://creativecommons.org/licenses/by/3.0/,https://freesound.org/people/MTG/packs/20253/,5305,0.9955,0.2966,2026-09-24
sfzinstruments/MTG.SoloSax/MTG Solo Saxophones/Samples/bar_m_33.flac,360019,https://freesound.org/people/MTG/sounds/360019/,Sax Baritone - B2,MTG,"Music Technology Group, Universitat Pompeu Fabra (good-sounds.org)",CC-BY-3.0,http://creativecommons.org/licenses/by/3.0/,https://freesound.org/people/MTG/packs/20253/,5306,0.9669,0.6684,2026-09-24
sfzinstruments/MTG.SoloSax/MTG Solo Saxophones/Samples/bar_m_34.flac,360020,https://freesound.org/people/MTG/sounds/360020/,Sax Baritone - C3,MTG,"Music Technology Group, Universitat Pompeu Fabra (good-sounds.org)",CC-BY-3.0,http://creativecommons.org/licenses/by/3.0/,https://freesound.org/people/MTG/packs/20253/,5307,1.0,0.3595,2026-09-24
sfzinstruments/MTG.SoloSax/MTG Solo Saxophones/Samples/bar_p_02.flac,359987,https://freesound.org/people/MTG/sounds/359987/,Sax Baritone - C#2,MTG,"Music Technology Group, Universitat Pompeu Fabra (good-sounds.org)",CC-BY-3.0,http://creativecommons.org/licenses/by/3.0/,https://freesound.org/people/MTG/packs/20253/,5274,0.9956,0.8647,2026-09-24
sfzinstruments/MTG.SoloSax/MTG Solo Saxophones/Samples/bar_p_04.flac,360024,https://freesound.org/people/MTG/sounds/360024/,Sax Baritone - E3,MTG,"Music Technology Group, Universitat Pompeu Fabra (good-sounds.org)",CC-BY-3.0,http://creativecommons.org/licenses/by/3.0/,https://freesound.org/people/MTG/packs/20253/,5311,1.0,0.4507,2026-09-24
sfzinstruments/MTG.SoloSax/MTG Solo Saxophones/Samples/bar_p_05.flac,360025,https://freesound.org/people/MTG/sounds/360025/,Sax Baritone - F3,MTG,"Music Technology Group, Universitat Pompeu Fabra (good-sounds.org)",CC-BY-3.0,http://creativecommons.org/licenses/by/3.0/,https://freesound.org/people/MTG/packs/20253/,5312,0.9967,0.8628,2026-09-24
sfzinstruments/MTG.SoloSax/MTG Solo Saxophones/Samples/bar_p_06.flac,360026,https://freesound.org/people/MTG/sounds/360026/,Sax Baritone - F#3,MTG,"Music Technology Group, Universitat Pompeu Fabra (good-sounds.org)",CC-BY-3.0,http://creativecommons.org/licenses/by/3.0/,https://freesound.org/people/MTG/packs/20253/,5313,0.9869,0.5492,2026-09-24
sfzinstruments/MTG.SoloSax/MTG Solo Saxophones/Samples/bar_p_07.flac,360027,https://freesound.org/people/MTG/sounds/360027/,Sax Baritone - G3,MTG,"Music Technology Group, Universitat Pompeu Fabra (good-sounds.org)",CC-BY-3.0,http://creativecommons.org/licenses/by/3.0/,https://freesound.org/people/MTG/packs/20253/,5314,0.9896,0.5419,2026-09-24
sfzinstruments/MTG.SoloSax/MTG Solo Saxophones/Samples/bar_p_08.flac,360028,https://freesound.org/people/MTG/sounds/360028/,Sax Baritone - G#3,MTG,"Music Technology Group, Universitat Pompeu Fabra (good-sounds.org)",CC-BY-3.0,http://creativecommons.org/licenses/by/3.0/,https://freesound.org/people/MTG/packs/20253/,5315,0.992,0.4793,2026-09-24
sfzinstruments/MTG.SoloSax/MTG Solo Saxophones/Samples/bar_p_09.flac,360029,https://freesound.org/people/MTG/sounds/360029/,Sax Baritone - A3,MTG,"Music Technology Group, Universitat Pompeu Fabra (good-sounds.org)",CC-BY-3.0,http://creativecommons.org/licenses/by/3.0/,https://freesound.org/people/MTG/packs/20253/,5316,1.0,0.4838,2026-09-24
sfzinstruments/MTG.SoloSax/MTG Solo Saxophones/Samples/bar_p_10.flac,360030,https://freesound.org/people/MTG/sounds/360030/,Sax Baritone - C2,MTG,"Music Technology Group, Universitat Pompeu Fabra (good-sounds.org)",CC-BY-3.0,http://creativecommons.org/licenses/by/3.0/,https://freesound.org/people/MTG/packs/20253/,5317,1.0,0.6893,2026-09-24
sfzinstruments/MTG.SoloSax/MTG Solo Saxophones/Samples/bar_p_11.flac,360031,https://freesound.org/people/MTG/sounds/360031/,Sax Baritone - C#2,MTG,"Music Technology Group, Universitat Pompeu Fabra (good-sounds.org)",CC-BY-3.0,http://creativecommons.org/licenses/by/3.0/,https://freesound.org/people/MTG/packs/20253/,5318,0.9844,0.6699,2026-09-24
sfzinstruments/MTG.SoloSax/MTG Solo Saxophones/Samples/bar_p_12.flac,360032,https://freesound.org/people/MTG/sounds/360032/,Sax Baritone - D2,MTG,"Music Technology Group, Universitat Pompeu Fabra (good-sounds.org)",CC-BY-3.0,http://creativecommons.org/licenses/by/3.0/,https://freesound.org/people/MTG/packs/20253/,5319,0.9955,0.771,2026-09-24
sfzinstruments/MTG.SoloSax/MTG Solo Saxophones/Samples/bar_p_13.flac,360033,https://freesound.org/people/MTG/sounds/360033/,Sax Baritone - D#2,MTG,"Music Technology Group, Universitat Pompeu Fabra (good-sounds.org)",CC-BY-3.0,http://creativecommons.org/licenses/by/3.0/,https://freesound.org/people/MTG/packs/20253/,5320,0.9937,0.701,2026-09-24
sfzinstruments/MTG.SoloSax/MTG Solo Saxophones/Samples/bar_p_14.flac,360034,https://freesound.org/people/MTG/sounds/360034/,Sax Baritone - E2,MTG,"Music Technology Group, Universitat Pompeu Fabra (good-sounds.org)",CC-BY-3.0,http://creativecommons.org/licenses/by/3.0/,https://freesound.org/people/MTG/packs/20253/,5321,0.9972,0.8713,2026-09-24
sfzinstruments/MTG.SoloSax/MTG Solo Saxophones/Samples/bar_p_15.flac,360035,https://freesound.org/people/MTG/sounds/360035/,Sax Baritone - F2,MTG,"Music Technology Group, Universitat Pompeu Fabra (good-sounds.org)",CC-BY-3.0,http://creativecommons.org/licenses/by/3.0/,https://freesound.org/people/MTG/packs/20253/,5322,0.9938,0.1592,2026-09-24
sfzinstruments/MTG.SoloSax/MTG Solo Saxophones/Samples/bar_p_16.flac,360036,https://freesound.org/people/MTG/sounds/360036/,Sax Baritone - F#2,MTG,"Music Technology Group, Universitat Pompeu Fabra (good-sounds.org)",CC-BY-3.0,http://creativecommons.org/licenses/by/3.0/,https://freesound.org/people/MTG/packs/20253/,5323,0.9513,0.5301,2026-09-24
sfzinstruments/MTG.SoloSax/MTG Solo Saxophones/Samples/bar_p_17.flac,360037,https://freesound.org/people/MTG/sounds/360037/,Sax Baritone - G2,MTG,"Music Technology Group, Universitat Pompeu Fabra (good-sounds.org)",CC-BY-3.0,http://creativecommons.org/licenses/by/3.0/,https://freesound.org/people/MTG/packs/20253/,5324,0.9472,0.7601,2026-09-24
sfzinstruments/MTG.SoloSax/MTG Solo Saxophones/Samples/bar_p_18.flac,360038,https://freesound.org/people/MTG/sounds/360038/,Sax Baritone - G#2,MTG,"Music Technology Group, Universitat Pompeu Fabra (good-sounds.org)",CC-BY-3.0,http://creativecommons.org/licenses/by/3.0/,https://freesound.org/people/MTG/packs/20253/,5325,1.0,0.2592,2026-09-24
sfzinstruments/MTG.SoloSax/MTG Solo Saxophones/Samples/bar_p_19.flac,360039,https://freesound.org/people/MTG/sounds/360039/,Sax Baritone - A2,MTG,"Music Technology Group, Universitat Pompeu Fabra (good-sounds.org)",CC-BY-3.0,http://creativecommons.org/licenses/by/3.0/,https://freesound.org/people/MTG/packs/20253/,5326,0.9809,0.5094,2026-09-24
sfzinstruments/MTG.SoloSax/MTG Solo Saxophones/Samples/bar_p_20.flac,360040,https://freesound.org/people/MTG/sounds/360040/,Sax Baritone - A#2,MTG,"Music Technology Group, Universitat Pompeu Fabra (good-sounds.org)",CC-BY-3.0,http://creativecommons.org/licenses/by/3.0/,https://freesound.org/people/MTG/packs/20253/,5327,0.991,0.1506,2026-09-24
sfzinstruments/MTG.SoloSax/MTG Solo Saxophones/Samples/bar_p_21.flac,360041,https://freesound.org/people/MTG/sounds/360041/,Sax Baritone - B2,MTG,"Music Technology Group, Universitat Pompeu Fabra (good-sounds.org)",CC-BY-3.0,http://creativecommons.org/licenses/by/3.0/,https://freesound.org/people/MTG/packs/20253/,5328,1.0,0.3535,2026-09-24
sfzinstruments/MTG.SoloSax/MTG Solo Saxophones/Samples/bar_p_22.flac,360042,https://freesound.org/people/MTG/sounds/360042/,Sax Baritone - C3,MTG,"Music Technology Group, Universitat Pompeu Fabra (good-sounds.org)",CC-BY-3.0,http://creativecommons.org/licenses/by/3.0/,https://freesound.org/people/MTG/packs/20253/,5329,1.0,0.2441,2026-09-24
sfzinstruments/MTG.SoloSax/MTG Solo Saxophones/Samples/bar_p_23.flac,360043,https://freesound.org/people/MTG/sounds/360043/,Sax Baritone - C#3,MTG,"Music Technology Group, Universitat Pompeu Fabra (good-sounds.org)",CC-BY-3.0,http://creativecommons.org/licenses/by/3.0/,https://freesound.org/people/MTG/packs/20253/,5330,1.0,0.4163,2026-09-24
sfzinstruments/MTG.SoloSax/MTG Solo Saxophones/Samples/bar_p_24.flac,360044,https://freesound.org/people/MTG/sounds/360044/,Sax Baritone - D3,MTG,"Music Technology Group, Universitat Pompeu Fabra (good-sounds.org)",CC-BY-3.0,http://creativecommons.org/licenses/by/3.0/,https://freesound.org/people/MTG/packs/20253/,5331,0.9968,0.1845,2026-09-24
sfzinstruments/MTG.SoloSax/MTG Solo Saxophones/Samples/bar_p_25.flac,360045,https://freesound.org/people/MTG/sounds/360045/,Sax Baritone - D#3,MTG,"Music Technology Group, Universitat Pompeu Fabra (good-sounds.org)",CC-BY-3.0,http://creativecommons.org/licenses/by/3.0/,https://freesound.org/people/MTG/packs/20253/,5332,0.9931,0.1355,2026-09-24
sfzinstruments/MTG.SoloSax/MTG Solo Saxophones/Samples/bar_p_26.flac,360046,https://freesound.org/people/MTG/sounds/360046/,Sax Baritone - E3,MTG,"Music Technology Group, Universitat Pompeu Fabra (good-sounds.org)",CC-BY-3.0,http://creativecommons.org/licenses/by/3.0/,https://freesound.org/people/MTG/packs/20253/,5333,0.9971,0.0636,2026-09-24
sfzinstruments/MTG.SoloSax/MTG Solo Saxophones/Samples/bar_p_27.flac,360047,https://freesound.org/people/MTG/sounds/360047/,Sax Baritone - F3,MTG,"Music Technology Group, Universitat Pompeu Fabra (good-sounds.org)",CC-BY-3.0,http://creativecommons.org/licenses/by/3.0/,https://freesound.org/people/MTG/packs/20253/,5334,0.9964,0.2545,2026-09-24
sfzinstruments/MTG.SoloSax/MTG Solo Saxophones/Samples/bar_p_28.flac,360048,https://freesound.org/people/MTG/sounds/360048/,Sax Baritone - F#3,MTG,"Music Technology Group, Universitat Pompeu Fabra (good-sounds.org)",CC-BY-3.0,http://creativecommons.org/licenses/by/3.0/,https://freesound.org/people/MTG/packs/20253/,5335,1.0,0.215,2026-09-24
sfzinstruments/MTG.SoloSax/MTG Solo Saxophones/Samples/bar_p_29.flac,360049,https://freesound.org/people/MTG/sounds/360049/,Sax Baritone - G3,MTG,"Music Technology Group, Universitat Pompeu Fabra (good-sounds.org)",CC-BY-3.0,http://creativecommons.org/licenses/by/3.0/,https://freesound.org/people/MTG/packs/20253/,5336,0.9974,0.2679,2026-09-24
sfzinstruments/MTG.SoloSax/MTG Solo Saxophones/Samples/bar_p_30.flac,360050,https://freesound.org/people/MTG/sounds/360050/,Sax Baritone - G#3,MTG,"Music Technology Group, Universitat Pompeu Fabra (good-sounds.org)",CC-BY-3.0,http://creativecommons.org/licenses/by/3.0/,https://freesound.org/people/MTG/packs/20253/,5337,0.9868,0.1029,2026-09-24
sfzinstruments/MTG.SoloSax/MTG Solo Saxophones/Samples/bar_p_31.flac,360051,https://freesound.org/people/MTG/sounds/360051/,Sax Baritone - A3,MTG,"Music Technology Group, Universitat Pompeu Fabra (good-sounds.org)",CC-BY-3.0,http://creativecommons.org/licenses/by/3.0/,https://freesound.org/people/MTG/packs/20253/,5338,0.994,0.0711,2026-09-24
sfzinstruments/MTG.SoloSax/MTG Solo Saxophones/Samples/bar_p_32.flac,360052,https://freesound.org/people/MTG/sounds/360052/,Sax Baritone - C2,MTG,"Music Technology Group, Universitat Pompeu Fabra (good-sounds.org)",CC-BY-3.0,http://creativecommons.org/licenses/by/3.0/,https://freesound.org/people/MTG/packs/20253/,5339,0.9975,0.1141,2026-09-24
sfzinstruments/MTG.SoloSax/MTG Solo Saxophones/Samples/bar_p_33.flac,360053,https://freesound.org/people/MTG/sounds/360053/,Sax Baritone - C#2,MTG,"Music Technology Group, Universitat Pompeu Fabra (good-sounds.org)",CC-BY-3.0,http://creativecommons.org/licenses/by/3.0/,https://freesound.org/people/MTG/packs/20253/,5340,1.0,0.2535,2026-09-24
sfzinstruments/MTG.SoloSax/MTG Solo Saxophones/Samples/bar_p_34.flac,360054,https://freesound.org/people/MTG/sounds/360054/,Sax Baritone - D2,MTG,"Music Technology Group, Universitat Pompeu Fabra (good-sounds.org)",CC-BY-3.0,http://creativecommons.org/licenses/by/3.0/,https://freesound.org/people/MTG/packs/20253/,5341,0.9933,0.3594,2026-09-24
sfzinstruments/MTG.SoloSax/MTG Solo Saxophones/Samples/sop_f_01.flac,359663,https://freesound.org/people/MTG/sounds/359663/,Sax Soprano - G#3,MTG,"Music Technology Group, Universitat Pompeu Fabra (good-sounds.org)",CC-BY-3.0,http://creativecommons.org/licenses/by/3.0/,https://freesound.org/people/MTG/packs/20251/,5572,0.9976,0.7208,2026-09-24
sfzinstruments/MTG.SoloSax/MTG Solo Saxophones/Samples/sop_f_02.flac,359664,https://freesound.org/people/MTG/sounds/359664/,Sax Soprano - A3,MTG,"Music Technology Group, Universitat Pompeu Fabra (good-sounds.org)",CC-BY-3.0,http://creativecommons.org/licenses/by/3.0/,https://freesound.org/people/MTG/packs/20251/,5573,0.9981,0.6287,2026-09-24
sfzinstruments/MTG.SoloSax/MTG Solo Saxophones/Samples/sop_f_03.flac,359665,https://freesound.org/people/MTG/sounds/359665/,Sax Soprano - A#3,MTG,"Music Technology Group, Universitat Pompeu Fabra (good-sounds.org)",CC-BY-3.0,http://creativecommons.org/licenses/by/3.0/,https://freesound.org/people/MTG/packs/20251/,5574,0.9989,0.4838,2026-09-24
sfzinstruments/MTG.SoloSax/MTG Solo Saxophones/Samples/sop_f_04.flac,359666,https://freesound.org/people/MTG/sounds/359666/,Sax Soprano - B3,MTG,"Music Technology Group, Universitat Pompeu Fabra (good-sounds.org)",CC-BY-3.0,http://creativecommons.org/licenses/by/3.0/,https://freesound.org/people/MTG/packs/20251/,5575,0.9996,0.8307,2026-09-24
sfzinstruments/MTG.SoloSax/MTG Solo Saxophones/Samples/sop_f_05.flac,359667,https://freesound.org/people/MTG/sounds/359667/,Sax Soprano - C4,MTG,"Music Technology Group, Universitat Pompeu Fabra (good-sounds.org)",CC-BY-3.0,http://creativecommons.org/licenses/by/3.0/,https://freesound.org/people/MTG/packs/20251/,5576,0.9979,0.6969,2026-09-24
sfzinstruments/MTG.SoloSax/MTG Solo Saxophones/Samples/sop_f_06.flac,359668,https://freesound.org/people/MTG/sounds/359668/,Sax Soprano - C#4,MTG,"Music Technology Group, Universitat Pompeu Fabra (good-sounds.org)",CC-BY-3.0,http://creativecommons.org/licenses/by/3.0/,https://freesound.org/people/MTG/packs/20251/,5577,1.0,0.6991,2026-09-24
sfzinstruments/MTG.SoloSax/MTG Solo Saxophones/Samples/sop_f_07.flac,359636,https://freesound.org/people/MTG/sounds/359636/,Sax Soprano - D4,MTG,"Music Technology Group, Universitat Pompeu Fabra (good-sounds.org)",CC-BY-3.0,http://creativecommons.org/licenses/by/3.0/,https://freesound.org/people/MTG/packs/20251/,5545,0.9953,0.5852,2026-09-24
sfzinstruments/MTG.SoloSax/MTG Solo Saxophones/Samples/sop_f_08.flac,359670,https://freesound.org/people/MTG/sounds/359670/,Sax Soprano - D#4,MTG,"Music Technology Group, Universitat Pompeu Fabra (good-sounds.org)",CC-BY-3.0,http://creativecommons.org/licenses/by/3.0/,https://freesound.org/people/MTG/packs/20251/,5579,0.9992,0.532,2026-09-24
sfzinstruments/MTG.SoloSax/MTG Solo Saxophones/Samples/sop_f_09.flac,359638,https://freesound.org/people/MTG/sounds/359638/,Sax Soprano - E4,MTG,"Music Technology Group, Universitat Pompeu Fabra (good-sounds.org)",CC-BY-3.0,http://creativecommons.org/licenses/by/3.0/,https://freesound.org/people/MTG/packs/20251/,5547,0.9995,0.5073,2026-09-24
sfzinstruments/MTG.SoloSax/MTG Solo Saxophones/Samples/sop_f_10.flac,359672,https://freesound.org/people/MTG/sounds/359672/,Sax Soprano - F4,MTG,"Music Technology Group, Universitat Pompeu Fabra (good-sounds.org)",CC-BY-3.0,http://creativecommons.org/licenses/by/3.0/,https://freesound.org/people/MTG/packs/20251/,5581,0.999,0.8802,2026-09-24
sfzinstruments/MTG.SoloSax/MTG Solo Saxophones/Samples/sop_f_11.flac,359640,https://freesound.org/people/MTG/sounds/359640/,Sax Soprano - F#4,MTG,"Music Technology Group, Universitat Pompeu Fabra (good-sounds.org)",CC-BY-3.0,http://creativecommons.org/licenses/by/3.0/,https://freesound.org/people/MTG/packs/20251/,5549,0.998,0.6515,2026-09-24
sfzinstruments/MTG.SoloSax/MTG Solo Saxophones/Samples/sop_f_12.flac,359641,https://freesound.org/people/MTG/sounds/359641/,Sax Soprano - G4,MTG,"Music Technology Group, Universitat Pompeu Fabra (good-sounds.org)",CC-BY-3.0,http://creativecommons.org/licenses/by/3.0/,https://freesound.org/people/MTG/packs/20251/,5550,0.9987,0.215,2026-09-24
sfzinstruments/MTG.SoloSax/MTG Solo Saxophones/Samples/sop_f_13.flac,359642,https://freesound.org/people/MTG/sounds/359642/,Sax Soprano - G#4,MTG,"Music Technology Group, Universitat Pompeu Fabra (good-sounds.org)",CC-BY-3.0,http://creativecommons.org/licenses/by/3.0/,https://freesound.org/people/MTG/packs/20251/,5551,1.0,0.6597,2026-09-24
sfzinstruments/MTG.SoloSax/MTG Solo Saxophones/Samples/sop_f_14.flac,359643,https://freesound.org/people/MTG/sounds/359643/,Sax Soprano - A4,MTG,"Music Technology Group, Universitat Pompeu Fabra (good-sounds.org)",CC-BY-3.0,http://creativecommons.org/licenses/by/3.0/,https://freesound.org/people/MTG/packs/20251/,5552,0.9972,0.3792,2026-09-24
sfzinstruments/MTG.SoloSax/MTG Solo Saxophones/Samples/sop_f_15.flac,359644,https://freesound.org/people/MTG/sounds/359644/,Sax Soprano - A#4,MTG,"Music Technology Group, Universitat Pompeu Fabra (good-sounds.org)",CC-BY-3.0,http://creativecommons.org/licenses/by/3.0/,https://freesound.org/people/MTG/packs/20251/,5553,0.9255,0.6049,2026-09-24
sfzinstruments/MTG.SoloSax/MTG Solo Saxophones/Samples/sop_f_16.flac,359645,https://freesound.org/people/MTG/sounds/359645/,Sax Soprano - B4,MTG,"Music Technology Group, Universitat Pompeu Fabra (good-sounds.org)",CC-BY-3.0,http://creativecommons.org/licenses/by/3.0/,https://freesound.org/people/MTG/packs/20251/,5554,0.9946,0.1377,2026-09-24
sfzinstruments/MTG.SoloSax/MTG Solo Saxophones/Samples/sop_f_17.flac,359679,https://freesound.org/people/MTG/sounds/359679/,Sax Soprano - C5,MTG,"Music Technology Group, Universitat Pompeu Fabra (good-sounds.org)",CC-BY-3.0,http://creativecommons.org/licenses/by/3.0/,https://freesound.org/people/MTG/packs/20251/,5588,0.9988,0.3055,2026-09-24
sfzinstruments/MTG.SoloSax/MTG Solo Saxophones/Samples/sop_f_18.flac,359680,https://freesound.org/people/MTG/sounds/359680/,Sax Soprano - C#5,MTG,"Music Technology Group, Universitat Pompeu Fabra (good-sounds.org)",CC-BY-3.0,http://creativecommons.org/licenses/by/3.0/,https://freesound.org/people/MTG/packs/20251/,5589,0.9988,0.2317,2026-09-24
sfzinstruments/MTG.SoloSax/MTG Solo Saxophones/Samples/sop_f_19.flac,359648,https://freesound.org/people/MTG/sounds/359648/,Sax Soprano - D5,MTG,"Music Technology Group, Universitat Pompeu Fabra (good-sounds.org)",CC-BY-3.0,http://creativecommons.org/licenses/by/3.0/,https://freesound.org/people/MTG/packs/20251/,5557,0.9995,0.3639,2026-09-24
sfzinstruments/MTG.SoloSax/MTG Solo Saxophones/Samples/sop_f_20.flac,359649,https://freesound.org/people/MTG/sounds/359649/,Sax Soprano - D#5,MTG,"Music Technology Group, Universitat Pompeu Fabra (good-sounds.org)",CC-BY-3.0,http://creativecommons.org/licenses/by/3.0/,https://freesound.org/people/MTG/packs/20251/,5558,0.9973,0.1081,2026-09-24
sfzinstruments/MTG.SoloSax/MTG Solo Saxophones/Samples/sop_f_21.flac,359650,https://freesound.org/people/MTG/sounds/359650/,Sax Soprano - E5,MTG,"Music Technology Group, Universitat Pompeu Fabra (good-sounds.org)",CC-BY-3.0,http://creativecommons.org/licenses/by/3.0/,https://freesound.org/people/MTG/packs/20251/,5559,0.9688,0.4884,2026-09-24
sfzinstruments/MTG.SoloSax/MTG Solo Saxophones/Samples/sop_f_22.flac,359651,https://freesound.org/people/MTG/sounds/359651/,Sax Soprano - F5,MTG,"Music Technology Group, Universitat Pompeu Fabra (good-sounds.org)",CC-BY-3.0,http://creativecommons.org/licenses/by/3.0/,https://freesound.org/people/MTG/packs/20251/,5560,0.9965,0.2453,2026-09-24
sfzinstruments/MTG.SoloSax/MTG Solo Saxophones/Samples/sop_f_23.flac,359652,https://freesound.org/people/MTG/sounds/359652/,Sax Soprano - F#5,MTG,"Music Technology Group, Universitat Pompeu Fabra (good-sounds.org)",CC-BY-3.0,http://creativecommons.org/licenses/by/3.0/,https://freesound.org/people/MTG/packs/20251/,5561,0.9984,0.4202,2026-09-24
sfzinstruments/MTG.SoloSax/MTG Solo Saxophones/Samples/sop_f_24.flac,359653,https://freesound.org/people/MTG/sounds/359653/,Sax Soprano - G5,MTG,"Music Technology Group, Universitat Pompeu Fabra (good-sounds.org)",CC-BY-3.0,http://creativecommons.org/licenses/by/3.0/,https://freesound.org/people/MTG/packs/20251/,5562,0.9987,0.6989,2026-09-24
sfzinstruments/MTG.SoloSax/MTG Solo Saxophones/Samples/sop_f_25.flac,359687,https://freesound.org/people/MTG/sounds/359687/,Sax Soprano - G#5,MTG,"Music Technology Group, Universitat Pompeu Fabra (good-sounds.org)",CC-BY-3.0,http://creativecommons.org/licenses/by/3.0/,https://freesound.org/people/MTG/packs/20251/,5596,0.9884,0.3186,2026-09-24
sfzinstruments/MTG.SoloSax/MTG Solo Saxophones/Samples/sop_f_26.flac,359655,https://freesound.org/people/MTG/sounds/359655/,Sax Soprano - A5,MTG,"Music Technology Group, Universitat Pompeu Fabra (good-sounds.org)",CC-BY-3.0,http://creativecommons.org/licenses/by/3.0/,https://freesound.org/people/MTG/packs/20251/,5564,1.0,0.4804,2026-09-24
sfzinstruments/MTG.SoloSax/MTG Solo Saxophones/Samples/sop_f_27.flac,359656,https://freesound.org/people/MTG/sounds/359656/,Sax Soprano - A#5,MTG,"Music Technology Group, Universitat Pompeu Fabra (good-sounds.org)",CC-BY-3.0,http://creativecommons.org/licenses/by/3.0/,https://freesound.org/people/MTG/packs/20251/,5565,0.999,0.4587,2026-09-24
sfzinstruments/MTG.SoloSax/MTG Solo Saxophones/Samples/sop_f_28.flac,359657,https://freesound.org/people/MTG/sounds/359657/,Sax Soprano - B5,MTG,"Music Technology Group, Universitat Pompeu Fabra (good-sounds.org)",CC-BY-3.0,http://creativecommons.org/licenses/by/3.0/,https://freesound.org/people/MTG/packs/20251/,5566,0.9985,0.0663,2026-09-24
sfzinstruments/MTG.SoloSax/MTG Solo Saxophones/Samples/sop_f_29.flac,359658,https://freesound.org/people/MTG/sounds/359658/,Sax Soprano - C6,MTG,"Music Technology Group, Universitat Pompeu Fabra (good-sounds.org)",CC-BY-3.0,http://creativecommons.org/licenses/by/3.0/,https://freesound.org/people/MTG/packs/20251/,5567,0.9997,0.2995,2026-09-24
sfzinstruments/MTG.SoloSax/MTG Solo Saxophones/Samples/sop_f_30.flac,359659,https://freesound.org/people/MTG/sounds/359659/,Sax Soprano - C#6,MTG,"Music Technology Group, Universitat Pompeu Fabra (good-sounds.org)",CC-BY-3.0,http://creativecommons.org/licenses/by/3.0/,https://freesound.org/people/MTG/packs/20251/,5568,0.9879,0.3641,2026-09-24
sfzinstruments/MTG.SoloSax/MTG Solo Saxophones/Samples/sop_f_31.flac,359660,https://freesound.org/people/MTG/sounds/359660/,Sax Soprano - D6,MTG,"Music Technology Group, Universitat Pompeu Fabra (good-sounds.org)",CC-BY-3.0,http://creativecommons.org/licenses/by/3.0/,https://freesound.org/people/MTG/packs/20251/,5569,0.9852,0.2884,2026-09-24
sfzinstruments/MTG.SoloSax/MTG Solo Saxophones/Samples/sop_f_32.flac,359661,https://freesound.org/people/MTG/sounds/359661/,Sax Soprano - D#6,MTG,"Music Technology Group, Universitat Pompeu Fabra (good-sounds.org)",CC-BY-3.0,http://creativecommons.org/licenses/by/3.0/,https://freesound.org/people/MTG/packs/20251/,5570,0.9837,0.3507,2026-09-24
sfzinstruments/MTG.SoloSax/MTG Solo Saxophones/Samples/sop_f_33.flac,359662,https://freesound.org/people/MTG/sounds/359662/,Sax Soprano - E6,MTG,"Music Technology Group, Universitat Pompeu Fabra (good-sounds.org)",CC-BY-3.0,http://creativecommons.org/licenses/by/3.0/,https://freesound.org/people/MTG/packs/20251/,5571,0.9361,0.128,2026-09-24
sfzinstruments/MTG.SoloSax/MTG Solo Saxophones/Samples/sop_p_01.flac,359630,https://freesound.org/people/MTG/sounds/359630/,Sax Soprano - G#3,MTG,"Music Technology Group, Universitat Pompeu Fabra (good-sounds.org)",CC-BY-3.0,http://creativecommons.org/licenses/by/3.0/,https://freesound.org/people/MTG/packs/20251/,5539,0.9991,0.7859,2026-09-24
sfzinstruments/MTG.SoloSax/MTG Solo Saxophones/Samples/sop_p_02.flac,359631,https://freesound.org/people/MTG/sounds/359631/,Sax Soprano - A3,MTG,"Music Technology Group, Universitat Pompeu Fabra (good-sounds.org)",CC-BY-3.0,http://creativecommons.org/licenses/by/3.0/,https://freesound.org/people/MTG/packs/20251/,5540,1.0,0.6905,2026-09-24
sfzinstruments/MTG.SoloSax/MTG Solo Saxophones/Samples/sop_p_03.flac,359632,https://freesound.org/people/MTG/sounds/359632/,Sax Soprano - A#3,MTG,"Music Technology Group, Universitat Pompeu Fabra (good-sounds.org)",CC-BY-3.0,http://creativecommons.org/licenses/by/3.0/,https://freesound.org/people/MTG/packs/20251/,5541,0.9913,0.2896,2026-09-24
sfzinstruments/MTG.SoloSax/MTG Solo Saxophones/Samples/sop_p_04.flac,359633,https://freesound.org/people/MTG/sounds/359633/,Sax Soprano - B3,MTG,"Music Technology Group, Universitat Pompeu Fabra (good-sounds.org)",CC-BY-3.0,http://creativecommons.org/licenses/by/3.0/,https://freesound.org/people/MTG/packs/20251/,5542,0.9996,0.7331,2026-09-24
sfzinstruments/MTG.SoloSax/MTG Solo Saxophones/Samples/sop_p_05.flac,359634,https://freesound.org/people/MTG/sounds/359634/,Sax Soprano - C4,MTG,"Music Technology Group, Universitat Pompeu Fabra (good-sounds.org)",CC-BY-3.0,http://creativecommons.org/licenses/by/3.0/,https://freesound.org/people/MTG/packs/20251/,5543,0.9991,0.4648,2026-09-24
sfzinstruments/MTG.SoloSax/MTG Solo Saxophones/Samples/sop_p_06.flac,359635,https://freesound.org/people/MTG/sounds/359635/,Sax Soprano - C#4,MTG,"Music Technology Group, Universitat Pompeu Fabra (good-sounds.org)",CC-BY-3.0,http://creativecommons.org/licenses/by/3.0/,https://freesound.org/people/MTG/packs/20251/,5544,0.9992,0.3028,2026-09-24
sfzinstruments/MTG.SoloSax/MTG Solo Saxophones/Samples/sop_p_07.flac,359669,https://freesound.org/people/MTG/sounds/359669/,Sax Soprano - D4,MTG,"Music Technology Group, Universitat Pompeu Fabra (good-sounds.org)",CC-BY-3.0,http://creativecommons.org/licenses/by/3.0/,https://freesound.org/people/MTG/packs/20251/,5578,0.9991,0.7036,2026-09-24
sfzinstruments/MTG.SoloSax/MTG Solo Saxophones/Samples/sop_p_08.flac,359637,https://freesound.org/people/MTG/sounds/359637/,Sax Soprano - D#4,MTG,"Music Technology Group, Universitat Pompeu Fabra (good-sounds.org)",CC-BY-3.0,http://creativecommons.org/licenses/by/3.0/,https://freesound.org/people/MTG/packs/20251/,5546,0.9985,0.5905,2026-09-24
sfzinstruments/MTG.SoloSax/MTG Solo Saxophones/Samples/sop_p_09.flac,359671,https://freesound.org/people/MTG/sounds/359671/,Sax Soprano - E4,MTG,"Music Technology Group, Universitat Pompeu Fabra (good-sounds.org)",CC-BY-3.0,http://creativecommons.org/licenses/by/3.0/,https://freesound.org/people/MTG/packs/20251/,5580,0.997,0.4977,2026-09-24
sfzinstruments/MTG.SoloSax/MTG Solo Saxophones/Samples/sop_p_10.flac,359639,https://freesound.org/people/MTG/sounds/359639/,Sax Soprano - F4,MTG,"Music Technology Group, Universitat Pompeu Fabra (good-sounds.org)",CC-BY-3.0,http://creativecommons.org/licenses/by/3.0/,https://freesound.org/people/MTG/packs/20251/,5548,0.9984,0.7129,2026-09-24
sfzinstruments/MTG.SoloSax/MTG Solo Saxophones/Samples/sop_p_11.flac,359673,https://freesound.org/people/MTG/sounds/359673/,Sax Soprano - F#4,MTG,"Music Technology Group, Universitat Pompeu Fabra (good-sounds.org)",CC-BY-3.0,http://creativecommons.org/licenses/by/3.0/,https://freesound.org/people/MTG/packs/20251/,5582,0.9989,0.6294,2026-09-24
sfzinstruments/MTG.SoloSax/MTG Solo Saxophones/Samples/sop_p_12.flac,359674,https://freesound.org/people/MTG/sounds/359674/,Sax Soprano - G4,MTG,"Music Technology Group, Universitat Pompeu Fabra (good-sounds.org)",CC-BY-3.0,http://creativecommons.org/licenses/by/3.0/,https://freesound.org/people/MTG/packs/20251/,5583,0.9964,0.3823,2026-09-24
sfzinstruments/MTG.SoloSax/MTG Solo Saxophones/Samples/sop_p_13.flac,359675,https://freesound.org/people/MTG/sounds/359675/,Sax Soprano - G#4,MTG,"Music Technology Group, Universitat Pompeu Fabra (good-sounds.org)",CC-BY-3.0,http://creativecommons.org/licenses/by/3.0/,https://freesound.org/people/MTG/packs/20251/,5584,0.9928,0.6489,2026-09-24
sfzinstruments/MTG.SoloSax/MTG Solo Saxophones/Samples/sop_p_14.flac,359676,https://freesound.org/people/MTG/sounds/359676/,Sax Soprano - A4,MTG,"Music Technology Group, Universitat Pompeu Fabra (good-sounds.org)",CC-BY-3.0,http://creativecommons.org/licenses/by/3.0/,https://freesound.org/people/MTG/packs/20251/,5585,0.9984,0.5358,2026-09-24
sfzinstruments/MTG.SoloSax/MTG Solo Saxophones/Samples/sop_p_15.flac,359677,https://freesound.org/people/MTG/sounds/359677/,Sax Soprano - A#4,MTG,"Music Technology Group, Universitat Pompeu Fabra (good-sounds.org)",CC-BY-3.0,http://creativecommons.org/licenses/by/3.0/,https://freesound.org/people/MTG/packs/20251/,5586,0.9927,0.6181,2026-09-24
sfzinstruments/MTG.SoloSax/MTG Solo Saxophones/Samples/sop_p_16.flac,359678,https://freesound.org/people/MTG/sounds/359678/,Sax Soprano - B4,MTG,"Music Technology Group, Universitat Pompeu Fabra (good-sounds.org)",CC-BY-3.0,http://creativecommons.org/licenses/by/3.0/,https://freesound.org/people/MTG/packs/20251/,5587,0.9972,0.2841,2026-09-24
sfzinstruments/MTG.SoloSax/MTG Solo Saxophones/Samples/sop_p_17.flac,359646,https://freesound.org/people/MTG/sounds/359646/,Sax Soprano - C5,MTG,"Music Technology Group, Universitat Pompeu Fabra (good-sounds.org)",CC-BY-3.0,http://creativecommons.org/licenses/by/3.0/,https://freesound.org/people/MTG/packs/20251/,5555,1.0,0.1801,2026-09-24
sfzinstruments/MTG.SoloSax/MTG Solo Saxophones/Samples/sop_p_18.flac,359647,https://freesound.org/people/MTG/sounds/359647/,Sax Soprano - C#5,MTG,"Music Technology Group, Universitat Pompeu Fabra (good-sounds.org)",CC-BY-3.0,http://creativecommons.org/licenses/by/3.0/,https://freesound.org/people/MTG/packs/20251/,5556,0.9982,0.2259,2026-09-24
sfzinstruments/MTG.SoloSax/MTG Solo Saxophones/Samples/sop_p_19.flac,359681,https://freesound.org/people/MTG/sounds/359681/,Sax Soprano - D5,MTG,"Music Technology Group, Universitat Pompeu Fabra (good-sounds.org)",CC-BY-3.0,http://creativecommons.org/licenses/by/3.0/,https://freesound.org/people/MTG/packs/20251/,5590,0.9986,0.3773,2026-09-24
sfzinstruments/MTG.SoloSax/MTG Solo Saxophones/Samples/sop_p_20.flac,359682,https://freesound.org/people/MTG/sounds/359682/,Sax Soprano - D#5,MTG,"Music Technology Group, Universitat Pompeu Fabra (good-sounds.org)",CC-BY-3.0,http://creativecommons.org/licenses/by/3.0/,https://freesound.org/people/MTG/packs/20251/,5591,0.9992,0.2751,2026-09-24
sfzinstruments/MTG.SoloSax/MTG Solo Saxophones/Samples/sop_p_21.flac,359683,https://freesound.org/people/MTG/sounds/359683/,Sax Soprano - E5,MTG,"Music Technology Group, Universitat Pompeu Fabra (good-sounds.org)",CC-BY-3.0,http://creativecommons.org/licenses/by/3.0/,https://freesound.org/people/MTG/packs/20251/,5592,1.0,0.4604,2026-09-24
sfzinstruments/MTG.SoloSax/MTG Solo Saxophones/Samples/sop_p_22.flac,359684,https://freesound.org/people/MTG/sounds/359684/,Sax Soprano - F5,MTG,"Music Technology Group, Universitat Pompeu Fabra (good-sounds.org)",CC-BY-3.0,http://creativecommons.org/licenses/by/3.0/,https://freesound.org/people/MTG/packs/20251/,5593,0.9993,0.1887,2026-09-24
sfzinstruments/MTG.SoloSax/MTG Solo Saxophones/Samples/sop_p_23.flac,359685,https://freesound.org/people/MTG/sounds/359685/,Sax Soprano - F#5,MTG,"Music Technology Group, Universitat Pompeu Fabra (good-sounds.org)",CC-BY-3.0,http://creativecommons.org/licenses/by/3.0/,https://freesound.org/people/MTG/packs/20251/,5594,0.9978,0.2103,2026-09-24
sfzinstruments/MTG.SoloSax/MTG Solo Saxophones/Samples/sop_p_24.flac,359686,https://freesound.org/people/MTG/sounds/359686/,Sax Soprano - G5,MTG,"Music Technology Group, Universitat Pompeu Fabra (good-sounds.org)",CC-BY-3.0,http://creativecommons.org/licenses/by/3.0/,https://freesound.org/people/MTG/packs/20251/,5595,0.9986,0.6854,2026-09-24
sfzinstruments/MTG.SoloSax/MTG Solo Saxophones/Samples/sop_p_25.flac,359654,https://freesound.org/people/MTG/sounds/359654/,Sax Soprano - G#5,MTG,"Music Technology Group, Universitat Pompeu Fabra (good-sounds.org)",CC-BY-3.0,http://creativecommons.org/licenses/by/3.0/,https://freesound.org/people/MTG/packs/20251/,5563,0.9916,0.3493,2026-09-24
sfzinstruments/MTG.SoloSax/MTG Solo Saxophones/Samples/sop_p_26.flac,359688,https://freesound.org/people/MTG/sounds/359688/,Sax Soprano - A5,MTG,"Music Technology Group, Universitat Pompeu Fabra (good-sounds.org)",CC-BY-3.0,http://creativecommons.org/licenses/by/3.0/,https://freesound.org/people/MTG/packs/20251/,5597,0.9995,0.25,2026-09-24
sfzinstruments/MTG.SoloSax/MTG Solo Saxophones/Samples/sop_p_27.flac,359689,https://freesound.org/people/MTG/sounds/359689/,Sax Soprano - A#5,MTG,"Music Technology Group, Universitat Pompeu Fabra (good-sounds.org)",CC-BY-3.0,http://creativecommons.org/licenses/by/3.0/,https://freesound.org/people/MTG/packs/20251/,5598,0.9983,0.5563,2026-09-24
sfzinstruments/MTG.SoloSax/MTG Solo Saxophones/Samples/sop_p_28.flac,359690,https://freesound.org/people/MTG/sounds/359690/,Sax Soprano - B5,MTG,"Music Technology Group, Universitat Pompeu Fabra (good-sounds.org)",CC-BY-3.0,http://creativecommons.org/licenses/by/3.0/,https://freesound.org/people/MTG/packs/20251/,5599,0.9971,0.0818,2026-09-24
sfzinstruments/MTG.SoloSax/MTG Solo Saxophones/Samples/sop_p_29.flac,359691,https://freesound.org/people/MTG/sounds/359691/,Sax Soprano - C6,MTG,"Music Technology Group, Universitat Pompeu Fabra (good-sounds.org)",CC-BY-3.0,http://creativecommons.org/licenses/by/3.0/,https://freesound.org/people/MTG/packs/20251/,5600,0.9878,0.2727,2026-09-24
sfzinstruments/MTG.SoloSax/MTG Solo Saxophones/Samples/sop_p_30.flac,359692,https://freesound.org/people/MTG/sounds/359692/,Sax Soprano - C#6,MTG,"Music Technology Group, Universitat Pompeu Fabra (good-sounds.org)",CC-BY-3.0,http://creativecommons.org/licenses/by/3.0/,https://freesound.org/people/MTG/packs/20251/,5601,0.996,0.3196,2026-09-24
sfzinstruments/MTG.SoloSax/MTG Solo Saxophones/Samples/sop_p_31.flac,359693,https://freesound.org/people/MTG/sounds/359693/,Sax Soprano - D6,MTG,"Music Technology Group, Universitat Pompeu Fabra (good-sounds.org)",CC-BY-3.0,http://creativecommons.org/licenses/by/3.0/,https://freesound.org/people/MTG/packs/20251/,5602,0.9992,0.2889,2026-09-24
sfzinstruments/MTG.SoloSax/MTG Solo Saxophones/Samples/sop_p_32.flac,359694,https://freesound.org/people/MTG/sounds/359694/,Sax Soprano - D#6,MTG,"Music Technology Group, Universitat Pompeu Fabra (good-sounds.org)",CC-BY-3.0,http://creativecommons.org/licenses/by/3.0/,https://freesound.org/people/MTG/packs/20251/,5603,0.9837,0.3519,2026-09-24
sfzinstruments/MTG.SoloSax/MTG Solo Saxophones/Samples/sop_p_33.flac,359695,https://freesound.org/people/MTG/sounds/359695/,Sax Soprano - E6,MTG,"Music Technology Group, Universitat Pompeu Fabra (good-sounds.org)",CC-BY-3.0,http://creativecommons.org/licenses/by/3.0/,https://freesound.org/people/MTG/packs/20251/,5604,0.9806,0.2405,2026-09-24
sfzinstruments/MTG.SoloSax/MTG Solo Saxophones/Samples/ten_f_01.flac,359181,https://freesound.org/people/MTG/sounds/359181/,Sax Tenor - G#2,MTG,"Music Technology Group, Universitat Pompeu Fabra (good-sounds.org)",CC-BY-3.0,http://creativecommons.org/licenses/by/3.0/,https://freesound.org/people/MTG/packs/20247/,4965,0.9961,0.4035,2026-09-24
sfzinstruments/MTG.SoloSax/MTG Solo Saxophones/Samples/ten_f_02.flac,359182,https://freesound.org/people/MTG/sounds/359182/,Sax Tenor - A2,MTG,"Music Technology Group, Universitat Pompeu Fabra (good-sounds.org)",CC-BY-3.0,http://creativecommons.org/licenses/by/3.0/,https://freesound.org/people/MTG/packs/20247/,4966,0.9982,0.3814,2026-09-24
sfzinstruments/MTG.SoloSax/MTG Solo Saxophones/Samples/ten_f_03.flac,359183,https://freesound.org/people/MTG/sounds/359183/,Sax Tenor - A#2,MTG,"Music Technology Group, Universitat Pompeu Fabra (good-sounds.org)",CC-BY-3.0,http://creativecommons.org/licenses/by/3.0/,https://freesound.org/people/MTG/packs/20247/,4967,1.0,0.2252,2026-09-24
sfzinstruments/MTG.SoloSax/MTG Solo Saxophones/Samples/ten_f_04.flac,359184,https://freesound.org/people/MTG/sounds/359184/,Sax Tenor - B2,MTG,"Music Technology Group, Universitat Pompeu Fabra (good-sounds.org)",CC-BY-3.0,http://creativecommons.org/licenses/by/3.0/,https://freesound.org/people/MTG/packs/20247/,4968,0.9912,0.3389,2026-09-24
sfzinstruments/MTG.SoloSax/MTG Solo Saxophones/Samples/ten_f_05.flac,359185,https://freesound.org/people/MTG/sounds/359185/,Sax Tenor - C3,MTG,"Music Technology Group, Universitat Pompeu Fabra (good-sounds.org)",CC-BY-3.0,http://creativecommons.org/licenses/by/3.0/,https://freesound.org/people/MTG/packs/20247/,4969,0.9863,0.3365,2026-09-24
sfzinstruments/MTG.SoloSax/MTG Solo Saxophones/Samples/ten_f_06.flac,359186,https://freesound.org/people/MTG/sounds/359186/,Sax Tenor - C#3,MTG,"Music Technology Group, Universitat Pompeu Fabra (good-sounds.org)",CC-BY-3.0,http://creativecommons.org/licenses/by/3.0/,https://freesound.org/people/MTG/packs/20247/,4970,0.9956,0.7696,2026-09-24
sfzinstruments/MTG.SoloSax/MTG Solo Saxophones/Samples/ten_f_07.flac,359187,https://freesound.org/people/MTG/sounds/359187/,Sax Tenor - D3,MTG,"Music Technology Group, Universitat Pompeu Fabra (good-sounds.org)",CC-BY-3.0,http://creativecommons.org/licenses/by/3.0/,https://freesound.org/people/MTG/packs/20247/,4971,0.9984,0.8456,2026-09-24
sfzinstruments/MTG.SoloSax/MTG Solo Saxophones/Samples/ten_f_08.flac,359188,https://freesound.org/people/MTG/sounds/359188/,Sax Tenor - D#3,MTG,"Music Technology Group, Universitat Pompeu Fabra (good-sounds.org)",CC-BY-3.0,http://creativecommons.org/licenses/by/3.0/,https://freesound.org/people/MTG/packs/20247/,4972,1.0,0.3909,2026-09-24
sfzinstruments/MTG.SoloSax/MTG Solo Saxophones/Samples/ten_f_09.flac,359189,https://freesound.org/people/MTG/sounds/359189/,Sax Tenor - E3,MTG,"Music Technology Group, Universitat Pompeu Fabra (good-sounds.org)",CC-BY-3.0,http://creativecommons.org/licenses/by/3.0/,https://freesound.org/people/MTG/packs/20247/,4973,0.9952,0.6467,2026-09-24
sfzinstruments/MTG.SoloSax/MTG Solo Saxophones/Samples/ten_f_10.flac,359190,https://freesound.org/people/MTG/sounds/359190/,Sax Tenor - F3,MTG,"Music Technology Group, Universitat Pompeu Fabra (good-sounds.org)",CC-BY-3.0,http://creativecommons.org/licenses/by/3.0/,https://freesound.org/people/MTG/packs/20247/,4974,0.9936,0.6172,2026-09-24
sfzinstruments/MTG.SoloSax/MTG Solo Saxophones/Samples/ten_f_11.flac,359191,https://freesound.org/people/MTG/sounds/359191/,Sax Tenor - F#3,MTG,"Music Technology Group, Universitat Pompeu Fabra (good-sounds.org)",CC-BY-3.0,http://creativecommons.org/licenses/by/3.0/,https://freesound.org/people/MTG/packs/20247/,4975,0.9976,0.8059,2026-09-24
sfzinstruments/MTG.SoloSax/MTG Solo Saxophones/Samples/ten_f_12.flac,359192,https://freesound.org/people/MTG/sounds/359192/,Sax Tenor - G3,MTG,"Music Technology Group, Universitat Pompeu Fabra (good-sounds.org)",CC-BY-3.0,http://creativecommons.org/licenses/by/3.0/,https://freesound.org/people/MTG/packs/20247/,4976,0.9936,0.4974,2026-09-24
sfzinstruments/MTG.SoloSax/MTG Solo Saxophones/Samples/ten_f_13.flac,359193,https://freesound.org/people/MTG/sounds/359193/,Sax Tenor - G#3,MTG,"Music Technology Group, Universitat Pompeu Fabra (good-sounds.org)",CC-BY-3.0,http://creativecommons.org/licenses/by/3.0/,https://freesound.org/people/MTG/packs/20247/,4977,0.9973,0.3847,2026-09-24
sfzinstruments/MTG.SoloSax/MTG Solo Saxophones/Samples/ten_f_14.flac,359194,https://freesound.org/people/MTG/sounds/359194/,Sax Tenor - A3,MTG,"Music Technology Group, Universitat Pompeu Fabra (good-sounds.org)",CC-BY-3.0,http://creativecommons.org/licenses/by/3.0/,https://freesound.org/people/MTG/packs/20247/,4978,0.9979,0.6763,2026-09-24
sfzinstruments/MTG.SoloSax/MTG Solo Saxophones/Samples/ten_f_15.flac,359195,https://freesound.org/people/MTG/sounds/359195/,Sax Tenor - A#3,MTG,"Music Technology Group, Universitat Pompeu Fabra (good-sounds.org)",CC-BY-3.0,http://creativecommons.org/licenses/by/3.0/,https://freesound.org/people/MTG/packs/20247/,4979,0.9959,0.3876,2026-09-24
sfzinstruments/MTG.SoloSax/MTG Solo Saxophones/Samples/ten_f_16.flac,359196,https://freesound.org/people/MTG/sounds/359196/,Sax Tenor - B3,MTG,"Music Technology Group, Universitat Pompeu Fabra (good-sounds.org)",CC-BY-3.0,http://creativecommons.org/licenses/by/3.0/,https://freesound.org/people/MTG/packs/20247/,4980,0.9979,0.3452,2026-09-24
sfzinstruments/MTG.SoloSax/MTG Solo Saxophones/Samples/ten_f_17.flac,359197,https://freesound.org/people/MTG/sounds/359197/,Sax Tenor - C4,MTG,"Music Technology Group, Universitat Pompeu Fabra (good-sounds.org)",CC-BY-3.0,http://creativecommons.org/licenses/by/3.0/,https://freesound.org/people/MTG/packs/20247/,4981,1.0,0.2479,2026-09-24
sfzinstruments/MTG.SoloSax/MTG Solo Saxophones/Samples/ten_f_18.flac,359198,https://freesound.org/people/MTG/sounds/359198/,Sax Tenor - C#4,MTG,"Music Technology Group, Universitat Pompeu Fabra (good-sounds.org)",CC-BY-3.0,http://creativecommons.org/licenses/by/3.0/,https://freesound.org/people/MTG/packs/20247/,4982,0.9995,0.7705,2026-09-24
sfzinstruments/MTG.SoloSax/MTG Solo Saxophones/Samples/ten_f_19.flac,359199,https://freesound.org/people/MTG/sounds/359199/,Sax Tenor - D4,MTG,"Music Technology Group, Universitat Pompeu Fabra (good-sounds.org)",CC-BY-3.0,http://creativecommons.org/licenses/by/3.0/,https://freesound.org/people/MTG/packs/20247/,4983,0.9937,0.5295,2026-09-24
sfzinstruments/MTG.SoloSax/MTG Solo Saxophones/Samples/ten_f_20.flac,359200,https://freesound.org/people/MTG/sounds/359200/,Sax Tenor - D#4,MTG,"Music Technology Group, Universitat Pompeu Fabra (good-sounds.org)",CC-BY-3.0,http://creativecommons.org/licenses/by/3.0/,https://freesound.org/people/MTG/packs/20247/,4984,0.9981,0.5074,2026-09-24
sfzinstruments/MTG.SoloSax/MTG Solo Saxophones/Samples/ten_f_21.flac,359201,https://freesound.org/people/MTG/sounds/359201/,Sax Tenor - E4,MTG,"Music Technology Group, Universitat Pompeu Fabra (good-sounds.org)",CC-BY-3.0,http://creativecommons.org/licenses/by/3.0/,https://freesound.org/people/MTG/packs/20247/,4985,0.9968,0.225,2026-09-24
sfzinstruments/MTG.SoloSax/MTG Solo Saxophones/Samples/ten_f_22.flac,359202,https://freesound.org/people/MTG/sounds/359202/,Sax Tenor - F4,MTG,"Music Technology Group, Universitat Pompeu Fabra (good-sounds.org)",CC-BY-3.0,http://creativecommons.org/licenses/by/3.0/,https://freesound.org/people/MTG/packs/20247/,4986,0.9968,0.5926,2026-09-24
sfzinstruments/MTG.SoloSax/MTG Solo Saxophones/Samples/ten_f_23.flac,359203,https://freesound.org/people/MTG/sounds/359203/,Sax Tenor - F#4,MTG,"Music Technology Group, Universitat Pompeu Fabra (good-sounds.org)",CC-BY-3.0,http://creativecommons.org/licenses/by/3.0/,https://freesound.org/people/MTG/packs/20247/,4987,0.9992,0.5748,2026-09-24
sfzinstruments/MTG.SoloSax/MTG Solo Saxophones/Samples/ten_f_24.flac,359204,https://freesound.org/people/MTG/sounds/359204/,Sax Tenor - G4,MTG,"Music Technology Group, Universitat Pompeu Fabra (good-sounds.org)",CC-BY-3.0,http://creativecommons.org/licenses/by/3.0/,https://freesound.org/people/MTG/packs/20247/,4988,0.9994,0.604,2026-09-24
sfzinstruments/MTG.SoloSax/MTG Solo Saxophones/Samples/ten_f_25.flac,359205,https://freesound.org/people/MTG/sounds/359205/,Sax Tenor - G#4,MTG,"Music Technology Group, Universitat Pompeu Fabra (good-sounds.org)",CC-BY-3.0,http://creativecommons.org/licenses/by/3.0/,https://freesound.org/people/MTG/packs/20247/,4989,0.997,0.2911,2026-09-24
sfzinstruments/MTG.SoloSax/MTG Solo Saxophones/Samples/ten_f_26.flac,359206,https://freesound.org/people/MTG/sounds/359206/,Sax Tenor - A4,MTG,"Music Technology Group, Universitat Pompeu Fabra (good-sounds.org)",CC-BY-3.0,http://creativecommons.org/licenses/by/3.0/,https://freesound.org/people/MTG/packs/20247/,4990,0.999,0.2127,2026-09-24
sfzinstruments/MTG.SoloSax/MTG Solo Saxophones/Samples/ten_f_27.flac,359207,https://freesound.org/people/MTG/sounds/359207/,Sax Tenor - A#4,MTG,"Music Technology Group, Universitat Pompeu Fabra (good-sounds.org)",CC-BY-3.0,http://creativecommons.org/licenses/by/3.0/,https://freesound.org/people/MTG/packs/20247/,4991,0.9722,0.4216,2026-09-24
sfzinstruments/MTG.SoloSax/MTG Solo Saxophones/Samples/ten_f_28.flac,359208,https://freesound.org/people/MTG/sounds/359208/,Sax Tenor - B4,MTG,"Music Technology Group, Universitat Pompeu Fabra (good-sounds.org)",CC-BY-3.0,http://creativecommons.org/licenses/by/3.0/,https://freesound.org/people/MTG/packs/20247/,4992,0.9872,0.352,2026-09-24
sfzinstruments/MTG.SoloSax/MTG Solo Saxophones/Samples/ten_f_29.flac,359209,https://freesound.org/people/MTG/sounds/359209/,Sax Tenor - C5,MTG,"Music Technology Group, Universitat Pompeu Fabra (good-sounds.org)",CC-BY-3.0,http://creativecommons.org/licenses/by/3.0/,https://freesound.org/people/MTG/packs/20247/,4993,0.9963,0.3258,2026-09-24
sfzinstruments/MTG.SoloSax/MTG Solo Saxophones/Samples/ten_f_30.flac,359210,https://freesound.org/people/MTG/sounds/359210/,Sax Tenor - C#5,MTG,"Music Technology Group, Universitat Pompeu Fabra (good-sounds.org)",CC-BY-3.0,http://creativecommons.org/licenses/by/3.0/,https://freesound.org/people/MTG/packs/20247/,4994,0.9956,0.5309,2026-09-24
sfzinstruments/MTG.SoloSax/MTG Solo Saxophones/Samples/ten_f_31.flac,359244,https://freesound.org/people/MTG/sounds/359244/,Sax Tenor - D5,MTG,"Music Technology Group, Universitat Pompeu Fabra (good-sounds.org)",CC-BY-3.0,http://creativecommons.org/licenses/by/3.0/,https://freesound.org/people/MTG/packs/20247/,5028,0.9969,0.1159,2026-09-24
sfzinstruments/MTG.SoloSax/MTG Solo Saxophones/Samples/ten_f_32.flac,359245,https://freesound.org/people/MTG/sounds/359245/,Sax Tenor - D#5,MTG,"Music Technology Group, Universitat Pompeu Fabra (good-sounds.org)",CC-BY-3.0,http://creativecommons.org/licenses/by/3.0/,https://freesound.org/people/MTG/packs/20247/,5029,1.0,0.1894,2026-09-24
sfzinstruments/MTG.SoloSax/MTG Solo Saxophones/Samples/ten_f_33.flac,359246,https://freesound.org/people/MTG/sounds/359246/,Sax Tenor - E5,MTG,"Music Technology Group, Universitat Pompeu Fabra (good-sounds.org)",CC-BY-3.0,http://creativecommons.org/licenses/by/3.0/,https://freesound.org/people/MTG/packs/20247/,5030,0.9991,0.3718,2026-09-24
sfzinstruments/MTG.SoloSax/MTG Solo Saxophones/Samples/ten_p_01.flac,359214,https://freesound.org/people/MTG/sounds/359214/,Sax Tenor - G#2,MTG,"Music Technology Group, Universitat Pompeu Fabra (good-sounds.org)",CC-BY-3.0,http://creativecommons.org/licenses/by/3.0/,https://freesound.org/people/MTG/packs/20247/,4998,0.9973,0.3578,2026-09-24
sfzinstruments/MTG.SoloSax/MTG Solo Saxophones/Samples/ten_p_02.flac,359215,https://freesound.org/people/MTG/sounds/359215/,Sax Tenor - A2,MTG,"Music Technology Group, Universitat Pompeu Fabra (good-sounds.org)",CC-BY-3.0,http://creativecommons.org/licenses/by/3.0/,https://freesound.org/people/MTG/packs/20247/,4999,0.9985,0.6313,2026-09-24
sfzinstruments/MTG.SoloSax/MTG Solo Saxophones/Samples/ten_p_03.flac,359216,https://freesound.org/people/MTG/sounds/359216/,Sax Tenor - A#2,MTG,"Music Technology Group, Universitat Pompeu Fabra (good-sounds.org)",CC-BY-3.0,http://creativecommons.org/licenses/by/3.0/,https://freesound.org/people/MTG/packs/20247/,5000,0.9988,0.2895,2026-09-24
sfzinstruments/MTG.SoloSax/MTG Solo Saxophones/Samples/ten_p_04.flac,359217,https://freesound.org/people/MTG/sounds/359217/,Sax Tenor - B2,MTG,"Music Technology Group, Universitat Pompeu Fabra (good-sounds.org)",CC-BY-3.0,http://creativecommons.org/licenses/by/3.0/,https://freesound.org/people/MTG/packs/20247/,5001,0.9966,0.5406,2026-09-24
sfzinstruments/MTG.SoloSax/MTG Solo Saxophones/Samples/ten_p_05.flac,359218,https://freesound.org/people/MTG/sounds/359218/,Sax Tenor - C3,MTG,"Music Technology Group, Universitat Pompeu Fabra (good-sounds.org)",CC-BY-3.0,http://creativecommons.org/licenses/by/3.0/,https://freesound.org/people/MTG/packs/20247/,5002,0.9973,0.4023,2026-09-24
sfzinstruments/MTG.SoloSax/MTG Solo Saxophones/Samples/ten_p_06.flac,359219,https://freesound.org/people/MTG/sounds/359219/,Sax Tenor - C#3,MTG,"Music Technology Group, Universitat Pompeu Fabra (good-sounds.org)",CC-BY-3.0,http://creativecommons.org/licenses/by/3.0/,https://freesound.org/people/MTG/packs/20247/,5003,0.9991,0.7575,2026-09-24
sfzinstruments/MTG.SoloSax/MTG Solo Saxophones/Samples/ten_p_07.flac,359220,https://freesound.org/people/MTG/sounds/359220/,Sax Tenor - D3,MTG,"Music Technology Group, Universitat Pompeu Fabra (good-sounds.org)",CC-BY-3.0,http://creativecommons.org/licenses/by/3.0/,https://freesound.org/people/MTG/packs/20247/,5004,0.9987,0.7472,2026-09-24
sfzinstruments/MTG.SoloSax/MTG Solo Saxophones/Samples/ten_p_08.flac,359221,https://freesound.org/people/MTG/sounds/359221/,Sax Tenor - D#3,MTG,"Music Technology Group, Universitat Pompeu Fabra (good-sounds.org)",CC-BY-3.0,http://creativecommons.org/licenses/by/3.0/,https://freesound.org/people/MTG/packs/20247/,5005,0.995,0.529,2026-09-24
sfzinstruments/MTG.SoloSax/MTG Solo Saxophones/Samples/ten_p_09.flac,359222,https://freesound.org/people/MTG/sounds/359222/,Sax Tenor - E3,MTG,"Music Technology Group, Universitat Pompeu Fabra (good-sounds.org)",CC-BY-3.0,http://creativecommons.org/licenses/by/3.0/,https://freesound.org/people/MTG/packs/20247/,5006,0.9986,0.5461,2026-09-24
sfzinstruments/MTG.SoloSax/MTG Solo Saxophones/Samples/ten_p_10.flac,359223,https://freesound.org/people/MTG/sounds/359223/,Sax Tenor - F3,MTG,"Music Technology Group, Universitat Pompeu Fabra (good-sounds.org)",CC-BY-3.0,http://creativecommons.org/licenses/by/3.0/,https://freesound.org/people/MTG/packs/20247/,5007,0.9979,0.3311,2026-09-24
sfzinstruments/MTG.SoloSax/MTG Solo Saxophones/Samples/ten_p_11.flac,359224,https://freesound.org/people/MTG/sounds/359224/,Sax Tenor - F#3,MTG,"Music Technology Group, Universitat Pompeu Fabra (good-sounds.org)",CC-BY-3.0,http://creativecommons.org/licenses/by/3.0/,https://freesound.org/people/MTG/packs/20247/,5008,0.9971,0.5238,2026-09-24
sfzinstruments/MTG.SoloSax/MTG Solo Saxophones/Samples/ten_p_12.flac,359225,https://freesound.org/people/MTG/sounds/359225/,Sax Tenor - G3,MTG,"Music Technology Group, Universitat Pompeu Fabra (good-sounds.org)",CC-BY-3.0,http://creativecommons.org/licenses/by/3.0/,https://freesound.org/people/MTG/packs/20247/,5009,0.9966,0.4681,2026-09-24
sfzinstruments/MTG.SoloSax/MTG Solo Saxophones/Samples/ten_p_13.flac,359226,https://freesound.org/people/MTG/sounds/359226/,Sax Tenor - G#3,MTG,"Music Technology Group, Universitat Pompeu Fabra (good-sounds.org)",CC-BY-3.0,http://creativecommons.org/licenses/by/3.0/,https://freesound.org/people/MTG/packs/20247/,5010,0.9993,0.3036,2026-09-24
sfzinstruments/MTG.SoloSax/MTG Solo Saxophones/Samples/ten_p_14.flac,359227,https://freesound.org/people/MTG/sounds/359227/,Sax Tenor - A3,MTG,"Music Technology Group, Universitat Pompeu Fabra (good-sounds.org)",CC-BY-3.0,http://creativecommons.org/licenses/by/3.0/,https://freesound.org/people/MTG/packs/20247/,5011,0.9981,0.8411,2026-09-24
sfzinstruments/MTG.SoloSax/MTG Solo Saxophones/Samples/ten_p_15.flac,359228,https://freesound.org/people/MTG/sounds/359228/,Sax Tenor - A#3,MTG,"Music Technology Group, Universitat Pompeu Fabra (good-sounds.org)",CC-BY-3.0,http://creativecommons.org/licenses/by/3.0/,https://freesound.org/people/MTG/packs/20247/,5012,0.9957,0.5783,2026-09-24
sfzinstruments/MTG.SoloSax/MTG Solo Saxophones/Samples/ten_p_16.flac,359229,https://freesound.org/people/MTG/sounds/359229/,Sax Tenor - B3,MTG,"Music Technology Group, Universitat Pompeu Fabra (good-sounds.org)",CC-BY-3.0,http://creativecommons.org/licenses/by/3.0/,https://freesound.org/people/MTG/packs/20247/,5013,0.996,0.4433,2026-09-24
sfzinstruments/MTG.SoloSax/MTG Solo Saxophones/Samples/ten_p_17.flac,359230,https://freesound.org/people/MTG/sounds/359230/,Sax Tenor - C4,MTG,"Music Technology Group, Universitat Pompeu Fabra (good-sounds.org)",CC-BY-3.0,http://creativecommons.org/licenses/by/3.0/,https://freesound.org/people/MTG/packs/20247/,5014,1.0,0.4119,2026-09-24
sfzinstruments/MTG.SoloSax/MTG Solo Saxophones/Samples/ten_p_18.flac,359231,https://freesound.org/people/MTG/sounds/359231/,Sax Tenor - C#4,MTG,"Music Technology Group, Universitat Pompeu Fabra (good-sounds.org)",CC-BY-3.0,http://creativecommons.org/licenses/by/3.0/,https://freesound.org/people/MTG/packs/20247/,5015,0.9995,0.7466,2026-09-24
sfzinstruments/MTG.SoloSax/MTG Solo Saxophones/Samples/ten_p_19.flac,359232,https://freesound.org/people/MTG/sounds/359232/,Sax Tenor - D4,MTG,"Music Technology Group, Universitat Pompeu Fabra (good-sounds.org)",CC-BY-3.0,http://creativecommons.org/licenses/by/3.0/,https://freesound.org/people/MTG/packs/20247/,5016,0.9842,0.7721,2026-09-24
sfzinstruments/MTG.SoloSax/MTG Solo Saxophones/Samples/ten_p_20.flac,359233,https://freesound.org/people/MTG/sounds/359233/,Sax Tenor - D#4,MTG,"Music Technology Group, Universitat Pompeu Fabra (good-sounds.org)",CC-BY-3.0,http://creativecommons.org/licenses/by/3.0/,https://freesound.org/people/MTG/packs/20247/,5017,0.9979,0.2993,2026-09-24
sfzinstruments/MTG.SoloSax/MTG Solo Saxophones/Samples/ten_p_21.flac,359234,https://freesound.org/people/MTG/sounds/359234/,Sax Tenor - E4,MTG,"Music Technology Group, Universitat Pompeu Fabra (good-sounds.org)",CC-BY-3.0,http://creativecommons.org/licenses/by/3.0/,https://freesound.org/people/MTG/packs/20247/,5018,0.9965,0.282,2026-09-24
sfzinstruments/MTG.SoloSax/MTG Solo Saxophones/Samples/ten_p_22.flac,359235,https://freesound.org/people/MTG/sounds/359235/,Sax Tenor - F4,MTG,"Music Technology Group, Universitat Pompeu Fabra (good-sounds.org)",CC-BY-3.0,http://creativecommons.org/licenses/by/3.0/,https://freesound.org/people/MTG/packs/20247/,5019,0.9994,0.4545,2026-09-24
sfzinstruments/MTG.SoloSax/MTG Solo Saxophones/Samples/ten_p_23.flac,359236,https://freesound.org/people/MTG/sounds/359236/,Sax Tenor - F#4,MTG,"Music Technology Group, Universitat Pompeu Fabra (good-sounds.org)",CC-BY-3.0,http://creativecommons.org/licenses/by/3.0/,https://freesound.org/people/MTG/packs/20247/,5020,0.9991,0.4775,2026-09-24
sfzinstruments/MTG.SoloSax/MTG Solo Saxophones/Samples/ten_p_24.flac,359237,https://freesound.org/people/MTG/sounds/359237/,Sax Tenor - G4,MTG,"Music Technology Group, Universitat Pompeu Fabra (good-sounds.org)",CC-BY-3.0,http://creativecommons.org/licenses/by/3.0/,https://freesound.org/people/MTG/packs/20247/,5021,0.9987,0.5947,2026-09-24
sfzinstruments/MTG.SoloSax/MTG Solo Saxophones/Samples/ten_p_25.flac,359238,https://freesound.org/people/MTG/sounds/359238/,Sax Tenor - G#4,MTG,"Music Technology Group, Universitat Pompeu Fabra (good-sounds.org)",CC-BY-3.0,http://creativecommons.org/licenses/by/3.0/,https://freesound.org/people/MTG/packs/20247/,5022,0.9981,0.4864,2026-09-24
sfzinstruments/MTG.SoloSax/MTG Solo Saxophones/Samples/ten_p_26.flac,359239,https://freesound.org/people/MTG/sounds/359239/,Sax Tenor - A4,MTG,"Music Technology Group, Universitat Pompeu Fabra (good-sounds.org)",CC-BY-3.0,http://creativecommons.org/licenses/by/3.0/,https://freesound.org/people/MTG/packs/20247/,5023,0.9974,0.2876,2026-09-24
sfzinstruments/MTG.SoloSax/MTG Solo Saxophones/Samples/ten_p_27.flac,359240,https://freesound.org/people/MTG/sounds/359240/,Sax Tenor - A#4,MTG,"Music Technology Group, Universitat Pompeu Fabra (good-sounds.org)",CC-BY-3.0,http://creativecommons.org/licenses/by/3.0/,https://freesound.org/people/MTG/packs/20247/,5024,0.9824,0.196,2026-09-24
sfzinstruments/MTG.SoloSax/MTG Solo Saxophones/Samples/ten_p_28.flac,359241,https://freesound.org/people/MTG/sounds/359241/,Sax Tenor - B4,MTG,"Music Technology Group, Universitat Pompeu Fabra (good-sounds.org)",CC-BY-3.0,http://creativecommons.org/licenses/by/3.0/,https://freesound.org/people/MTG/packs/20247/,5025,0.9949,0.4274,2026-09-24
sfzinstruments/MTG.SoloSax/MTG Solo Saxophones/Samples/ten_p_29.flac,359242,https://freesound.org/people/MTG/sounds/359242/,Sax Tenor - C5,MTG,"Music Technology Group, Universitat Pompeu Fabra (good-sounds.org)",CC-BY-3.0,http://creativecommons.org/licenses/by/3.0/,https://freesound.org/people/MTG/packs/20247/,5026,0.9982,0.3636,2026-09-24
sfzinstruments/MTG.SoloSax/MTG Solo Saxophones/Samples/ten_p_30.flac,359243,https://freesound.org/people/MTG/sounds/359243/,Sax Tenor - C#5,MTG,"Music Technology Group, Universitat Pompeu Fabra (good-sounds.org)",CC-BY-3.0,http://creativecommons.org/licenses/by/3.0/,https://freesound.org/people/MTG/packs/20247/,5027,0.997,0.3612,2026-09-24
sfzinstruments/MTG.SoloSax/MTG Solo Saxophones/Samples/ten_p_31.flac,359211,https://freesound.org/people/MTG/sounds/359211/,Sax Tenor - D5,MTG,"Music Technology Group, Universitat Pompeu Fabra (good-sounds.org)",CC-BY-3.0,http://creativecommons.org/licenses/by/3.0/,https://freesound.org/people/MTG/packs/20247/,4995,0.998,0.1363,2026-09-24
sfzinstruments/MTG.SoloSax/MTG Solo Saxophones/Samples/ten_p_32.flac,359212,https://freesound.org/people/MTG/sounds/359212/,Sax Tenor - D#5,MTG,"Music Technology Group, Universitat Pompeu Fabra (good-sounds.org)",CC-BY-3.0,http://creativecommons.org/licenses/by/3.0/,https://freesound.org/people/MTG/packs/20247/,4996,0.9944,0.0963,2026-09-24
sfzinstruments/MTG.SoloSax/MTG Solo Saxophones/Samples/ten_p_33.flac,359213,https://freesound.org/people/MTG/sounds/359213/,Sax Tenor - E5,MTG,"Music Technology Group, Universitat Pompeu Fabra (good-sounds.org)",CC-BY-3.0,http://creativecommons.org/licenses/by/3.0/,https://freesound.org/people/MTG/packs/20247/,4997,0.9985,0.382,2026-09-24
