freesound_id,url,name,uploader,pack,licence_url,uploaded,description,checked
358377,https://freesound.org/people/MTG/sounds/358377/,Sax Alto - C#3,MTG,20239 Sax Alto single notes,http://creativecommons.org/licenses/by/3.0/,"September 16th, 2016","Recorded in the context of the good-sounds.org project from the Music Technology Group, Universitat Pompeu Fabra, Barcelona. Part of the Good-sounds dataset of monophonic instrumental sounds. instrument::sax_alto note::C# octave::3 midi note::37 microphone::neumann U87 tuning reference::442.0 good-sounds-id::4641",2026-09-24
358378,https://freesound.org/people/MTG/sounds/358378/,Sax Alto - D3,MTG,20239 Sax Alto single notes,http://creativecommons.org/licenses/by/3.0/,"September 16th, 2016","Recorded in the context of the good-sounds.org project from the Music Technology Group, Universitat Pompeu Fabra, Barcelona. Part of the Good-sounds dataset of monophonic instrumental sounds. instrument::sax_alto note::D octave::3 midi note::38 microphone::neumann U87 tuning reference::442.0 good-sounds-id::4642",2026-09-24
358379,https://freesound.org/people/MTG/sounds/358379/,Sax Alto - D#3,MTG,20239 Sax Alto single notes,http://creativecommons.org/licenses/by/3.0/,"September 16th, 2016","Recorded in the context of the good-sounds.org project from the Music Technology Group, Universitat Pompeu Fabra, Barcelona. Part of the Good-sounds dataset of monophonic instrumental sounds. instrument::sax_alto note::D# octave::3 midi note::39 microphone::neumann U87 tuning reference::442.0 good-sounds-id::4643",2026-09-24
358380,https://freesound.org/people/MTG/sounds/358380/,Sax Alto - E3,MTG,20239 Sax Alto single notes,http://creativecommons.org/licenses/by/3.0/,"September 16th, 2016","Recorded in the context of the good-sounds.org project from the Music Technology Group, Universitat Pompeu Fabra, Barcelona. Part of the Good-sounds dataset of monophonic instrumental sounds. instrument::sax_alto note::E octave::3 midi note::40 microphone::neumann U87 tuning reference::442.0 good-sounds-id::4644",2026-09-24
358381,https://freesound.org/people/MTG/sounds/358381/,Sax Alto - F3,MTG,20239 Sax Alto single notes,http://creativecommons.org/licenses/by/3.0/,"September 16th, 2016","Recorded in the context of the good-sounds.org project from the Music Technology Group, Universitat Pompeu Fabra, Barcelona. Part of the Good-sounds dataset of monophonic instrumental sounds. instrument::sax_alto note::F octave::3 midi note::41 microphone::neumann U87 tuning reference::442.0 good-sounds-id::4645",2026-09-24
358382,https://freesound.org/people/MTG/sounds/358382/,Sax Alto - F#3,MTG,20239 Sax Alto single notes,http://creativecommons.org/licenses/by/3.0/,"September 16th, 2016","Recorded in the context of the good-sounds.org project from the Music Technology Group, Universitat Pompeu Fabra, Barcelona. Part of the Good-sounds dataset of monophonic instrumental sounds. instrument::sax_alto note::F# octave::3 midi note::42 microphone::neumann U87 tuning reference::442.0 good-sounds-id::4646",2026-09-24
358383,https://freesound.org/people/MTG/sounds/358383/,Sax Alto - G3,MTG,20239 Sax Alto single notes,http://creativecommons.org/licenses/by/3.0/,"September 16th, 2016","Recorded in the context of the good-sounds.org project from the Music Technology Group, Universitat Pompeu Fabra, Barcelona. Part of the Good-sounds dataset of monophonic instrumental sounds. instrument::sax_alto note::G octave::3 midi note::43 microphone::neumann U87 tuning reference::442.0 good-sounds-id::4647",2026-09-24
358384,https://freesound.org/people/MTG/sounds/358384/,Sax Alto - G#3,MTG,20239 Sax Alto single notes,http://creativecommons.org/licenses/by/3.0/,"September 16th, 2016","Recorded in the context of the good-sounds.org project from the Music Technology Group, Universitat Pompeu Fabra, Barcelona. Part of the Good-sounds dataset of monophonic instrumental sounds. instrument::sax_alto note::G# octave::3 midi note::44 microphone::neumann U87 tuning reference::442.0 good-sounds-id::4648",2026-09-24
358385,https://freesound.org/people/MTG/sounds/358385/,Sax Alto - A3,MTG,20239 Sax Alto single notes,http://creativecommons.org/licenses/by/3.0/,"September 16th, 2016","Recorded in the context of the good-sounds.org project from the Music Technology Group, Universitat Pompeu Fabra, Barcelona. Part of the Good-sounds dataset of monophonic instrumental sounds. instrument::sax_alto note::A octave::3 midi note::45 microphone::neumann U87 tuning reference::442.0 good-sounds-id::4649",2026-09-24
358386,https://freesound.org/people/MTG/sounds/358386/,Sax Alto - A#3,MTG,20239 Sax Alto single notes,http://creativecommons.org/licenses/by/3.0/,"September 16th, 2016","Recorded in the context of the good-sounds.org project from the Music Technology Group, Universitat Pompeu Fabra, Barcelona. Part of the Good-sounds dataset of monophonic instrumental sounds. instrument::sax_alto note::A# octave::3 midi note::46 microphone::neumann U87 tuning reference::442.0 good-sounds-id::4650",2026-09-24
358387,https://freesound.org/people/MTG/sounds/358387/,Sax Alto - B3,MTG,20239 Sax Alto single notes,http://creativecommons.org/licenses/by/3.0/,"September 16th, 2016","Recorded in the context of the good-sounds.org project from the Music Technology Group, Universitat Pompeu Fabra, Barcelona. Part of the Good-sounds dataset of monophonic instrumental sounds. instrument::sax_alto note::B octave::3 midi note::47 microphone::neumann U87 tuning reference::442.0 good-sounds-id::4651",2026-09-24
358388,https://freesound.org/people/MTG/sounds/358388/,Sax Alto - C4,MTG,20239 Sax Alto single notes,http://creativecommons.org/licenses/by/3.0/,"September 16th, 2016","Recorded in the context of the good-sounds.org project from the Music Technology Group, Universitat Pompeu Fabra, Barcelona. Part of the Good-sounds dataset of monophonic instrumental sounds. instrument::sax_alto note::C octave::4 midi note::48 microphone::neumann U87 tuning reference::442.0 good-sounds-id::4652",2026-09-24
358389,https://freesound.org/people/MTG/sounds/358389/,Sax Alto - C#4,MTG,20239 Sax Alto single notes,http://creativecommons.org/licenses/by/3.0/,"September 16th, 2016","Recorded in the context of the good-sounds.org project from the Music Technology Group, Universitat Pompeu Fabra, Barcelona. Part of the Good-sounds dataset of monophonic instrumental sounds. instrument::sax_alto note::C# octave::4 midi note::49 microphone::neumann U87 tuning reference::442.0 good-sounds-id::4653",2026-09-24
358390,https://freesound.org/people/MTG/sounds/358390/,Sax Alto - D4,MTG,20239 Sax Alto single notes,http://creativecommons.org/licenses/by/3.0/,"September 16th, 2016","Recorded in the context of the good-sounds.org project from the Music Technology Group, Universitat Pompeu Fabra, Barcelona. Part of the Good-sounds dataset of monophonic instrumental sounds. instrument::sax_alto note::D octave::4 midi note::50 microphone::neumann U87 tuning reference::442.0 good-sounds-id::4654",2026-09-24
358391,https://freesound.org/people/MTG/sounds/358391/,Sax Alto - D#4,MTG,20239 Sax Alto single notes,http://creativecommons.org/licenses/by/3.0/,"September 16th, 2016","Recorded in the context of the good-sounds.org project from the Music Technology Group, Universitat Pompeu Fabra, Barcelona. Part of the Good-sounds dataset of monophonic instrumental sounds. instrument::sax_alto note::D# octave::4 midi note::51 microphone::neumann U87 tuning reference::442.0 good-sounds-id::4655",2026-09-24
358392,https://freesound.org/people/MTG/sounds/358392/,Sax Alto - E4,MTG,20239 Sax Alto single notes,http://creativecommons.org/licenses/by/3.0/,"September 16th, 2016","Recorded in the context of the good-sounds.org project from the Music Technology Group, Universitat Pompeu Fabra, Barcelona. Part of the Good-sounds dataset of monophonic instrumental sounds. instrument::sax_alto note::E octave::4 midi note::52 microphone::neumann U87 tuning reference::442.0 good-sounds-id::4656",2026-09-24
358393,https://freesound.org/people/MTG/sounds/358393/,Sax Alto - F4,MTG,20239 Sax Alto single notes,http://creativecommons.org/licenses/by/3.0/,"September 16th, 2016","Recorded in the context of the good-sounds.org project from the Music Technology Group, Universitat Pompeu Fabra, Barcelona. Part of the Good-sounds dataset of monophonic instrumental sounds. instrument::sax_alto note::F octave::4 midi note::53 microphone::neumann U87 tuning reference::442.0 good-sounds-id::4657",2026-09-24
358394,https://freesound.org/people/MTG/sounds/358394/,Sax Alto - F#4,MTG,20239 Sax Alto single notes,http://creativecommons.org/licenses/by/3.0/,"September 16th, 2016","Recorded in the context of the good-sounds.org project from the Music Technology Group, Universitat Pompeu Fabra, Barcelona. Part of the Good-sounds dataset of monophonic instrumental sounds. instrument::sax_alto note::F# octave::4 midi note::54 microphone::neumann U87 tuning reference::442.0 good-sounds-id::4658",2026-09-24
358395,https://freesound.org/people/MTG/sounds/358395/,Sax Alto - G4,MTG,20239 Sax Alto single notes,http://creativecommons.org/licenses/by/3.0/,"September 16th, 2016","Recorded in the context of the good-sounds.org project from the Music Technology Group, Universitat Pompeu Fabra, Barcelona. Part of the Good-sounds dataset of monophonic instrumental sounds. instrument::sax_alto note::G octave::4 midi note::55 microphone::neumann U87 tuning reference::442.0 good-sounds-id::4659",2026-09-24
358396,https://freesound.org/people/MTG/sounds/358396/,Sax Alto - G#4,MTG,20239 Sax Alto single notes,http://creativecommons.org/licenses/by/3.0/,"September 16th, 2016","Recorded in the context of the good-sounds.org project from the Music Technology Group, Universitat Pompeu Fabra, Barcelona. Part of the Good-sounds dataset of monophonic instrumental sounds. instrument::sax_alto note::G# octave::4 midi note::56 microphone::neumann U87 tuning reference::442.0 good-sounds-id::4660",2026-09-24
358397,https://freesound.org/people/MTG/sounds/358397/,Sax Alto - A4,MTG,20239 Sax Alto single notes,http://creativecommons.org/licenses/by/3.0/,"September 16th, 2016","Recorded in the context of the good-sounds.org project from the Music Technology Group, Universitat Pompeu Fabra, Barcelona. Part of the Good-sounds dataset of monophonic instrumental sounds. instrument::sax_alto note::A octave::4 midi note::57 microphone::neumann U87 tuning reference::442.0 good-sounds-id::4661",2026-09-24
358398,https://freesound.org/people/MTG/sounds/358398/,Sax Alto - A#4,MTG,20239 Sax Alto single notes,http://creativecommons.org/licenses/by/3.0/,"September 16th, 2016","Recorded in the context of the good-sounds.org project from the Music Technology Group, Universitat Pompeu Fabra, Barcelona. Part of the Good-sounds dataset of monophonic instrumental sounds. instrument::sax_alto note::A# octave::4 midi note::58 microphone::neumann U87 tuning reference::442.0 good-sounds-id::4662",2026-09-24
358399,https://freesound.org/people/MTG/sounds/358399/,Sax Alto - B4,MTG,20239 Sax Alto single notes,http://creativecommons.org/licenses/by/3.0/,"September 16th, 2016","Recorded in the context of the good-sounds.org project from the Music Technology Group, Universitat Pompeu Fabra, Barcelona. Part of the Good-sounds dataset of monophonic instrumental sounds. instrument::sax_alto note::B octave::4 midi note::59 microphone::neumann U87 tuning reference::442.0 good-sounds-id::4663",2026-09-24
358400,https://freesound.org/people/MTG/sounds/358400/,Sax Alto - C5,MTG,20239 Sax Alto single notes,http://creativecommons.org/licenses/by/3.0/,"September 16th, 2016","Recorded in the context of the good-sounds.org project from the Music Technology Group, Universitat Pompeu Fabra, Barcelona. Part of the Good-sounds dataset of monophonic instrumental sounds. instrument::sax_alto note::C octave::5 midi note::60 microphone::neumann U87 tuning reference::442.0 good-sounds-id::4664",2026-09-24
358401,https://freesound.org/people/MTG/sounds/358401/,Sax Alto - C#5,MTG,20239 Sax Alto single notes,http://creativecommons.org/licenses/by/3.0/,"September 16th, 2016","Recorded in the context of the good-sounds.org project from the Music Technology Group, Universitat Pompeu Fabra, Barcelona. Part of the Good-sounds dataset of monophonic instrumental sounds. instrument::sax_alto note::C# octave::5 midi note::61 microphone::neumann U87 tuning reference::442.0 good-sounds-id::4665",2026-09-24
358402,https://freesound.org/people/MTG/sounds/358402/,Sax Alto - D5,MTG,20239 Sax Alto single notes,http://creativecommons.org/licenses/by/3.0/,"September 16th, 2016","Recorded in the context of the good-sounds.org project from the Music Technology Group, Universitat Pompeu Fabra, Barcelona. Part of the Good-sounds dataset of monophonic instrumental sounds. instrument::sax_alto note::D octave::5 midi note::62 microphone::neumann U87 tuning reference::442.0 good-sounds-id::4666",2026-09-24
358403,https://freesound.org/people/MTG/sounds/358403/,Sax Alto - D#5,MTG,20239 Sax Alto single notes,http://creativecommons.org/licenses/by/3.0/,"September 16th, 2016","Recorded in the context of the good-sounds.org project from the Music Technology Group, Universitat Pompeu Fabra, Barcelona. Part of the Good-sounds dataset of monophonic instrumental sounds. instrument::sax_alto note::D# octave::5 midi note::63 microphone::neumann U87 tuning reference::442.0 good-sounds-id::4667",2026-09-24
358404,https://freesound.org/people/MTG/sounds/358404/,Sax Alto - E5,MTG,20239 Sax Alto single notes,http://creativecommons.org/licenses/by/3.0/,"September 16th, 2016","Recorded in the context of the good-sounds.org project from the Music Technology Group, Universitat Pompeu Fabra, Barcelona. Part of the Good-sounds dataset of monophonic instrumental sounds. instrument::sax_alto note::E octave::5 midi note::64 microphone::neumann U87 tuning reference::442.0 good-sounds-id::4668",2026-09-24
358405,https://freesound.org/people/MTG/sounds/358405/,Sax Alto - F5,MTG,20239 Sax Alto single notes,http://creativecommons.org/licenses/by/3.0/,"September 16th, 2016","Recorded in the context of the good-sounds.org project from the Music Technology Group, Universitat Pompeu Fabra, Barcelona. Part of the Good-sounds dataset of monophonic instrumental sounds. instrument::sax_alto note::F octave::5 midi note::65 microphone::neumann U87 tuning reference::442.0 good-sounds-id::4669",2026-09-24
358406,https://freesound.org/people/MTG/sounds/358406/,Sax Alto - F#5,MTG,20239 Sax Alto single notes,http://creativecommons.org/licenses/by/3.0/,"September 16th, 2016","Recorded in the context of the good-sounds.org project from the Music Technology Group, Universitat Pompeu Fabra, Barcelona. Part of the Good-sounds dataset of monophonic instrumental sounds. instrument::sax_alto note::F# octave::5 midi note::66 microphone::neumann U87 tuning reference::442.0 good-sounds-id::4670",2026-09-24
358407,https://freesound.org/people/MTG/sounds/358407/,Sax Alto - G5,MTG,20239 Sax Alto single notes,http://creativecommons.org/licenses/by/3.0/,"September 16th, 2016","Recorded in the context of the good-sounds.org project from the Music Technology Group, Universitat Pompeu Fabra, Barcelona. Part of the Good-sounds dataset of monophonic instrumental sounds. instrument::sax_alto note::G octave::5 midi note::67 microphone::neumann U87 tuning reference::442.0 good-sounds-id::4671",2026-09-24
358408,https://freesound.org/people/MTG/sounds/358408/,Sax Alto - G#5,MTG,20239 Sax Alto single notes,http://creativecommons.org/licenses/by/3.0/,"September 16th, 2016","Recorded in the context of the good-sounds.org project from the Music Technology Group, Universitat Pompeu Fabra, Barcelona. Part of the Good-sounds dataset of monophonic instrumental sounds. instrument::sax_alto note::G# octave::5 midi note::68 microphone::neumann U87 tuning reference::442.0 good-sounds-id::4672",2026-09-24
358409,https://freesound.org/people/MTG/sounds/358409/,Sax Alto - A5,MTG,20239 Sax Alto single notes,http://creativecommons.org/licenses/by/3.0/,"September 16th, 2016","Recorded in the context of the good-sounds.org project from the Music Technology Group, Universitat Pompeu Fabra, Barcelona. Part of the Good-sounds dataset of monophonic instrumental sounds. instrument::sax_alto note::A octave::5 midi note::69 microphone::neumann U87 tuning reference::442.0 good-sounds-id::4673",2026-09-24
358410,https://freesound.org/people/MTG/sounds/358410/,Sax Alto - C#3,MTG,20239 Sax Alto single notes,http://creativecommons.org/licenses/by/3.0/,"September 16th, 2016","Recorded in the context of the good-sounds.org project from the Music Technology Group, Universitat Pompeu Fabra, Barcelona. Part of the Good-sounds dataset of monophonic instrumental sounds. instrument::sax_alto note::C# octave::3 midi note::37 microphone::neumann U87 tuning reference::442.0 good-sounds-id::4674",2026-09-24
358411,https://freesound.org/people/MTG/sounds/358411/,Sax Alto - D3,MTG,20239 Sax Alto single notes,http://creativecommons.org/licenses/by/3.0/,"September 16th, 2016","Recorded in the context of the good-sounds.org project from the Music Technology Group, Universitat Pompeu Fabra, Barcelona. Part of the Good-sounds dataset of monophonic instrumental sounds. instrument::sax_alto note::D octave::3 midi note::38 microphone::neumann U87 tuning reference::442.0 good-sounds-id::4675",2026-09-24
358412,https://freesound.org/people/MTG/sounds/358412/,Sax Alto - D#3,MTG,20239 Sax Alto single notes,http://creativecommons.org/licenses/by/3.0/,"September 16th, 2016","Recorded in the context of the good-sounds.org project from the Music Technology Group, Universitat Pompeu Fabra, Barcelona. Part of the Good-sounds dataset of monophonic instrumental sounds. instrument::sax_alto note::D# octave::3 midi note::39 microphone::neumann U87 tuning reference::442.0 good-sounds-id::4676",2026-09-24
358413,https://freesound.org/people/MTG/sounds/358413/,Sax Alto - E3,MTG,20239 Sax Alto single notes,http://creativecommons.org/licenses/by/3.0/,"September 16th, 2016","Recorded in the context of the good-sounds.org project from the Music Technology Group, Universitat Pompeu Fabra, Barcelona. Part of the Good-sounds dataset of monophonic instrumental sounds. instrument::sax_alto note::E octave::3 midi note::40 microphone::neumann U87 tuning reference::442.0 good-sounds-id::4677",2026-09-24
358414,https://freesound.org/people/MTG/sounds/358414/,Sax Alto - F3,MTG,20239 Sax Alto single notes,http://creativecommons.org/licenses/by/3.0/,"September 16th, 2016","Recorded in the context of the good-sounds.org project from the Music Technology Group, Universitat Pompeu Fabra, Barcelona. Part of the Good-sounds dataset of monophonic instrumental sounds. instrument::sax_alto note::F octave::3 midi note::41 microphone::neumann U87 tuning reference::442.0 good-sounds-id::4678",2026-09-24
358415,https://freesound.org/people/MTG/sounds/358415/,Sax Alto - F#3,MTG,20239 Sax Alto single notes,http://creativecommons.org/licenses/by/3.0/,"September 16th, 2016","Recorded in the context of the good-sounds.org project from the Music Technology Group, Universitat Pompeu Fabra, Barcelona. Part of the Good-sounds dataset of monophonic instrumental sounds. instrument::sax_alto note::F# octave::3 midi note::42 microphone::neumann U87 tuning reference::442.0 good-sounds-id::4679",2026-09-24
358416,https://freesound.org/people/MTG/sounds/358416/,Sax Alto - G3,MTG,20239 Sax Alto single notes,http://creativecommons.org/licenses/by/3.0/,"September 16th, 2016","Recorded in the context of the good-sounds.org project from the Music Technology Group, Universitat Pompeu Fabra, Barcelona. Part of the Good-sounds dataset of monophonic instrumental sounds. instrument::sax_alto note::G octave::3 midi note::43 microphone::neumann U87 tuning reference::442.0 good-sounds-id::4680",2026-09-24
358417,https://freesound.org/people/MTG/sounds/358417/,Sax Alto - G#3,MTG,20239 Sax Alto single notes,http://creativecommons.org/licenses/by/3.0/,"September 16th, 2016","Recorded in the context of the good-sounds.org project from the Music Technology Group, Universitat Pompeu Fabra, Barcelona. Part of the Good-sounds dataset of monophonic instrumental sounds. instrument::sax_alto note::G# octave::3 midi note::44 microphone::neumann U87 tuning reference::442.0 good-sounds-id::4681",2026-09-24
358418,https://freesound.org/people/MTG/sounds/358418/,Sax Alto - A3,MTG,20239 Sax Alto single notes,http://creativecommons.org/licenses/by/3.0/,"September 16th, 2016","Recorded in the context of the good-sounds.org project from the Music Technology Group, Universitat Pompeu Fabra, Barcelona. Part of the Good-sounds dataset of monophonic instrumental sounds. instrument::sax_alto note::A octave::3 midi note::45 microphone::neumann U87 tuning reference::442.0 good-sounds-id::4682",2026-09-24
358419,https://freesound.org/people/MTG/sounds/358419/,Sax Alto - A#3,MTG,20239 Sax Alto single notes,http://creativecommons.org/licenses/by/3.0/,"September 16th, 2016","Recorded in the context of the good-sounds.org project from the Music Technology Group, Universitat Pompeu Fabra, Barcelona. Part of the Good-sounds dataset of monophonic instrumental sounds. instrument::sax_alto note::A# octave::3 midi note::46 microphone::neumann U87 tuning reference::442.0 good-sounds-id::4683",2026-09-24
358420,https://freesound.org/people/MTG/sounds/358420/,Sax Alto - B3,MTG,20239 Sax Alto single notes,http://creativecommons.org/licenses/by/3.0/,"September 16th, 2016","Recorded in the context of the good-sounds.org project from the Music Technology Group, Universitat Pompeu Fabra, Barcelona. Part of the Good-sounds dataset of monophonic instrumental sounds. instrument::sax_alto note::B octave::3 midi note::47 microphone::neumann U87 tuning reference::442.0 good-sounds-id::4684",2026-09-24
358421,https://freesound.org/people/MTG/sounds/358421/,Sax Alto - C4,MTG,20239 Sax Alto single notes,http://creativecommons.org/licenses/by/3.0/,"September 16th, 2016","Recorded in the context of the good-sounds.org project from the Music Technology Group, Universitat Pompeu Fabra, Barcelona. Part of the Good-sounds dataset of monophonic instrumental sounds. instrument::sax_alto note::C octave::4 midi note::48 microphone::neumann U87 tuning reference::442.0 good-sounds-id::4685",2026-09-24
358422,https://freesound.org/people/MTG/sounds/358422/,Sax Alto - C#4,MTG,20239 Sax Alto single notes,http://creativecommons.org/licenses/by/3.0/,"September 16th, 2016","Recorded in the context of the good-sounds.org project from the Music Technology Group, Universitat Pompeu Fabra, Barcelona. Part of the Good-sounds dataset of monophonic instrumental sounds. instrument::sax_alto note::C# octave::4 midi note::49 microphone::neumann U87 tuning reference::442.0 good-sounds-id::4686",2026-09-24
358423,https://freesound.org/people/MTG/sounds/358423/,Sax Alto - D4,MTG,20239 Sax Alto single notes,http://creativecommons.org/licenses/by/3.0/,"September 16th, 2016","Recorded in the context of the good-sounds.org project from the Music Technology Group, Universitat Pompeu Fabra, Barcelona. Part of the Good-sounds dataset of monophonic instrumental sounds. instrument::sax_alto note::D octave::4 midi note::50 microphone::neumann U87 tuning reference::442.0 good-sounds-id::4687",2026-09-24
358424,https://freesound.org/people/MTG/sounds/358424/,Sax Alto - D#4,MTG,20239 Sax Alto single notes,http://creativecommons.org/licenses/by/3.0/,"September 16th, 2016","Recorded in the context of the good-sounds.org project from the Music Technology Group, Universitat Pompeu Fabra, Barcelona. Part of the Good-sounds dataset of monophonic instrumental sounds. instrument::sax_alto note::D# octave::4 midi note::51 microphone::neumann U87 tuning reference::442.0 good-sounds-id::4688",2026-09-24
358425,https://freesound.org/people/MTG/sounds/358425/,Sax Alto - E4,MTG,20239 Sax Alto single notes,http://creativecommons.org/licenses/by/3.0/,"September 16th, 2016","Recorded in the context of the good-sounds.org project from the Music Technology Group, Universitat Pompeu Fabra, Barcelona. Part of the Good-sounds dataset of monophonic instrumental sounds. instrument::sax_alto note::E octave::4 midi note::52 microphone::neumann U87 tuning reference::442.0 good-sounds-id::4689",2026-09-24
358426,https://freesound.org/people/MTG/sounds/358426/,Sax Alto - F4,MTG,20239 Sax Alto single notes,http://creativecommons.org/licenses/by/3.0/,"September 16th, 2016","Recorded in the context of the good-sounds.org project from the Music Technology Group, Universitat Pompeu Fabra, Barcelona. Part of the Good-sounds dataset of monophonic instrumental sounds. instrument::sax_alto note::F octave::4 midi note::53 microphone::neumann U87 tuning reference::442.0 good-sounds-id::4690",2026-09-24
358427,https://freesound.org/people/MTG/sounds/358427/,Sax Alto - F#4,MTG,20239 Sax Alto single notes,http://creativecommons.org/licenses/by/3.0/,"September 16th, 2016","Recorded in the context of the good-sounds.org project from the Music Technology Group, Universitat Pompeu Fabra, Barcelona. Part of the Good-sounds dataset of monophonic instrumental sounds. instrument::sax_alto note::F# octave::4 midi note::54 microphone::neumann U87 tuning reference::442.0 good-sounds-id::4691",2026-09-24
358428,https://freesound.org/people/MTG/sounds/358428/,Sax Alto - G4,MTG,20239 Sax Alto single notes,http://creativecommons.org/licenses/by/3.0/,"September 16th, 2016","Recorded in the context of the good-sounds.org project from the Music Technology Group, Universitat Pompeu Fabra, Barcelona. Part of the Good-sounds dataset of monophonic instrumental sounds. instrument::sax_alto note::G octave::4 midi note::55 microphone::neumann U87 tuning reference::442.0 good-sounds-id::4692",2026-09-24
358429,https://freesound.org/people/MTG/sounds/358429/,Sax Alto - G#4,MTG,20239 Sax Alto single notes,http://creativecommons.org/licenses/by/3.0/,"September 16th, 2016","Recorded in the context of the good-sounds.org project from the Music Technology Group, Universitat Pompeu Fabra, Barcelona. Part of the Good-sounds dataset of monophonic instrumental sounds. instrument::sax_alto note::G# octave::4 midi note::56 microphone::neumann U87 tuning reference::442.0 good-sounds-id::4693",2026-09-24
358430,https://freesound.org/people/MTG/sounds/358430/,Sax Alto - A4,MTG,20239 Sax Alto single notes,http://creativecommons.org/licenses/by/3.0/,"September 16th, 2016","Recorded in the context of the good-sounds.org project from the Music Technology Group, Universitat Pompeu Fabra, Barcelona. Part of the Good-sounds dataset of monophonic instrumental sounds. instrument::sax_alto note::A octave::4 midi note::57 microphone::neumann U87 tuning reference::442.0 good-sounds-id::4694",2026-09-24
358431,https://freesound.org/people/MTG/sounds/358431/,Sax Alto - A#4,MTG,20239 Sax Alto single notes,http://creativecommons.org/licenses/by/3.0/,"September 16th, 2016","Recorded in the context of the good-sounds.org project from the Music Technology Group, Universitat Pompeu Fabra, Barcelona. Part of the Good-sounds dataset of monophonic instrumental sounds. instrument::sax_alto note::A# octave::4 midi note::58 microphone::neumann U87 tuning reference::442.0 good-sounds-id::4695",2026-09-24
358432,https://freesound.org/people/MTG/sounds/358432/,Sax Alto - B4,MTG,20239 Sax Alto single notes,http://creativecommons.org/licenses/by/3.0/,"September 16th, 2016","Recorded in the context of the good-sounds.org project from the Music Technology Group, Universitat Pompeu Fabra, Barcelona. Part of the Good-sounds dataset of monophonic instrumental sounds. instrument::sax_alto note::B octave::4 midi note::59 microphone::neumann U87 tuning reference::442.0 good-sounds-id::4696",2026-09-24
358433,https://freesound.org/people/MTG/sounds/358433/,Sax Alto - C5,MTG,20239 Sax Alto single notes,http://creativecommons.org/licenses/by/3.0/,"September 16th, 2016","Recorded in the context of the good-sounds.org project from the Music Technology Group, Universitat Pompeu Fabra, Barcelona. Part of the Good-sounds dataset of monophonic instrumental sounds. instrument::sax_alto note::C octave::5 midi note::60 microphone::neumann U87 tuning reference::442.0 good-sounds-id::4697",2026-09-24
358434,https://freesound.org/people/MTG/sounds/358434/,Sax Alto - C#5,MTG,20239 Sax Alto single notes,http://creativecommons.org/licenses/by/3.0/,"September 16th, 2016","Recorded in the context of the good-sounds.org project from the Music Technology Group, Universitat Pompeu Fabra, Barcelona. Part of the Good-sounds dataset of monophonic instrumental sounds. instrument::sax_alto note::C# octave::5 midi note::61 microphone::neumann U87 tuning reference::442.0 good-sounds-id::4698",2026-09-24
358435,https://freesound.org/people/MTG/sounds/358435/,Sax Alto - D5,MTG,20239 Sax Alto single notes,http://creativecommons.org/licenses/by/3.0/,"September 16th, 2016","Recorded in the context of the good-sounds.org project from the Music Technology Group, Universitat Pompeu Fabra, Barcelona. Part of the Good-sounds dataset of monophonic instrumental sounds. instrument::sax_alto note::D octave::5 midi note::62 microphone::neumann U87 tuning reference::442.0 good-sounds-id::4699",2026-09-24
358436,https://freesound.org/people/MTG/sounds/358436/,Sax Alto - D#5,MTG,20239 Sax Alto single notes,http://creativecommons.org/licenses/by/3.0/,"September 16th, 2016","Recorded in the context of the good-sounds.org project from the Music Technology Group, Universitat Pompeu Fabra, Barcelona. Part of the Good-sounds dataset of monophonic instrumental sounds. instrument::sax_alto note::D# octave::5 midi note::63 microphone::neumann U87 tuning reference::442.0 good-sounds-id::4700",2026-09-24
358437,https://freesound.org/people/MTG/sounds/358437/,Sax Alto - E5,MTG,20239 Sax Alto single notes,http://creativecommons.org/licenses/by/3.0/,"September 16th, 2016","Recorded in the context of the good-sounds.org project from the Music Technology Group, Universitat Pompeu Fabra, Barcelona. Part of the Good-sounds dataset of monophonic instrumental sounds. instrument::sax_alto note::E octave::5 midi note::64 microphone::neumann U87 tuning reference::442.0 good-sounds-id::4701",2026-09-24
358438,https://freesound.org/people/MTG/sounds/358438/,Sax Alto - F5,MTG,20239 Sax Alto single notes,http://creativecommons.org/licenses/by/3.0/,"September 16th, 2016","Recorded in the context of the good-sounds.org project from the Music Technology Group, Universitat Pompeu Fabra, Barcelona. Part of the Good-sounds dataset of monophonic instrumental sounds. instrument::sax_alto note::F octave::5 midi note::65 microphone::neumann U87 tuning reference::442.0 good-sounds-id::4702",2026-09-24
358439,https://freesound.org/people/MTG/sounds/358439/,Sax Alto - F#5,MTG,20239 Sax Alto single notes,http://creativecommons.org/licenses/by/3.0/,"September 16th, 2016","Recorded in the context of the good-sounds.org project from the Music Technology Group, Universitat Pompeu Fabra, Barcelona. Part of the Good-sounds dataset of monophonic instrumental sounds. instrument::sax_alto note::F# octave::5 midi note::66 microphone::neumann U87 tuning reference::442.0 good-sounds-id::4703",2026-09-24
358440,https://freesound.org/people/MTG/sounds/358440/,Sax Alto - G5,MTG,20239 Sax Alto single notes,http://creativecommons.org/licenses/by/3.0/,"September 16th, 2016","Recorded in the context of the good-sounds.org project from the Music Technology Group, Universitat Pompeu Fabra, Barcelona. Part of the Good-sounds dataset of monophonic instrumental sounds. instrument::sax_alto note::G octave::5 midi note::67 microphone::neumann U87 tuning reference::442.0 good-sounds-id::4704",2026-09-24
358441,https://freesound.org/people/MTG/sounds/358441/,Sax Alto - G#5,MTG,20239 Sax Alto single notes,http://creativecommons.org/licenses/by/3.0/,"September 16th, 2016","Recorded in the context of the good-sounds.org project from the Music Technology Group, Universitat Pompeu Fabra, Barcelona. Part of the Good-sounds dataset of monophonic instrumental sounds. instrument::sax_alto note::G# octave::5 midi note::68 microphone::neumann U87 tuning reference::442.0 good-sounds-id::4705",2026-09-24
358442,https://freesound.org/people/MTG/sounds/358442/,Sax Alto - A5,MTG,20239 Sax Alto single notes,http://creativecommons.org/licenses/by/3.0/,"September 16th, 2016","Recorded in the context of the good-sounds.org project from the Music Technology Group, Universitat Pompeu Fabra, Barcelona. Part of the Good-sounds dataset of monophonic instrumental sounds. instrument::sax_alto note::A octave::5 midi note::69 microphone::neumann U87 tuning reference::442.0 good-sounds-id::4706",2026-09-24
359181,https://freesound.org/people/MTG/sounds/359181/,Sax Tenor - G#2,MTG,20247 Sax Tenor single notes,http://creativecommons.org/licenses/by/3.0/,"September 18th, 2016","Recorded in the context of the good-sounds.org project from the Music Technology Group, Universitat Pompeu Fabra, Barcelona. Part of the Good-sounds dataset of monophonic instrumental sounds. instrument::sax_tenor note::G# octave::2 midi note::32 microphone::neumann U87 tuning reference::442.0 good-sounds-id::4965",2026-09-24
359182,https://freesound.org/people/MTG/sounds/359182/,Sax Tenor - A2,MTG,20247 Sax Tenor single notes,http://creativecommons.org/licenses/by/3.0/,"September 18th, 2016","Recorded in the context of the good-sounds.org project from the Music Technology Group, Universitat Pompeu Fabra, Barcelona. Part of the Good-sounds dataset of monophonic instrumental sounds. instrument::sax_tenor note::A octave::2 midi note::33 microphone::neumann U87 tuning reference::442.0 good-sounds-id::4966",2026-09-24
359183,https://freesound.org/people/MTG/sounds/359183/,Sax Tenor - A#2,MTG,20247 Sax Tenor single notes,http://creativecommons.org/licenses/by/3.0/,"September 18th, 2016","Recorded in the context of the good-sounds.org project from the Music Technology Group, Universitat Pompeu Fabra, Barcelona. Part of the Good-sounds dataset of monophonic instrumental sounds. instrument::sax_tenor note::A# octave::2 midi note::34 microphone::neumann U87 tuning reference::442.0 good-sounds-id::4967",2026-09-24
359184,https://freesound.org/people/MTG/sounds/359184/,Sax Tenor - B2,MTG,20247 Sax Tenor single notes,http://creativecommons.org/licenses/by/3.0/,"September 18th, 2016","Recorded in the context of the good-sounds.org project from the Music Technology Group, Universitat Pompeu Fabra, Barcelona. Part of the Good-sounds dataset of monophonic instrumental sounds. instrument::sax_tenor note::B octave::2 midi note::35 microphone::neumann U87 tuning reference::442.0 good-sounds-id::4968",2026-09-24
359185,https://freesound.org/people/MTG/sounds/359185/,Sax Tenor - C3,MTG,20247 Sax Tenor single notes,http://creativecommons.org/licenses/by/3.0/,"September 18th, 2016","Recorded in the context of the good-sounds.org project from the Music Technology Group, Universitat Pompeu Fabra, Barcelona. Part of the Good-sounds dataset of monophonic instrumental sounds. instrument::sax_tenor note::C octave::3 midi note::36 microphone::neumann U87 tuning reference::442.0 good-sounds-id::4969",2026-09-24
359186,https://freesound.org/people/MTG/sounds/359186/,Sax Tenor - C#3,MTG,20247 Sax Tenor single notes,http://creativecommons.org/licenses/by/3.0/,"September 18th, 2016","Recorded in the context of the good-sounds.org project from the Music Technology Group, Universitat Pompeu Fabra, Barcelona. Part of the Good-sounds dataset of monophonic instrumental sounds. instrument::sax_tenor note::C# octave::3 midi note::37 microphone::neumann U87 tuning reference::442.0 good-sounds-id::4970",2026-09-24
359187,https://freesound.org/people/MTG/sounds/359187/,Sax Tenor - D3,MTG,20247 Sax Tenor single notes,http://creativecommons.org/licenses/by/3.0/,"September 18th, 2016","Recorded in the context of the good-sounds.org project from the Music Technology Group, Universitat Pompeu Fabra, Barcelona. Part of the Good-sounds dataset of monophonic instrumental sounds. instrument::sax_tenor note::D octave::3 midi note::38 microphone::neumann U87 tuning reference::442.0 good-sounds-id::4971",2026-09-24
359188,https://freesound.org/people/MTG/sounds/359188/,Sax Tenor - D#3,MTG,20247 Sax Tenor single notes,http://creativecommons.org/licenses/by/3.0/,"September 18th, 2016","Recorded in the context of the good-sounds.org project from the Music Technology Group, Universitat Pompeu Fabra, Barcelona. Part of the Good-sounds dataset of monophonic instrumental sounds. instrument::sax_tenor note::D# octave::3 midi note::39 microphone::neumann U87 tuning reference::442.0 good-sounds-id::4972",2026-09-24
359189,https://freesound.org/people/MTG/sounds/359189/,Sax Tenor - E3,MTG,20247 Sax Tenor single notes,http://creativecommons.org/licenses/by/3.0/,"September 18th, 2016","Recorded in the context of the good-sounds.org project from the Music Technology Group, Universitat Pompeu Fabra, Barcelona. Part of the Good-sounds dataset of monophonic instrumental sounds. instrument::sax_tenor note::E octave::3 midi note::40 microphone::neumann U87 tuning reference::442.0 good-sounds-id::4973",2026-09-24
359190,https://freesound.org/people/MTG/sounds/359190/,Sax Tenor - F3,MTG,20247 Sax Tenor single notes,http://creativecommons.org/licenses/by/3.0/,"September 18th, 2016","Recorded in the context of the good-sounds.org project from the Music Technology Group, Universitat Pompeu Fabra, Barcelona. Part of the Good-sounds dataset of monophonic instrumental sounds. instrument::sax_tenor note::F octave::3 midi note::41 microphone::neumann U87 tuning reference::442.0 good-sounds-id::4974",2026-09-24
359191,https://freesound.org/people/MTG/sounds/359191/,Sax Tenor - F#3,MTG,20247 Sax Tenor single notes,http://creativecommons.org/licenses/by/3.0/,"September 18th, 2016","Recorded in the context of the good-sounds.org project from the Music Technology Group, Universitat Pompeu Fabra, Barcelona. Part of the Good-sounds dataset of monophonic instrumental sounds. instrument::sax_tenor note::F# octave::3 midi note::42 microphone::neumann U87 tuning reference::442.0 good-sounds-id::4975",2026-09-24
359192,https://freesound.org/people/MTG/sounds/359192/,Sax Tenor - G3,MTG,20247 Sax Tenor single notes,http://creativecommons.org/licenses/by/3.0/,"September 18th, 2016","Recorded in the context of the good-sounds.org project from the Music Technology Group, Universitat Pompeu Fabra, Barcelona. Part of the Good-sounds dataset of monophonic instrumental sounds. instrument::sax_tenor note::G octave::3 midi note::43 microphone::neumann U87 tuning reference::442.0 good-sounds-id::4976",2026-09-24
359193,https://freesound.org/people/MTG/sounds/359193/,Sax Tenor - G#3,MTG,20247 Sax Tenor single notes,http://creativecommons.org/licenses/by/3.0/,"September 18th, 2016","Recorded in the context of the good-sounds.org project from the Music Technology Group, Universitat Pompeu Fabra, Barcelona. Part of the Good-sounds dataset of monophonic instrumental sounds. instrument::sax_tenor note::G# octave::3 midi note::44 microphone::neumann U87 tuning reference::442.0 good-sounds-id::4977",2026-09-24
359194,https://freesound.org/people/MTG/sounds/359194/,Sax Tenor - A3,MTG,20247 Sax Tenor single notes,http://creativecommons.org/licenses/by/3.0/,"September 18th, 2016","Recorded in the context of the good-sounds.org project from the Music Technology Group, Universitat Pompeu Fabra, Barcelona. Part of the Good-sounds dataset of monophonic instrumental sounds. instrument::sax_tenor note::A octave::3 midi note::45 microphone::neumann U87 tuning reference::442.0 good-sounds-id::4978",2026-09-24
359195,https://freesound.org/people/MTG/sounds/359195/,Sax Tenor - A#3,MTG,20247 Sax Tenor single notes,http://creativecommons.org/licenses/by/3.0/,"September 18th, 2016","Recorded in the context of the good-sounds.org project from the Music Technology Group, Universitat Pompeu Fabra, Barcelona. Part of the Good-sounds dataset of monophonic instrumental sounds. instrument::sax_tenor note::A# octave::3 midi note::46 microphone::neumann U87 tuning reference::442.0 good-sounds-id::4979",2026-09-24
359196,https://freesound.org/people/MTG/sounds/359196/,Sax Tenor - B3,MTG,20247 Sax Tenor single notes,http://creativecommons.org/licenses/by/3.0/,"September 18th, 2016","Recorded in the context of the good-sounds.org project from the Music Technology Group, Universitat Pompeu Fabra, Barcelona. Part of the Good-sounds dataset of monophonic instrumental sounds. instrument::sax_tenor note::B octave::3 midi note::47 microphone::neumann U87 tuning reference::442.0 good-sounds-id::4980",2026-09-24
359197,https://freesound.org/people/MTG/sounds/359197/,Sax Tenor - C4,MTG,20247 Sax Tenor single notes,http://creativecommons.org/licenses/by/3.0/,"September 18th, 2016","Recorded in the context of the good-sounds.org project from the Music Technology Group, Universitat Pompeu Fabra, Barcelona. Part of the Good-sounds dataset of monophonic instrumental sounds. instrument::sax_tenor note::C octave::4 midi note::48 microphone::neumann U87 tuning reference::442.0 good-sounds-id::4981",2026-09-24
359198,https://freesound.org/people/MTG/sounds/359198/,Sax Tenor - C#4,MTG,20247 Sax Tenor single notes,http://creativecommons.org/licenses/by/3.0/,"September 18th, 2016","Recorded in the context of the good-sounds.org project from the Music Technology Group, Universitat Pompeu Fabra, Barcelona. Part of the Good-sounds dataset of monophonic instrumental sounds. instrument::sax_tenor note::C# octave::4 midi note::49 microphone::neumann U87 tuning reference::442.0 good-sounds-id::4982",2026-09-24
359199,https://freesound.org/people/MTG/sounds/359199/,Sax Tenor - D4,MTG,20247 Sax Tenor single notes,http://creativecommons.org/licenses/by/3.0/,"September 18th, 2016","Recorded in the context of the good-sounds.org project from the Music Technology Group, Universitat Pompeu Fabra, Barcelona. Part of the Good-sounds dataset of monophonic instrumental sounds. instrument::sax_tenor note::D octave::4 midi note::50 microphone::neumann U87 tuning reference::442.0 good-sounds-id::4983",2026-09-24
359200,https://freesound.org/people/MTG/sounds/359200/,Sax Tenor - D#4,MTG,20247 Sax Tenor single notes,http://creativecommons.org/licenses/by/3.0/,"September 18th, 2016","Recorded in the context of the good-sounds.org project from the Music Technology Group, Universitat Pompeu Fabra, Barcelona. Part of the Good-sounds dataset of monophonic instrumental sounds. instrument::sax_tenor note::D# octave::4 midi note::51 microphone::neumann U87 tuning reference::442.0 good-sounds-id::4984",2026-09-24
359201,https://freesound.org/people/MTG/sounds/359201/,Sax Tenor - E4,MTG,20247 Sax Tenor single notes,http://creativecommons.org/licenses/by/3.0/,"September 18th, 2016","Recorded in the context of the good-sounds.org project from the Music Technology Group, Universitat Pompeu Fabra, Barcelona. Part of the Good-sounds dataset of monophonic instrumental sounds. instrument::sax_tenor note::E octave::4 midi note::52 microphone::neumann U87 tuning reference::442.0 good-sounds-id::4985",2026-09-24
359202,https://freesound.org/people/MTG/sounds/359202/,Sax Tenor - F4,MTG,20247 Sax Tenor single notes,http://creativecommons.org/licenses/by/3.0/,"September 18th, 2016","Recorded in the context of the good-sounds.org project from the Music Technology Group, Universitat Pompeu Fabra, Barcelona. Part of the Good-sounds dataset of monophonic instrumental sounds. instrument::sax_tenor note::F octave::4 midi note::53 microphone::neumann U87 tuning reference::442.0 good-sounds-id::4986",2026-09-24
359203,https://freesound.org/people/MTG/sounds/359203/,Sax Tenor - F#4,MTG,20247 Sax Tenor single notes,http://creativecommons.org/licenses/by/3.0/,"September 18th, 2016","Recorded in the context of the good-sounds.org project from the Music Technology Group, Universitat Pompeu Fabra, Barcelona. Part of the Good-sounds dataset of monophonic instrumental sounds. instrument::sax_tenor note::F# octave::4 midi note::54 microphone::neumann U87 tuning reference::442.0 good-sounds-id::4987",2026-09-24
359204,https://freesound.org/people/MTG/sounds/359204/,Sax Tenor - G4,MTG,20247 Sax Tenor single notes,http://creativecommons.org/licenses/by/3.0/,"September 18th, 2016","Recorded in the context of the good-sounds.org project from the Music Technology Group, Universitat Pompeu Fabra, Barcelona. Part of the Good-sounds dataset of monophonic instrumental sounds. instrument::sax_tenor note::G octave::4 midi note::55 microphone::neumann U87 tuning reference::442.0 good-sounds-id::4988",2026-09-24
359205,https://freesound.org/people/MTG/sounds/359205/,Sax Tenor - G#4,MTG,20247 Sax Tenor single notes,http://creativecommons.org/licenses/by/3.0/,"September 18th, 2016","Recorded in the context of the good-sounds.org project from the Music Technology Group, Universitat Pompeu Fabra, Barcelona. Part of the Good-sounds dataset of monophonic instrumental sounds. instrument::sax_tenor note::G# octave::4 midi note::56 microphone::neumann U87 tuning reference::442.0 good-sounds-id::4989",2026-09-24
359206,https://freesound.org/people/MTG/sounds/359206/,Sax Tenor - A4,MTG,20247 Sax Tenor single notes,http://creativecommons.org/licenses/by/3.0/,"September 18th, 2016","Recorded in the context of the good-sounds.org project from the Music Technology Group, Universitat Pompeu Fabra, Barcelona. Part of the Good-sounds dataset of monophonic instrumental sounds. instrument::sax_tenor note::A octave::4 midi note::57 microphone::neumann U87 tuning reference::442.0 good-sounds-id::4990",2026-09-24
359207,https://freesound.org/people/MTG/sounds/359207/,Sax Tenor - A#4,MTG,20247 Sax Tenor single notes,http://creativecommons.org/licenses/by/3.0/,"September 18th, 2016","Recorded in the context of the good-sounds.org project from the Music Technology Group, Universitat Pompeu Fabra, Barcelona. Part of the Good-sounds dataset of monophonic instrumental sounds. instrument::sax_tenor note::A# octave::4 midi note::58 microphone::neumann U87 tuning reference::442.0 good-sounds-id::4991",2026-09-24
359208,https://freesound.org/people/MTG/sounds/359208/,Sax Tenor - B4,MTG,20247 Sax Tenor single notes,http://creativecommons.org/licenses/by/3.0/,"September 18th, 2016","Recorded in the context of the good-sounds.org project from the Music Technology Group, Universitat Pompeu Fabra, Barcelona. Part of the Good-sounds dataset of monophonic instrumental sounds. instrument::sax_tenor note::B octave::4 midi note::59 microphone::neumann U87 tuning reference::442.0 good-sounds-id::4992",2026-09-24
359209,https://freesound.org/people/MTG/sounds/359209/,Sax Tenor - C5,MTG,20247 Sax Tenor single notes,http://creativecommons.org/licenses/by/3.0/,"September 18th, 2016","Recorded in the context of the good-sounds.org project from the Music Technology Group, Universitat Pompeu Fabra, Barcelona. Part of the Good-sounds dataset of monophonic instrumental sounds. instrument::sax_tenor note::C octave::5 midi note::60 microphone::neumann U87 tuning reference::442.0 good-sounds-id::4993",2026-09-24
359210,https://freesound.org/people/MTG/sounds/359210/,Sax Tenor - C#5,MTG,20247 Sax Tenor single notes,http://creativecommons.org/licenses/by/3.0/,"September 18th, 2016","Recorded in the context of the good-sounds.org project from the Music Technology Group, Universitat Pompeu Fabra, Barcelona. Part of the Good-sounds dataset of monophonic instrumental sounds. instrument::sax_tenor note::C# octave::5 midi note::61 microphone::neumann U87 tuning reference::442.0 good-sounds-id::4994",2026-09-24
359211,https://freesound.org/people/MTG/sounds/359211/,Sax Tenor - D5,MTG,20247 Sax Tenor single notes,http://creativecommons.org/licenses/by/3.0/,"September 18th, 2016","Recorded in the context of the good-sounds.org project from the Music Technology Group, Universitat Pompeu Fabra, Barcelona. Part of the Good-sounds dataset of monophonic instrumental sounds. instrument::sax_tenor note::D octave::5 midi note::62 microphone::neumann U87 tuning reference::442.0 good-sounds-id::4995",2026-09-24
359212,https://freesound.org/people/MTG/sounds/359212/,Sax Tenor - D#5,MTG,20247 Sax Tenor single notes,http://creativecommons.org/licenses/by/3.0/,"September 18th, 2016","Recorded in the context of the good-sounds.org project from the Music Technology Group, Universitat Pompeu Fabra, Barcelona. Part of the Good-sounds dataset of monophonic instrumental sounds. instrument::sax_tenor note::D# octave::5 midi note::63 microphone::neumann U87 tuning reference::442.0 good-sounds-id::4996",2026-09-24
359213,https://freesound.org/people/MTG/sounds/359213/,Sax Tenor - E5,MTG,20247 Sax Tenor single notes,http://creativecommons.org/licenses/by/3.0/,"September 18th, 2016","Recorded in the context of the good-sounds.org project from the Music Technology Group, Universitat Pompeu Fabra, Barcelona. Part of the Good-sounds dataset of monophonic instrumental sounds. instrument::sax_tenor note::E octave::5 midi note::64 microphone::neumann U87 tuning reference::442.0 good-sounds-id::4997",2026-09-24
359214,https://freesound.org/people/MTG/sounds/359214/,Sax Tenor - G#2,MTG,20247 Sax Tenor single notes,http://creativecommons.org/licenses/by/3.0/,"September 18th, 2016","Recorded in the context of the good-sounds.org project from the Music Technology Group, Universitat Pompeu Fabra, Barcelona. Part of the Good-sounds dataset of monophonic instrumental sounds. instrument::sax_tenor note::G# octave::2 midi note::32 microphone::neumann U87 tuning reference::442.0 good-sounds-id::4998",2026-09-24
359215,https://freesound.org/people/MTG/sounds/359215/,Sax Tenor - A2,MTG,20247 Sax Tenor single notes,http://creativecommons.org/licenses/by/3.0/,"September 18th, 2016","Recorded in the context of the good-sounds.org project from the Music Technology Group, Universitat Pompeu Fabra, Barcelona. Part of the Good-sounds dataset of monophonic instrumental sounds. instrument::sax_tenor note::A octave::2 midi note::33 microphone::neumann U87 tuning reference::442.0 good-sounds-id::4999",2026-09-24
359216,https://freesound.org/people/MTG/sounds/359216/,Sax Tenor - A#2,MTG,20247 Sax Tenor single notes,http://creativecommons.org/licenses/by/3.0/,"September 18th, 2016","Recorded in the context of the good-sounds.org project from the Music Technology Group, Universitat Pompeu Fabra, Barcelona. Part of the Good-sounds dataset of monophonic instrumental sounds. instrument::sax_tenor note::A# octave::2 midi note::34 microphone::neumann U87 tuning reference::442.0 good-sounds-id::5000",2026-09-24
359217,https://freesound.org/people/MTG/sounds/359217/,Sax Tenor - B2,MTG,20247 Sax Tenor single notes,http://creativecommons.org/licenses/by/3.0/,"September 18th, 2016","Recorded in the context of the good-sounds.org project from the Music Technology Group, Universitat Pompeu Fabra, Barcelona. Part of the Good-sounds dataset of monophonic instrumental sounds. instrument::sax_tenor note::B octave::2 midi note::35 microphone::neumann U87 tuning reference::442.0 good-sounds-id::5001",2026-09-24
359218,https://freesound.org/people/MTG/sounds/359218/,Sax Tenor - C3,MTG,20247 Sax Tenor single notes,http://creativecommons.org/licenses/by/3.0/,"September 18th, 2016","Recorded in the context of the good-sounds.org project from the Music Technology Group, Universitat Pompeu Fabra, Barcelona. Part of the Good-sounds dataset of monophonic instrumental sounds. instrument::sax_tenor note::C octave::3 midi note::36 microphone::neumann U87 tuning reference::442.0 good-sounds-id::5002",2026-09-24
359219,https://freesound.org/people/MTG/sounds/359219/,Sax Tenor - C#3,MTG,20247 Sax Tenor single notes,http://creativecommons.org/licenses/by/3.0/,"September 18th, 2016","Recorded in the context of the good-sounds.org project from the Music Technology Group, Universitat Pompeu Fabra, Barcelona. Part of the Good-sounds dataset of monophonic instrumental sounds. instrument::sax_tenor note::C# octave::3 midi note::37 microphone::neumann U87 tuning reference::442.0 good-sounds-id::5003",2026-09-24
359220,https://freesound.org/people/MTG/sounds/359220/,Sax Tenor - D3,MTG,20247 Sax Tenor single notes,http://creativecommons.org/licenses/by/3.0/,"September 18th, 2016","Recorded in the context of the good-sounds.org project from the Music Technology Group, Universitat Pompeu Fabra, Barcelona. Part of the Good-sounds dataset of monophonic instrumental sounds. instrument::sax_tenor note::D octave::3 midi note::38 microphone::neumann U87 tuning reference::442.0 good-sounds-id::5004",2026-09-24
359221,https://freesound.org/people/MTG/sounds/359221/,Sax Tenor - D#3,MTG,20247 Sax Tenor single notes,http://creativecommons.org/licenses/by/3.0/,"September 18th, 2016","Recorded in the context of the good-sounds.org project from the Music Technology Group, Universitat Pompeu Fabra, Barcelona. Part of the Good-sounds dataset of monophonic instrumental sounds. instrument::sax_tenor note::D# octave::3 midi note::39 microphone::neumann U87 tuning reference::442.0 good-sounds-id::5005",2026-09-24
359222,https://freesound.org/people/MTG/sounds/359222/,Sax Tenor - E3,MTG,20247 Sax Tenor single notes,http://creativecommons.org/licenses/by/3.0/,"September 18th, 2016","Recorded in the context of the good-sounds.org project from the Music Technology Group, Universitat Pompeu Fabra, Barcelona. Part of the Good-sounds dataset of monophonic instrumental sounds. instrument::sax_tenor note::E octave::3 midi note::40 microphone::neumann U87 tuning reference::442.0 good-sounds-id::5006",2026-09-24
359223,https://freesound.org/people/MTG/sounds/359223/,Sax Tenor - F3,MTG,20247 Sax Tenor single notes,http://creativecommons.org/licenses/by/3.0/,"September 18th, 2016","Recorded in the context of the good-sounds.org project from the Music Technology Group, Universitat Pompeu Fabra, Barcelona. Part of the Good-sounds dataset of monophonic instrumental sounds. instrument::sax_tenor note::F octave::3 midi note::41 microphone::neumann U87 tuning reference::442.0 good-sounds-id::5007",2026-09-24
359224,https://freesound.org/people/MTG/sounds/359224/,Sax Tenor - F#3,MTG,20247 Sax Tenor single notes,http://creativecommons.org/licenses/by/3.0/,"September 18th, 2016","Recorded in the context of the good-sounds.org project from the Music Technology Group, Universitat Pompeu Fabra, Barcelona. Part of the Good-sounds dataset of monophonic instrumental sounds. instrument::sax_tenor note::F# octave::3 midi note::42 microphone::neumann U87 tuning reference::442.0 good-sounds-id::5008",2026-09-24
359225,https://freesound.org/people/MTG/sounds/359225/,Sax Tenor - G3,MTG,20247 Sax Tenor single notes,http://creativecommons.org/licenses/by/3.0/,"September 18th, 2016","Recorded in the context of the good-sounds.org project from the Music Technology Group, Universitat Pompeu Fabra, Barcelona. Part of the Good-sounds dataset of monophonic instrumental sounds. instrument::sax_tenor note::G octave::3 midi note::43 microphone::neumann U87 tuning reference::442.0 good-sounds-id::5009",2026-09-24
359226,https://freesound.org/people/MTG/sounds/359226/,Sax Tenor - G#3,MTG,20247 Sax Tenor single notes,http://creativecommons.org/licenses/by/3.0/,"September 18th, 2016","Recorded in the context of the good-sounds.org project from the Music Technology Group, Universitat Pompeu Fabra, Barcelona. Part of the Good-sounds dataset of monophonic instrumental sounds. instrument::sax_tenor note::G# octave::3 midi note::44 microphone::neumann U87 tuning reference::442.0 good-sounds-id::5010",2026-09-24
359227,https://freesound.org/people/MTG/sounds/359227/,Sax Tenor - A3,MTG,20247 Sax Tenor single notes,http://creativecommons.org/licenses/by/3.0/,"September 18th, 2016","Recorded in the context of the good-sounds.org project from the Music Technology Group, Universitat Pompeu Fabra, Barcelona. Part of the Good-sounds dataset of monophonic instrumental sounds. instrument::sax_tenor note::A octave::3 midi note::45 microphone::neumann U87 tuning reference::442.0 good-sounds-id::5011",2026-09-24
359228,https://freesound.org/people/MTG/sounds/359228/,Sax Tenor - A#3,MTG,20247 Sax Tenor single notes,http://creativecommons.org/licenses/by/3.0/,"September 18th, 2016","Recorded in the context of the good-sounds.org project from the Music Technology Group, Universitat Pompeu Fabra, Barcelona. Part of the Good-sounds dataset of monophonic instrumental sounds. instrument::sax_tenor note::A# octave::3 midi note::46 microphone::neumann U87 tuning reference::442.0 good-sounds-id::5012",2026-09-24
359229,https://freesound.org/people/MTG/sounds/359229/,Sax Tenor - B3,MTG,20247 Sax Tenor single notes,http://creativecommons.org/licenses/by/3.0/,"September 18th, 2016","Recorded in the context of the good-sounds.org project from the Music Technology Group, Universitat Pompeu Fabra, Barcelona. Part of the Good-sounds dataset of monophonic instrumental sounds. instrument::sax_tenor note::B octave::3 midi note::47 microphone::neumann U87 tuning reference::442.0 good-sounds-id::5013",2026-09-24
359230,https://freesound.org/people/MTG/sounds/359230/,Sax Tenor - C4,MTG,20247 Sax Tenor single notes,http://creativecommons.org/licenses/by/3.0/,"September 18th, 2016","Recorded in the context of the good-sounds.org project from the Music Technology Group, Universitat Pompeu Fabra, Barcelona. Part of the Good-sounds dataset of monophonic instrumental sounds. instrument::sax_tenor note::C octave::4 midi note::48 microphone::neumann U87 tuning reference::442.0 good-sounds-id::5014",2026-09-24
359231,https://freesound.org/people/MTG/sounds/359231/,Sax Tenor - C#4,MTG,20247 Sax Tenor single notes,http://creativecommons.org/licenses/by/3.0/,"September 18th, 2016","Recorded in the context of the good-sounds.org project from the Music Technology Group, Universitat Pompeu Fabra, Barcelona. Part of the Good-sounds dataset of monophonic instrumental sounds. instrument::sax_tenor note::C# octave::4 midi note::49 microphone::neumann U87 tuning reference::442.0 good-sounds-id::5015",2026-09-24
359232,https://freesound.org/people/MTG/sounds/359232/,Sax Tenor - D4,MTG,20247 Sax Tenor single notes,http://creativecommons.org/licenses/by/3.0/,"September 18th, 2016","Recorded in the context of the good-sounds.org project from the Music Technology Group, Universitat Pompeu Fabra, Barcelona. Part of the Good-sounds dataset of monophonic instrumental sounds. instrument::sax_tenor note::D octave::4 midi note::50 microphone::neumann U87 tuning reference::442.0 good-sounds-id::5016",2026-09-24
359233,https://freesound.org/people/MTG/sounds/359233/,Sax Tenor - D#4,MTG,20247 Sax Tenor single notes,http://creativecommons.org/licenses/by/3.0/,"September 18th, 2016","Recorded in the context of the good-sounds.org project from the Music Technology Group, Universitat Pompeu Fabra, Barcelona. Part of the Good-sounds dataset of monophonic instrumental sounds. instrument::sax_tenor note::D# octave::4 midi note::51 microphone::neumann U87 tuning reference::442.0 good-sounds-id::5017",2026-09-24
359234,https://freesound.org/people/MTG/sounds/359234/,Sax Tenor - E4,MTG,20247 Sax Tenor single notes,http://creativecommons.org/licenses/by/3.0/,"September 18th, 2016","Recorded in the context of the good-sounds.org project from the Music Technology Group, Universitat Pompeu Fabra, Barcelona. Part of the Good-sounds dataset of monophonic instrumental sounds. instrument::sax_tenor note::E octave::4 midi note::52 microphone::neumann U87 tuning reference::442.0 good-sounds-id::5018",2026-09-24
359235,https://freesound.org/people/MTG/sounds/359235/,Sax Tenor - F4,MTG,20247 Sax Tenor single notes,http://creativecommons.org/licenses/by/3.0/,"September 18th, 2016","Recorded in the context of the good-sounds.org project from the Music Technology Group, Universitat Pompeu Fabra, Barcelona. Part of the Good-sounds dataset of monophonic instrumental sounds. instrument::sax_tenor note::F octave::4 midi note::53 microphone::neumann U87 tuning reference::442.0 good-sounds-id::5019",2026-09-24
359236,https://freesound.org/people/MTG/sounds/359236/,Sax Tenor - F#4,MTG,20247 Sax Tenor single notes,http://creativecommons.org/licenses/by/3.0/,"September 18th, 2016","Recorded in the context of the good-sounds.org project from the Music Technology Group, Universitat Pompeu Fabra, Barcelona. Part of the Good-sounds dataset of monophonic instrumental sounds. instrument::sax_tenor note::F# octave::4 midi note::54 microphone::neumann U87 tuning reference::442.0 good-sounds-id::5020",2026-09-24
359237,https://freesound.org/people/MTG/sounds/359237/,Sax Tenor - G4,MTG,20247 Sax Tenor single notes,http://creativecommons.org/licenses/by/3.0/,"September 18th, 2016","Recorded in the context of the good-sounds.org project from the Music Technology Group, Universitat Pompeu Fabra, Barcelona. Part of the Good-sounds dataset of monophonic instrumental sounds. instrument::sax_tenor note::G octave::4 midi note::55 microphone::neumann U87 tuning reference::442.0 good-sounds-id::5021",2026-09-24
359238,https://freesound.org/people/MTG/sounds/359238/,Sax Tenor - G#4,MTG,20247 Sax Tenor single notes,http://creativecommons.org/licenses/by/3.0/,"September 18th, 2016","Recorded in the context of the good-sounds.org project from the Music Technology Group, Universitat Pompeu Fabra, Barcelona. Part of the Good-sounds dataset of monophonic instrumental sounds. instrument::sax_tenor note::G# octave::4 midi note::56 microphone::neumann U87 tuning reference::442.0 good-sounds-id::5022",2026-09-24
359239,https://freesound.org/people/MTG/sounds/359239/,Sax Tenor - A4,MTG,20247 Sax Tenor single notes,http://creativecommons.org/licenses/by/3.0/,"September 18th, 2016","Recorded in the context of the good-sounds.org project from the Music Technology Group, Universitat Pompeu Fabra, Barcelona. Part of the Good-sounds dataset of monophonic instrumental sounds. instrument::sax_tenor note::A octave::4 midi note::57 microphone::neumann U87 tuning reference::442.0 good-sounds-id::5023",2026-09-24
359240,https://freesound.org/people/MTG/sounds/359240/,Sax Tenor - A#4,MTG,20247 Sax Tenor single notes,http://creativecommons.org/licenses/by/3.0/,"September 18th, 2016","Recorded in the context of the good-sounds.org project from the Music Technology Group, Universitat Pompeu Fabra, Barcelona. Part of the Good-sounds dataset of monophonic instrumental sounds. instrument::sax_tenor note::A# octave::4 midi note::58 microphone::neumann U87 tuning reference::442.0 good-sounds-id::5024",2026-09-24
359241,https://freesound.org/people/MTG/sounds/359241/,Sax Tenor - B4,MTG,20247 Sax Tenor single notes,http://creativecommons.org/licenses/by/3.0/,"September 18th, 2016","Recorded in the context of the good-sounds.org project from the Music Technology Group, Universitat Pompeu Fabra, Barcelona. Part of the Good-sounds dataset of monophonic instrumental sounds. instrument::sax_tenor note::B octave::4 midi note::59 microphone::neumann U87 tuning reference::442.0 good-sounds-id::5025",2026-09-24
359242,https://freesound.org/people/MTG/sounds/359242/,Sax Tenor - C5,MTG,20247 Sax Tenor single notes,http://creativecommons.org/licenses/by/3.0/,"September 18th, 2016","Recorded in the context of the good-sounds.org project from the Music Technology Group, Universitat Pompeu Fabra, Barcelona. Part of the Good-sounds dataset of monophonic instrumental sounds. instrument::sax_tenor note::C octave::5 midi note::60 microphone::neumann U87 tuning reference::442.0 good-sounds-id::5026",2026-09-24
359243,https://freesound.org/people/MTG/sounds/359243/,Sax Tenor - C#5,MTG,20247 Sax Tenor single notes,http://creativecommons.org/licenses/by/3.0/,"September 18th, 2016","Recorded in the context of the good-sounds.org project from the Music Technology Group, Universitat Pompeu Fabra, Barcelona. Part of the Good-sounds dataset of monophonic instrumental sounds. instrument::sax_tenor note::C# octave::5 midi note::61 microphone::neumann U87 tuning reference::442.0 good-sounds-id::5027",2026-09-24
359244,https://freesound.org/people/MTG/sounds/359244/,Sax Tenor - D5,MTG,20247 Sax Tenor single notes,http://creativecommons.org/licenses/by/3.0/,"September 18th, 2016","Recorded in the context of the good-sounds.org project from the Music Technology Group, Universitat Pompeu Fabra, Barcelona. Part of the Good-sounds dataset of monophonic instrumental sounds. instrument::sax_tenor note::D octave::5 midi note::62 microphone::neumann U87 tuning reference::442.0 good-sounds-id::5028",2026-09-24
359245,https://freesound.org/people/MTG/sounds/359245/,Sax Tenor - D#5,MTG,20247 Sax Tenor single notes,http://creativecommons.org/licenses/by/3.0/,"September 18th, 2016","Recorded in the context of the good-sounds.org project from the Music Technology Group, Universitat Pompeu Fabra, Barcelona. Part of the Good-sounds dataset of monophonic instrumental sounds. instrument::sax_tenor note::D# octave::5 midi note::63 microphone::neumann U87 tuning reference::442.0 good-sounds-id::5029",2026-09-24
359246,https://freesound.org/people/MTG/sounds/359246/,Sax Tenor - E5,MTG,20247 Sax Tenor single notes,http://creativecommons.org/licenses/by/3.0/,"September 18th, 2016","Recorded in the context of the good-sounds.org project from the Music Technology Group, Universitat Pompeu Fabra, Barcelona. Part of the Good-sounds dataset of monophonic instrumental sounds. instrument::sax_tenor note::E octave::5 midi note::64 microphone::neumann U87 tuning reference::442.0 good-sounds-id::5030",2026-09-24
359630,https://freesound.org/people/MTG/sounds/359630/,Sax Soprano - G#3,MTG,20251 Sax Soprano single notes,http://creativecommons.org/licenses/by/3.0/,"September 18th, 2016","Recorded in the context of the good-sounds.org project from the Music Technology Group, Universitat Pompeu Fabra, Barcelona. Part of the Good-sounds dataset of monophonic instrumental sounds. instrument::sax_soprano note::G# octave::3 midi note::44 microphone::neumann U87 tuning reference::442.0 good-sounds-id::5539",2026-09-24
359631,https://freesound.org/people/MTG/sounds/359631/,Sax Soprano - A3,MTG,20251 Sax Soprano single notes,http://creativecommons.org/licenses/by/3.0/,"September 18th, 2016","Recorded in the context of the good-sounds.org project from the Music Technology Group, Universitat Pompeu Fabra, Barcelona. Part of the Good-sounds dataset of monophonic instrumental sounds. instrument::sax_soprano note::A octave::3 midi note::45 microphone::neumann U87 tuning reference::442.0 good-sounds-id::5540",2026-09-24
359632,https://freesound.org/people/MTG/sounds/359632/,Sax Soprano - A#3,MTG,20251 Sax Soprano single notes,http://creativecommons.org/licenses/by/3.0/,"September 18th, 2016","Recorded in the context of the good-sounds.org project from the Music Technology Group, Universitat Pompeu Fabra, Barcelona. Part of the Good-sounds dataset of monophonic instrumental sounds. instrument::sax_soprano note::A# octave::3 midi note::46 microphone::neumann U87 tuning reference::442.0 good-sounds-id::5541",2026-09-24
359633,https://freesound.org/people/MTG/sounds/359633/,Sax Soprano - B3,MTG,20251 Sax Soprano single notes,http://creativecommons.org/licenses/by/3.0/,"September 18th, 2016","Recorded in the context of the good-sounds.org project from the Music Technology Group, Universitat Pompeu Fabra, Barcelona. Part of the Good-sounds dataset of monophonic instrumental sounds. instrument::sax_soprano note::B octave::3 midi note::47 microphone::neumann U87 tuning reference::442.0 good-sounds-id::5542",2026-09-24
359634,https://freesound.org/people/MTG/sounds/359634/,Sax Soprano - C4,MTG,20251 Sax Soprano single notes,http://creativecommons.org/licenses/by/3.0/,"September 18th, 2016","Recorded in the context of the good-sounds.org project from the Music Technology Group, Universitat Pompeu Fabra, Barcelona. Part of the Good-sounds dataset of monophonic instrumental sounds. instrument::sax_soprano note::C octave::4 midi note::48 microphone::neumann U87 tuning reference::442.0 good-sounds-id::5543",2026-09-24
359635,https://freesound.org/people/MTG/sounds/359635/,Sax Soprano - C#4,MTG,20251 Sax Soprano single notes,http://creativecommons.org/licenses/by/3.0/,"September 18th, 2016","Recorded in the context of the good-sounds.org project from the Music Technology Group, Universitat Pompeu Fabra, Barcelona. Part of the Good-sounds dataset of monophonic instrumental sounds. instrument::sax_soprano note::C# octave::4 midi note::49 microphone::neumann U87 tuning reference::442.0 good-sounds-id::5544",2026-09-24
359636,https://freesound.org/people/MTG/sounds/359636/,Sax Soprano - D4,MTG,20251 Sax Soprano single notes,http://creativecommons.org/licenses/by/3.0/,"September 18th, 2016","Recorded in the context of the good-sounds.org project from the Music Technology Group, Universitat Pompeu Fabra, Barcelona. Part of the Good-sounds dataset of monophonic instrumental sounds. instrument::sax_soprano note::D octave::4 midi note::50 microphone::neumann U87 tuning reference::442.0 good-sounds-id::5545",2026-09-24
359637,https://freesound.org/people/MTG/sounds/359637/,Sax Soprano - D#4,MTG,20251 Sax Soprano single notes,http://creativecommons.org/licenses/by/3.0/,"September 18th, 2016","Recorded in the context of the good-sounds.org project from the Music Technology Group, Universitat Pompeu Fabra, Barcelona. Part of the Good-sounds dataset of monophonic instrumental sounds. instrument::sax_soprano note::D# octave::4 midi note::51 microphone::neumann U87 tuning reference::442.0 good-sounds-id::5546",2026-09-24
359638,https://freesound.org/people/MTG/sounds/359638/,Sax Soprano - E4,MTG,20251 Sax Soprano single notes,http://creativecommons.org/licenses/by/3.0/,"September 18th, 2016","Recorded in the context of the good-sounds.org project from the Music Technology Group, Universitat Pompeu Fabra, Barcelona. Part of the Good-sounds dataset of monophonic instrumental sounds. instrument::sax_soprano note::E octave::4 midi note::52 microphone::neumann U87 tuning reference::442.0 good-sounds-id::5547",2026-09-24
359639,https://freesound.org/people/MTG/sounds/359639/,Sax Soprano - F4,MTG,20251 Sax Soprano single notes,http://creativecommons.org/licenses/by/3.0/,"September 18th, 2016","Recorded in the context of the good-sounds.org project from the Music Technology Group, Universitat Pompeu Fabra, Barcelona. Part of the Good-sounds dataset of monophonic instrumental sounds. instrument::sax_soprano note::F octave::4 midi note::53 microphone::neumann U87 tuning reference::442.0 good-sounds-id::5548",2026-09-24
359640,https://freesound.org/people/MTG/sounds/359640/,Sax Soprano - F#4,MTG,20251 Sax Soprano single notes,http://creativecommons.org/licenses/by/3.0/,"September 18th, 2016","Recorded in the context of the good-sounds.org project from the Music Technology Group, Universitat Pompeu Fabra, Barcelona. Part of the Good-sounds dataset of monophonic instrumental sounds. instrument::sax_soprano note::F# octave::4 midi note::54 microphone::neumann U87 tuning reference::442.0 good-sounds-id::5549",2026-09-24
359641,https://freesound.org/people/MTG/sounds/359641/,Sax Soprano - G4,MTG,20251 Sax Soprano single notes,http://creativecommons.org/licenses/by/3.0/,"September 18th, 2016","Recorded in the context of the good-sounds.org project from the Music Technology Group, Universitat Pompeu Fabra, Barcelona. Part of the Good-sounds dataset of monophonic instrumental sounds. instrument::sax_soprano note::G octave::4 midi note::55 microphone::neumann U87 tuning reference::442.0 good-sounds-id::5550",2026-09-24
359642,https://freesound.org/people/MTG/sounds/359642/,Sax Soprano - G#4,MTG,20251 Sax Soprano single notes,http://creativecommons.org/licenses/by/3.0/,"September 18th, 2016","Recorded in the context of the good-sounds.org project from the Music Technology Group, Universitat Pompeu Fabra, Barcelona. Part of the Good-sounds dataset of monophonic instrumental sounds. instrument::sax_soprano note::G# octave::4 midi note::56 microphone::neumann U87 tuning reference::442.0 good-sounds-id::5551",2026-09-24
359643,https://freesound.org/people/MTG/sounds/359643/,Sax Soprano - A4,MTG,20251 Sax Soprano single notes,http://creativecommons.org/licenses/by/3.0/,"September 18th, 2016","Recorded in the context of the good-sounds.org project from the Music Technology Group, Universitat Pompeu Fabra, Barcelona. Part of the Good-sounds dataset of monophonic instrumental sounds. instrument::sax_soprano note::A octave::4 midi note::57 microphone::neumann U87 tuning reference::442.0 good-sounds-id::5552",2026-09-24
359644,https://freesound.org/people/MTG/sounds/359644/,Sax Soprano - A#4,MTG,20251 Sax Soprano single notes,http://creativecommons.org/licenses/by/3.0/,"September 18th, 2016","Recorded in the context of the good-sounds.org project from the Music Technology Group, Universitat Pompeu Fabra, Barcelona. Part of the Good-sounds dataset of monophonic instrumental sounds. instrument::sax_soprano note::A# octave::4 midi note::58 microphone::neumann U87 tuning reference::442.0 good-sounds-id::5553",2026-09-24
359645,https://freesound.org/people/MTG/sounds/359645/,Sax Soprano - B4,MTG,20251 Sax Soprano single notes,http://creativecommons.org/licenses/by/3.0/,"September 18th, 2016","Recorded in the context of the good-sounds.org project from the Music Technology Group, Universitat Pompeu Fabra, Barcelona. Part of the Good-sounds dataset of monophonic instrumental sounds. instrument::sax_soprano note::B octave::4 midi note::59 microphone::neumann U87 tuning reference::442.0 good-sounds-id::5554",2026-09-24
359646,https://freesound.org/people/MTG/sounds/359646/,Sax Soprano - C5,MTG,20251 Sax Soprano single notes,http://creativecommons.org/licenses/by/3.0/,"September 18th, 2016","Recorded in the context of the good-sounds.org project from the Music Technology Group, Universitat Pompeu Fabra, Barcelona. Part of the Good-sounds dataset of monophonic instrumental sounds. instrument::sax_soprano note::C octave::5 midi note::60 microphone::neumann U87 tuning reference::442.0 good-sounds-id::5555",2026-09-24
359647,https://freesound.org/people/MTG/sounds/359647/,Sax Soprano - C#5,MTG,20251 Sax Soprano single notes,http://creativecommons.org/licenses/by/3.0/,"September 18th, 2016","Recorded in the context of the good-sounds.org project from the Music Technology Group, Universitat Pompeu Fabra, Barcelona. Part of the Good-sounds dataset of monophonic instrumental sounds. instrument::sax_soprano note::C# octave::5 midi note::61 microphone::neumann U87 tuning reference::442.0 good-sounds-id::5556",2026-09-24
359648,https://freesound.org/people/MTG/sounds/359648/,Sax Soprano - D5,MTG,20251 Sax Soprano single notes,http://creativecommons.org/licenses/by/3.0/,"September 18th, 2016","Recorded in the context of the good-sounds.org project from the Music Technology Group, Universitat Pompeu Fabra, Barcelona. Part of the Good-sounds dataset of monophonic instrumental sounds. instrument::sax_soprano note::D octave::5 midi note::62 microphone::neumann U87 tuning reference::442.0 good-sounds-id::5557",2026-09-24
359649,https://freesound.org/people/MTG/sounds/359649/,Sax Soprano - D#5,MTG,20251 Sax Soprano single notes,http://creativecommons.org/licenses/by/3.0/,"September 18th, 2016","Recorded in the context of the good-sounds.org project from the Music Technology Group, Universitat Pompeu Fabra, Barcelona. Part of the Good-sounds dataset of monophonic instrumental sounds. instrument::sax_soprano note::D# octave::5 midi note::63 microphone::neumann U87 tuning reference::442.0 good-sounds-id::5558",2026-09-24
359650,https://freesound.org/people/MTG/sounds/359650/,Sax Soprano - E5,MTG,20251 Sax Soprano single notes,http://creativecommons.org/licenses/by/3.0/,"September 18th, 2016","Recorded in the context of the good-sounds.org project from the Music Technology Group, Universitat Pompeu Fabra, Barcelona. Part of the Good-sounds dataset of monophonic instrumental sounds. instrument::sax_soprano note::E octave::5 midi note::64 microphone::neumann U87 tuning reference::442.0 good-sounds-id::5559",2026-09-24
359651,https://freesound.org/people/MTG/sounds/359651/,Sax Soprano - F5,MTG,20251 Sax Soprano single notes,http://creativecommons.org/licenses/by/3.0/,"September 18th, 2016","Recorded in the context of the good-sounds.org project from the Music Technology Group, Universitat Pompeu Fabra, Barcelona. Part of the Good-sounds dataset of monophonic instrumental sounds. instrument::sax_soprano note::F octave::5 midi note::65 microphone::neumann U87 tuning reference::442.0 good-sounds-id::5560",2026-09-24
359652,https://freesound.org/people/MTG/sounds/359652/,Sax Soprano - F#5,MTG,20251 Sax Soprano single notes,http://creativecommons.org/licenses/by/3.0/,"September 18th, 2016","Recorded in the context of the good-sounds.org project from the Music Technology Group, Universitat Pompeu Fabra, Barcelona. Part of the Good-sounds dataset of monophonic instrumental sounds. instrument::sax_soprano note::F# octave::5 midi note::66 microphone::neumann U87 tuning reference::442.0 good-sounds-id::5561",2026-09-24
359653,https://freesound.org/people/MTG/sounds/359653/,Sax Soprano - G5,MTG,20251 Sax Soprano single notes,http://creativecommons.org/licenses/by/3.0/,"September 18th, 2016","Recorded in the context of the good-sounds.org project from the Music Technology Group, Universitat Pompeu Fabra, Barcelona. Part of the Good-sounds dataset of monophonic instrumental sounds. instrument::sax_soprano note::G octave::5 midi note::67 microphone::neumann U87 tuning reference::442.0 good-sounds-id::5562",2026-09-24
359654,https://freesound.org/people/MTG/sounds/359654/,Sax Soprano - G#5,MTG,20251 Sax Soprano single notes,http://creativecommons.org/licenses/by/3.0/,"September 18th, 2016","Recorded in the context of the good-sounds.org project from the Music Technology Group, Universitat Pompeu Fabra, Barcelona. Part of the Good-sounds dataset of monophonic instrumental sounds. instrument::sax_soprano note::G# octave::5 midi note::68 microphone::neumann U87 tuning reference::442.0 good-sounds-id::5563",2026-09-24
359655,https://freesound.org/people/MTG/sounds/359655/,Sax Soprano - A5,MTG,20251 Sax Soprano single notes,http://creativecommons.org/licenses/by/3.0/,"September 18th, 2016","Recorded in the context of the good-sounds.org project from the Music Technology Group, Universitat Pompeu Fabra, Barcelona. Part of the Good-sounds dataset of monophonic instrumental sounds. instrument::sax_soprano note::A octave::5 midi note::69 microphone::neumann U87 tuning reference::442.0 good-sounds-id::5564",2026-09-24
359656,https://freesound.org/people/MTG/sounds/359656/,Sax Soprano - A#5,MTG,20251 Sax Soprano single notes,http://creativecommons.org/licenses/by/3.0/,"September 18th, 2016","Recorded in the context of the good-sounds.org project from the Music Technology Group, Universitat Pompeu Fabra, Barcelona. Part of the Good-sounds dataset of monophonic instrumental sounds. instrument::sax_soprano note::A# octave::5 midi note::70 microphone::neumann U87 tuning reference::442.0 good-sounds-id::5565",2026-09-24
359657,https://freesound.org/people/MTG/sounds/359657/,Sax Soprano - B5,MTG,20251 Sax Soprano single notes,http://creativecommons.org/licenses/by/3.0/,"September 18th, 2016","Recorded in the context of the good-sounds.org project from the Music Technology Group, Universitat Pompeu Fabra, Barcelona. Part of the Good-sounds dataset of monophonic instrumental sounds. instrument::sax_soprano note::B octave::5 midi note::71 microphone::neumann U87 tuning reference::442.0 good-sounds-id::5566",2026-09-24
359658,https://freesound.org/people/MTG/sounds/359658/,Sax Soprano - C6,MTG,20251 Sax Soprano single notes,http://creativecommons.org/licenses/by/3.0/,"September 18th, 2016","Recorded in the context of the good-sounds.org project from the Music Technology Group, Universitat Pompeu Fabra, Barcelona. Part of the Good-sounds dataset of monophonic instrumental sounds. instrument::sax_soprano note::C octave::6 midi note::72 microphone::neumann U87 tuning reference::442.0 good-sounds-id::5567",2026-09-24
359659,https://freesound.org/people/MTG/sounds/359659/,Sax Soprano - C#6,MTG,20251 Sax Soprano single notes,http://creativecommons.org/licenses/by/3.0/,"September 18th, 2016","Recorded in the context of the good-sounds.org project from the Music Technology Group, Universitat Pompeu Fabra, Barcelona. Part of the Good-sounds dataset of monophonic instrumental sounds. instrument::sax_soprano note::C# octave::6 midi note::73 microphone::neumann U87 tuning reference::442.0 good-sounds-id::5568",2026-09-24
359660,https://freesound.org/people/MTG/sounds/359660/,Sax Soprano - D6,MTG,20251 Sax Soprano single notes,http://creativecommons.org/licenses/by/3.0/,"September 18th, 2016","Recorded in the context of the good-sounds.org project from the Music Technology Group, Universitat Pompeu Fabra, Barcelona. Part of the Good-sounds dataset of monophonic instrumental sounds. instrument::sax_soprano note::D octave::6 midi note::74 microphone::neumann U87 tuning reference::442.0 good-sounds-id::5569",2026-09-24
359661,https://freesound.org/people/MTG/sounds/359661/,Sax Soprano - D#6,MTG,20251 Sax Soprano single notes,http://creativecommons.org/licenses/by/3.0/,"September 18th, 2016","Recorded in the context of the good-sounds.org project from the Music Technology Group, Universitat Pompeu Fabra, Barcelona. Part of the Good-sounds dataset of monophonic instrumental sounds. instrument::sax_soprano note::D# octave::6 midi note::75 microphone::neumann U87 tuning reference::442.0 good-sounds-id::5570",2026-09-24
359662,https://freesound.org/people/MTG/sounds/359662/,Sax Soprano - E6,MTG,20251 Sax Soprano single notes,http://creativecommons.org/licenses/by/3.0/,"September 18th, 2016","Recorded in the context of the good-sounds.org project from the Music Technology Group, Universitat Pompeu Fabra, Barcelona. Part of the Good-sounds dataset of monophonic instrumental sounds. instrument::sax_soprano note::E octave::6 midi note::76 microphone::neumann U87 tuning reference::442.0 good-sounds-id::5571",2026-09-24
359663,https://freesound.org/people/MTG/sounds/359663/,Sax Soprano - G#3,MTG,20251 Sax Soprano single notes,http://creativecommons.org/licenses/by/3.0/,"September 18th, 2016","Recorded in the context of the good-sounds.org project from the Music Technology Group, Universitat Pompeu Fabra, Barcelona. Part of the Good-sounds dataset of monophonic instrumental sounds. instrument::sax_soprano note::G# octave::3 midi note::44 microphone::neumann U87 tuning reference::442.0 good-sounds-id::5572",2026-09-24
359664,https://freesound.org/people/MTG/sounds/359664/,Sax Soprano - A3,MTG,20251 Sax Soprano single notes,http://creativecommons.org/licenses/by/3.0/,"September 18th, 2016","Recorded in the context of the good-sounds.org project from the Music Technology Group, Universitat Pompeu Fabra, Barcelona. Part of the Good-sounds dataset of monophonic instrumental sounds. instrument::sax_soprano note::A octave::3 midi note::45 microphone::neumann U87 tuning reference::442.0 good-sounds-id::5573",2026-09-24
359665,https://freesound.org/people/MTG/sounds/359665/,Sax Soprano - A#3,MTG,20251 Sax Soprano single notes,http://creativecommons.org/licenses/by/3.0/,"September 18th, 2016","Recorded in the context of the good-sounds.org project from the Music Technology Group, Universitat Pompeu Fabra, Barcelona. Part of the Good-sounds dataset of monophonic instrumental sounds. instrument::sax_soprano note::A# octave::3 midi note::46 microphone::neumann U87 tuning reference::442.0 good-sounds-id::5574",2026-09-24
359666,https://freesound.org/people/MTG/sounds/359666/,Sax Soprano - B3,MTG,20251 Sax Soprano single notes,http://creativecommons.org/licenses/by/3.0/,"September 18th, 2016","Recorded in the context of the good-sounds.org project from the Music Technology Group, Universitat Pompeu Fabra, Barcelona. Part of the Good-sounds dataset of monophonic instrumental sounds. instrument::sax_soprano note::B octave::3 midi note::47 microphone::neumann U87 tuning reference::442.0 good-sounds-id::5575",2026-09-24
359667,https://freesound.org/people/MTG/sounds/359667/,Sax Soprano - C4,MTG,20251 Sax Soprano single notes,http://creativecommons.org/licenses/by/3.0/,"September 18th, 2016","Recorded in the context of the good-sounds.org project from the Music Technology Group, Universitat Pompeu Fabra, Barcelona. Part of the Good-sounds dataset of monophonic instrumental sounds. instrument::sax_soprano note::C octave::4 midi note::48 microphone::neumann U87 tuning reference::442.0 good-sounds-id::5576",2026-09-24
359668,https://freesound.org/people/MTG/sounds/359668/,Sax Soprano - C#4,MTG,20251 Sax Soprano single notes,http://creativecommons.org/licenses/by/3.0/,"September 18th, 2016","Recorded in the context of the good-sounds.org project from the Music Technology Group, Universitat Pompeu Fabra, Barcelona. Part of the Good-sounds dataset of monophonic instrumental sounds. instrument::sax_soprano note::C# octave::4 midi note::49 microphone::neumann U87 tuning reference::442.0 good-sounds-id::5577",2026-09-24
359669,https://freesound.org/people/MTG/sounds/359669/,Sax Soprano - D4,MTG,20251 Sax Soprano single notes,http://creativecommons.org/licenses/by/3.0/,"September 18th, 2016","Recorded in the context of the good-sounds.org project from the Music Technology Group, Universitat Pompeu Fabra, Barcelona. Part of the Good-sounds dataset of monophonic instrumental sounds. instrument::sax_soprano note::D octave::4 midi note::50 microphone::neumann U87 tuning reference::442.0 good-sounds-id::5578",2026-09-24
359670,https://freesound.org/people/MTG/sounds/359670/,Sax Soprano - D#4,MTG,20251 Sax Soprano single notes,http://creativecommons.org/licenses/by/3.0/,"September 18th, 2016","Recorded in the context of the good-sounds.org project from the Music Technology Group, Universitat Pompeu Fabra, Barcelona. Part of the Good-sounds dataset of monophonic instrumental sounds. instrument::sax_soprano note::D# octave::4 midi note::51 microphone::neumann U87 tuning reference::442.0 good-sounds-id::5579",2026-09-24
359671,https://freesound.org/people/MTG/sounds/359671/,Sax Soprano - E4,MTG,20251 Sax Soprano single notes,http://creativecommons.org/licenses/by/3.0/,"September 18th, 2016","Recorded in the context of the good-sounds.org project from the Music Technology Group, Universitat Pompeu Fabra, Barcelona. Part of the Good-sounds dataset of monophonic instrumental sounds. instrument::sax_soprano note::E octave::4 midi note::52 microphone::neumann U87 tuning reference::442.0 good-sounds-id::5580",2026-09-24
359672,https://freesound.org/people/MTG/sounds/359672/,Sax Soprano - F4,MTG,20251 Sax Soprano single notes,http://creativecommons.org/licenses/by/3.0/,"September 18th, 2016","Recorded in the context of the good-sounds.org project from the Music Technology Group, Universitat Pompeu Fabra, Barcelona. Part of the Good-sounds dataset of monophonic instrumental sounds. instrument::sax_soprano note::F octave::4 midi note::53 microphone::neumann U87 tuning reference::442.0 good-sounds-id::5581",2026-09-24
359673,https://freesound.org/people/MTG/sounds/359673/,Sax Soprano - F#4,MTG,20251 Sax Soprano single notes,http://creativecommons.org/licenses/by/3.0/,"September 18th, 2016","Recorded in the context of the good-sounds.org project from the Music Technology Group, Universitat Pompeu Fabra, Barcelona. Part of the Good-sounds dataset of monophonic instrumental sounds. instrument::sax_soprano note::F# octave::4 midi note::54 microphone::neumann U87 tuning reference::442.0 good-sounds-id::5582",2026-09-24
359674,https://freesound.org/people/MTG/sounds/359674/,Sax Soprano - G4,MTG,20251 Sax Soprano single notes,http://creativecommons.org/licenses/by/3.0/,"September 18th, 2016","Recorded in the context of the good-sounds.org project from the Music Technology Group, Universitat Pompeu Fabra, Barcelona. Part of the Good-sounds dataset of monophonic instrumental sounds. instrument::sax_soprano note::G octave::4 midi note::55 microphone::neumann U87 tuning reference::442.0 good-sounds-id::5583",2026-09-24
359675,https://freesound.org/people/MTG/sounds/359675/,Sax Soprano - G#4,MTG,20251 Sax Soprano single notes,http://creativecommons.org/licenses/by/3.0/,"September 18th, 2016","Recorded in the context of the good-sounds.org project from the Music Technology Group, Universitat Pompeu Fabra, Barcelona. Part of the Good-sounds dataset of monophonic instrumental sounds. instrument::sax_soprano note::G# octave::4 midi note::56 microphone::neumann U87 tuning reference::442.0 good-sounds-id::5584",2026-09-24
359676,https://freesound.org/people/MTG/sounds/359676/,Sax Soprano - A4,MTG,20251 Sax Soprano single notes,http://creativecommons.org/licenses/by/3.0/,"September 18th, 2016","Recorded in the context of the good-sounds.org project from the Music Technology Group, Universitat Pompeu Fabra, Barcelona. Part of the Good-sounds dataset of monophonic instrumental sounds. instrument::sax_soprano note::A octave::4 midi note::57 microphone::neumann U87 tuning reference::442.0 good-sounds-id::5585",2026-09-24
359677,https://freesound.org/people/MTG/sounds/359677/,Sax Soprano - A#4,MTG,20251 Sax Soprano single notes,http://creativecommons.org/licenses/by/3.0/,"September 18th, 2016","Recorded in the context of the good-sounds.org project from the Music Technology Group, Universitat Pompeu Fabra, Barcelona. Part of the Good-sounds dataset of monophonic instrumental sounds. instrument::sax_soprano note::A# octave::4 midi note::58 microphone::neumann U87 tuning reference::442.0 good-sounds-id::5586",2026-09-24
359678,https://freesound.org/people/MTG/sounds/359678/,Sax Soprano - B4,MTG,20251 Sax Soprano single notes,http://creativecommons.org/licenses/by/3.0/,"September 18th, 2016","Recorded in the context of the good-sounds.org project from the Music Technology Group, Universitat Pompeu Fabra, Barcelona. Part of the Good-sounds dataset of monophonic instrumental sounds. instrument::sax_soprano note::B octave::4 midi note::59 microphone::neumann U87 tuning reference::442.0 good-sounds-id::5587",2026-09-24
359679,https://freesound.org/people/MTG/sounds/359679/,Sax Soprano - C5,MTG,20251 Sax Soprano single notes,http://creativecommons.org/licenses/by/3.0/,"September 18th, 2016","Recorded in the context of the good-sounds.org project from the Music Technology Group, Universitat Pompeu Fabra, Barcelona. Part of the Good-sounds dataset of monophonic instrumental sounds. instrument::sax_soprano note::C octave::5 midi note::60 microphone::neumann U87 tuning reference::442.0 good-sounds-id::5588",2026-09-24
359680,https://freesound.org/people/MTG/sounds/359680/,Sax Soprano - C#5,MTG,20251 Sax Soprano single notes,http://creativecommons.org/licenses/by/3.0/,"September 18th, 2016","Recorded in the context of the good-sounds.org project from the Music Technology Group, Universitat Pompeu Fabra, Barcelona. Part of the Good-sounds dataset of monophonic instrumental sounds. instrument::sax_soprano note::C# octave::5 midi note::61 microphone::neumann U87 tuning reference::442.0 good-sounds-id::5589",2026-09-24
359681,https://freesound.org/people/MTG/sounds/359681/,Sax Soprano - D5,MTG,20251 Sax Soprano single notes,http://creativecommons.org/licenses/by/3.0/,"September 18th, 2016","Recorded in the context of the good-sounds.org project from the Music Technology Group, Universitat Pompeu Fabra, Barcelona. Part of the Good-sounds dataset of monophonic instrumental sounds. instrument::sax_soprano note::D octave::5 midi note::62 microphone::neumann U87 tuning reference::442.0 good-sounds-id::5590",2026-09-24
359682,https://freesound.org/people/MTG/sounds/359682/,Sax Soprano - D#5,MTG,20251 Sax Soprano single notes,http://creativecommons.org/licenses/by/3.0/,"September 18th, 2016","Recorded in the context of the good-sounds.org project from the Music Technology Group, Universitat Pompeu Fabra, Barcelona. Part of the Good-sounds dataset of monophonic instrumental sounds. instrument::sax_soprano note::D# octave::5 midi note::63 microphone::neumann U87 tuning reference::442.0 good-sounds-id::5591",2026-09-24
359683,https://freesound.org/people/MTG/sounds/359683/,Sax Soprano - E5,MTG,20251 Sax Soprano single notes,http://creativecommons.org/licenses/by/3.0/,"September 18th, 2016","Recorded in the context of the good-sounds.org project from the Music Technology Group, Universitat Pompeu Fabra, Barcelona. Part of the Good-sounds dataset of monophonic instrumental sounds. instrument::sax_soprano note::E octave::5 midi note::64 microphone::neumann U87 tuning reference::442.0 good-sounds-id::5592",2026-09-24
359684,https://freesound.org/people/MTG/sounds/359684/,Sax Soprano - F5,MTG,20251 Sax Soprano single notes,http://creativecommons.org/licenses/by/3.0/,"September 18th, 2016","Recorded in the context of the good-sounds.org project from the Music Technology Group, Universitat Pompeu Fabra, Barcelona. Part of the Good-sounds dataset of monophonic instrumental sounds. instrument::sax_soprano note::F octave::5 midi note::65 microphone::neumann U87 tuning reference::442.0 good-sounds-id::5593",2026-09-24
359685,https://freesound.org/people/MTG/sounds/359685/,Sax Soprano - F#5,MTG,20251 Sax Soprano single notes,http://creativecommons.org/licenses/by/3.0/,"September 18th, 2016","Recorded in the context of the good-sounds.org project from the Music Technology Group, Universitat Pompeu Fabra, Barcelona. Part of the Good-sounds dataset of monophonic instrumental sounds. instrument::sax_soprano note::F# octave::5 midi note::66 microphone::neumann U87 tuning reference::442.0 good-sounds-id::5594",2026-09-24
359686,https://freesound.org/people/MTG/sounds/359686/,Sax Soprano - G5,MTG,20251 Sax Soprano single notes,http://creativecommons.org/licenses/by/3.0/,"September 18th, 2016","Recorded in the context of the good-sounds.org project from the Music Technology Group, Universitat Pompeu Fabra, Barcelona. Part of the Good-sounds dataset of monophonic instrumental sounds. instrument::sax_soprano note::G octave::5 midi note::67 microphone::neumann U87 tuning reference::442.0 good-sounds-id::5595",2026-09-24
359687,https://freesound.org/people/MTG/sounds/359687/,Sax Soprano - G#5,MTG,20251 Sax Soprano single notes,http://creativecommons.org/licenses/by/3.0/,"September 18th, 2016","Recorded in the context of the good-sounds.org project from the Music Technology Group, Universitat Pompeu Fabra, Barcelona. Part of the Good-sounds dataset of monophonic instrumental sounds. instrument::sax_soprano note::G# octave::5 midi note::68 microphone::neumann U87 tuning reference::442.0 good-sounds-id::5596",2026-09-24
359688,https://freesound.org/people/MTG/sounds/359688/,Sax Soprano - A5,MTG,20251 Sax Soprano single notes,http://creativecommons.org/licenses/by/3.0/,"September 18th, 2016","Recorded in the context of the good-sounds.org project from the Music Technology Group, Universitat Pompeu Fabra, Barcelona. Part of the Good-sounds dataset of monophonic instrumental sounds. instrument::sax_soprano note::A octave::5 midi note::69 microphone::neumann U87 tuning reference::442.0 good-sounds-id::5597",2026-09-24
359689,https://freesound.org/people/MTG/sounds/359689/,Sax Soprano - A#5,MTG,20251 Sax Soprano single notes,http://creativecommons.org/licenses/by/3.0/,"September 18th, 2016","Recorded in the context of the good-sounds.org project from the Music Technology Group, Universitat Pompeu Fabra, Barcelona. Part of the Good-sounds dataset of monophonic instrumental sounds. instrument::sax_soprano note::A# octave::5 midi note::70 microphone::neumann U87 tuning reference::442.0 good-sounds-id::5598",2026-09-24
359690,https://freesound.org/people/MTG/sounds/359690/,Sax Soprano - B5,MTG,20251 Sax Soprano single notes,http://creativecommons.org/licenses/by/3.0/,"September 18th, 2016","Recorded in the context of the good-sounds.org project from the Music Technology Group, Universitat Pompeu Fabra, Barcelona. Part of the Good-sounds dataset of monophonic instrumental sounds. instrument::sax_soprano note::B octave::5 midi note::71 microphone::neumann U87 tuning reference::442.0 good-sounds-id::5599",2026-09-24
359691,https://freesound.org/people/MTG/sounds/359691/,Sax Soprano - C6,MTG,20251 Sax Soprano single notes,http://creativecommons.org/licenses/by/3.0/,"September 18th, 2016","Recorded in the context of the good-sounds.org project from the Music Technology Group, Universitat Pompeu Fabra, Barcelona. Part of the Good-sounds dataset of monophonic instrumental sounds. instrument::sax_soprano note::C octave::6 midi note::72 microphone::neumann U87 tuning reference::442.0 good-sounds-id::5600",2026-09-24
359692,https://freesound.org/people/MTG/sounds/359692/,Sax Soprano - C#6,MTG,20251 Sax Soprano single notes,http://creativecommons.org/licenses/by/3.0/,"September 18th, 2016","Recorded in the context of the good-sounds.org project from the Music Technology Group, Universitat Pompeu Fabra, Barcelona. Part of the Good-sounds dataset of monophonic instrumental sounds. instrument::sax_soprano note::C# octave::6 midi note::73 microphone::neumann U87 tuning reference::442.0 good-sounds-id::5601",2026-09-24
359693,https://freesound.org/people/MTG/sounds/359693/,Sax Soprano - D6,MTG,20251 Sax Soprano single notes,http://creativecommons.org/licenses/by/3.0/,"September 18th, 2016","Recorded in the context of the good-sounds.org project from the Music Technology Group, Universitat Pompeu Fabra, Barcelona. Part of the Good-sounds dataset of monophonic instrumental sounds. instrument::sax_soprano note::D octave::6 midi note::74 microphone::neumann U87 tuning reference::442.0 good-sounds-id::5602",2026-09-24
359694,https://freesound.org/people/MTG/sounds/359694/,Sax Soprano - D#6,MTG,20251 Sax Soprano single notes,http://creativecommons.org/licenses/by/3.0/,"September 18th, 2016","Recorded in the context of the good-sounds.org project from the Music Technology Group, Universitat Pompeu Fabra, Barcelona. Part of the Good-sounds dataset of monophonic instrumental sounds. instrument::sax_soprano note::D# octave::6 midi note::75 microphone::neumann U87 tuning reference::442.0 good-sounds-id::5603",2026-09-24
359695,https://freesound.org/people/MTG/sounds/359695/,Sax Soprano - E6,MTG,20251 Sax Soprano single notes,http://creativecommons.org/licenses/by/3.0/,"September 18th, 2016","Recorded in the context of the good-sounds.org project from the Music Technology Group, Universitat Pompeu Fabra, Barcelona. Part of the Good-sounds dataset of monophonic instrumental sounds. instrument::sax_soprano note::E octave::6 midi note::76 microphone::neumann U87 tuning reference::442.0 good-sounds-id::5604",2026-09-24
359964,https://freesound.org/people/MTG/sounds/359964/,Sax Baritone - C2,MTG,20253 Sax Baritone single notes,http://creativecommons.org/licenses/by/3.0/,"September 18th, 2016","Recorded in the context of the good-sounds.org project from the Music Technology Group, Universitat Pompeu Fabra, Barcelona. Part of the Good-sounds dataset of monophonic instrumental sounds. instrument::sax_baritone note::C octave::2 midi note::24 microphone::neumann U87 tuning reference::442.0 good-sounds-id::5251",2026-09-24
359965,https://freesound.org/people/MTG/sounds/359965/,Sax Baritone - C#2,MTG,20253 Sax Baritone single notes,http://creativecommons.org/licenses/by/3.0/,"September 18th, 2016","Recorded in the context of the good-sounds.org project from the Music Technology Group, Universitat Pompeu Fabra, Barcelona. Part of the Good-sounds dataset of monophonic instrumental sounds. instrument::sax_baritone note::C# octave::2 midi note::25 microphone::neumann U87 tuning reference::442.0 good-sounds-id::5252",2026-09-24
359966,https://freesound.org/people/MTG/sounds/359966/,Sax Baritone - D2,MTG,20253 Sax Baritone single notes,http://creativecommons.org/licenses/by/3.0/,"September 18th, 2016","Recorded in the context of the good-sounds.org project from the Music Technology Group, Universitat Pompeu Fabra, Barcelona. Part of the Good-sounds dataset of monophonic instrumental sounds. instrument::sax_baritone note::D octave::2 midi note::26 microphone::neumann U87 tuning reference::442.0 good-sounds-id::5253",2026-09-24
359967,https://freesound.org/people/MTG/sounds/359967/,Sax Baritone - D#2,MTG,20253 Sax Baritone single notes,http://creativecommons.org/licenses/by/3.0/,"September 18th, 2016","Recorded in the context of the good-sounds.org project from the Music Technology Group, Universitat Pompeu Fabra, Barcelona. Part of the Good-sounds dataset of monophonic instrumental sounds. instrument::sax_baritone note::D# octave::2 midi note::27 microphone::neumann U87 tuning reference::442.0 good-sounds-id::5254",2026-09-24
359968,https://freesound.org/people/MTG/sounds/359968/,Sax Baritone - E2,MTG,20253 Sax Baritone single notes,http://creativecommons.org/licenses/by/3.0/,"September 18th, 2016","Recorded in the context of the good-sounds.org project from the Music Technology Group, Universitat Pompeu Fabra, Barcelona. Part of the Good-sounds dataset of monophonic instrumental sounds. instrument::sax_baritone note::E octave::2 midi note::28 microphone::neumann U87 tuning reference::442.0 good-sounds-id::5255",2026-09-24
359969,https://freesound.org/people/MTG/sounds/359969/,Sax Baritone - F2,MTG,20253 Sax Baritone single notes,http://creativecommons.org/licenses/by/3.0/,"September 18th, 2016","Recorded in the context of the good-sounds.org project from the Music Technology Group, Universitat Pompeu Fabra, Barcelona. Part of the Good-sounds dataset of monophonic instrumental sounds. instrument::sax_baritone note::F octave::2 midi note::29 microphone::neumann U87 tuning reference::442.0 good-sounds-id::5256",2026-09-24
359970,https://freesound.org/people/MTG/sounds/359970/,Sax Baritone - F#2,MTG,20253 Sax Baritone single notes,http://creativecommons.org/licenses/by/3.0/,"September 18th, 2016","Recorded in the context of the good-sounds.org project from the Music Technology Group, Universitat Pompeu Fabra, Barcelona. Part of the Good-sounds dataset of monophonic instrumental sounds. instrument::sax_baritone note::F# octave::2 midi note::30 microphone::neumann U87 tuning reference::442.0 good-sounds-id::5257",2026-09-24
359971,https://freesound.org/people/MTG/sounds/359971/,Sax Baritone - G2,MTG,20253 Sax Baritone single notes,http://creativecommons.org/licenses/by/3.0/,"September 18th, 2016","Recorded in the context of the good-sounds.org project from the Music Technology Group, Universitat Pompeu Fabra, Barcelona. Part of the Good-sounds dataset of monophonic instrumental sounds. instrument::sax_baritone note::G octave::2 midi note::31 microphone::neumann U87 tuning reference::442.0 good-sounds-id::5258",2026-09-24
359972,https://freesound.org/people/MTG/sounds/359972/,Sax Baritone - G#2,MTG,20253 Sax Baritone single notes,http://creativecommons.org/licenses/by/3.0/,"September 18th, 2016","Recorded in the context of the good-sounds.org project from the Music Technology Group, Universitat Pompeu Fabra, Barcelona. Part of the Good-sounds dataset of monophonic instrumental sounds. instrument::sax_baritone note::G# octave::2 midi note::32 microphone::neumann U87 tuning reference::442.0 good-sounds-id::5259",2026-09-24
359973,https://freesound.org/people/MTG/sounds/359973/,Sax Baritone - A2,MTG,20253 Sax Baritone single notes,http://creativecommons.org/licenses/by/3.0/,"September 18th, 2016","Recorded in the context of the good-sounds.org project from the Music Technology Group, Universitat Pompeu Fabra, Barcelona. Part of the Good-sounds dataset of monophonic instrumental sounds. instrument::sax_baritone note::A octave::2 midi note::33 microphone::neumann U87 tuning reference::442.0 good-sounds-id::5260",2026-09-24
359974,https://freesound.org/people/MTG/sounds/359974/,Sax Baritone - A#2,MTG,20253 Sax Baritone single notes,http://creativecommons.org/licenses/by/3.0/,"September 18th, 2016","Recorded in the context of the good-sounds.org project from the Music Technology Group, Universitat Pompeu Fabra, Barcelona. Part of the Good-sounds dataset of monophonic instrumental sounds. instrument::sax_baritone note::A# octave::2 midi note::34 microphone::neumann U87 tuning reference::442.0 good-sounds-id::5261",2026-09-24
359975,https://freesound.org/people/MTG/sounds/359975/,Sax Baritone - B2,MTG,20253 Sax Baritone single notes,http://creativecommons.org/licenses/by/3.0/,"September 18th, 2016","Recorded in the context of the good-sounds.org project from the Music Technology Group, Universitat Pompeu Fabra, Barcelona. Part of the Good-sounds dataset of monophonic instrumental sounds. instrument::sax_baritone note::B octave::2 midi note::35 microphone::neumann U87 tuning reference::442.0 good-sounds-id::5262",2026-09-24
359976,https://freesound.org/people/MTG/sounds/359976/,Sax Baritone - C3,MTG,20253 Sax Baritone single notes,http://creativecommons.org/licenses/by/3.0/,"September 18th, 2016","Recorded in the context of the good-sounds.org project from the Music Technology Group, Universitat Pompeu Fabra, Barcelona. Part of the Good-sounds dataset of monophonic instrumental sounds. instrument::sax_baritone note::C octave::3 midi note::36 microphone::neumann U87 tuning reference::442.0 good-sounds-id::5263",2026-09-24
359977,https://freesound.org/people/MTG/sounds/359977/,Sax Baritone - C#3,MTG,20253 Sax Baritone single notes,http://creativecommons.org/licenses/by/3.0/,"September 18th, 2016","Recorded in the context of the good-sounds.org project from the Music Technology Group, Universitat Pompeu Fabra, Barcelona. Part of the Good-sounds dataset of monophonic instrumental sounds. instrument::sax_baritone note::C# octave::3 midi note::37 microphone::neumann U87 tuning reference::442.0 good-sounds-id::5264",2026-09-24
359978,https://freesound.org/people/MTG/sounds/359978/,Sax Baritone - D3,MTG,20253 Sax Baritone single notes,http://creativecommons.org/licenses/by/3.0/,"September 18th, 2016","Recorded in the context of the good-sounds.org project from the Music Technology Group, Universitat Pompeu Fabra, Barcelona. Part of the Good-sounds dataset of monophonic instrumental sounds. instrument::sax_baritone note::D octave::3 midi note::38 microphone::neumann U87 tuning reference::442.0 good-sounds-id::5265",2026-09-24
359979,https://freesound.org/people/MTG/sounds/359979/,Sax Baritone - D#3,MTG,20253 Sax Baritone single notes,http://creativecommons.org/licenses/by/3.0/,"September 18th, 2016","Recorded in the context of the good-sounds.org project from the Music Technology Group, Universitat Pompeu Fabra, Barcelona. Part of the Good-sounds dataset of monophonic instrumental sounds. instrument::sax_baritone note::D# octave::3 midi note::39 microphone::neumann U87 tuning reference::442.0 good-sounds-id::5266",2026-09-24
359980,https://freesound.org/people/MTG/sounds/359980/,Sax Baritone - E3,MTG,20253 Sax Baritone single notes,http://creativecommons.org/licenses/by/3.0/,"September 18th, 2016","Recorded in the context of the good-sounds.org project from the Music Technology Group, Universitat Pompeu Fabra, Barcelona. Part of the Good-sounds dataset of monophonic instrumental sounds. instrument::sax_baritone note::E octave::3 midi note::40 microphone::neumann U87 tuning reference::442.0 good-sounds-id::5267",2026-09-24
359981,https://freesound.org/people/MTG/sounds/359981/,Sax Baritone - F3,MTG,20253 Sax Baritone single notes,http://creativecommons.org/licenses/by/3.0/,"September 18th, 2016","Recorded in the context of the good-sounds.org project from the Music Technology Group, Universitat Pompeu Fabra, Barcelona. Part of the Good-sounds dataset of monophonic instrumental sounds. instrument::sax_baritone note::F octave::3 midi note::41 microphone::neumann U87 tuning reference::442.0 good-sounds-id::5268",2026-09-24
359982,https://freesound.org/people/MTG/sounds/359982/,Sax Baritone - F#3,MTG,20253 Sax Baritone single notes,http://creativecommons.org/licenses/by/3.0/,"September 18th, 2016","Recorded in the context of the good-sounds.org project from the Music Technology Group, Universitat Pompeu Fabra, Barcelona. Part of the Good-sounds dataset of monophonic instrumental sounds. instrument::sax_baritone note::F# octave::3 midi note::42 microphone::neumann U87 tuning reference::442.0 good-sounds-id::5269",2026-09-24
359983,https://freesound.org/people/MTG/sounds/359983/,Sax Baritone - G3,MTG,20253 Sax Baritone single notes,http://creativecommons.org/licenses/by/3.0/,"September 18th, 2016","Recorded in the context of the good-sounds.org project from the Music Technology Group, Universitat Pompeu Fabra, Barcelona. Part of the Good-sounds dataset of monophonic instrumental sounds. instrument::sax_baritone note::G octave::3 midi note::43 microphone::neumann U87 tuning reference::442.0 good-sounds-id::5270",2026-09-24
359984,https://freesound.org/people/MTG/sounds/359984/,Sax Baritone - G#3,MTG,20253 Sax Baritone single notes,http://creativecommons.org/licenses/by/3.0/,"September 18th, 2016","Recorded in the context of the good-sounds.org project from the Music Technology Group, Universitat Pompeu Fabra, Barcelona. Part of the Good-sounds dataset of monophonic instrumental sounds. instrument::sax_baritone note::G# octave::3 midi note::44 microphone::neumann U87 tuning reference::442.0 good-sounds-id::5271",2026-09-24
359985,https://freesound.org/people/MTG/sounds/359985/,Sax Baritone - A3,MTG,20253 Sax Baritone single notes,http://creativecommons.org/licenses/by/3.0/,"September 18th, 2016","Recorded in the context of the good-sounds.org project from the Music Technology Group, Universitat Pompeu Fabra, Barcelona. Part of the Good-sounds dataset of monophonic instrumental sounds. instrument::sax_baritone note::A octave::3 midi note::45 microphone::neumann U87 tuning reference::442.0 good-sounds-id::5272",2026-09-24
359986,https://freesound.org/people/MTG/sounds/359986/,Sax Baritone - C2,MTG,20253 Sax Baritone single notes,http://creativecommons.org/licenses/by/3.0/,"September 18th, 2016","Recorded in the context of the good-sounds.org project from the Music Technology Group, Universitat Pompeu Fabra, Barcelona. Part of the Good-sounds dataset of monophonic instrumental sounds. instrument::sax_baritone note::C octave::2 midi note::24 microphone::neumann U87 tuning reference::442.0 good-sounds-id::5273",2026-09-24
359987,https://freesound.org/people/MTG/sounds/359987/,Sax Baritone - C#2,MTG,20253 Sax Baritone single notes,http://creativecommons.org/licenses/by/3.0/,"September 18th, 2016","Recorded in the context of the good-sounds.org project from the Music Technology Group, Universitat Pompeu Fabra, Barcelona. Part of the Good-sounds dataset of monophonic instrumental sounds. instrument::sax_baritone note::C# octave::2 midi note::25 microphone::neumann U87 tuning reference::442.0 good-sounds-id::5274",2026-09-24
359988,https://freesound.org/people/MTG/sounds/359988/,Sax Baritone - D2,MTG,20253 Sax Baritone single notes,http://creativecommons.org/licenses/by/3.0/,"September 18th, 2016","Recorded in the context of the good-sounds.org project from the Music Technology Group, Universitat Pompeu Fabra, Barcelona. Part of the Good-sounds dataset of monophonic instrumental sounds. instrument::sax_baritone note::D octave::2 midi note::26 microphone::neumann U87 tuning reference::442.0 good-sounds-id::5275",2026-09-24
359989,https://freesound.org/people/MTG/sounds/359989/,Sax Baritone - D#2,MTG,20253 Sax Baritone single notes,http://creativecommons.org/licenses/by/3.0/,"September 18th, 2016","Recorded in the context of the good-sounds.org project from the Music Technology Group, Universitat Pompeu Fabra, Barcelona. Part of the Good-sounds dataset of monophonic instrumental sounds. instrument::sax_baritone note::D# octave::2 midi note::27 microphone::neumann U87 tuning reference::442.0 good-sounds-id::5276",2026-09-24
359990,https://freesound.org/people/MTG/sounds/359990/,Sax Baritone - E2,MTG,20253 Sax Baritone single notes,http://creativecommons.org/licenses/by/3.0/,"September 18th, 2016","Recorded in the context of the good-sounds.org project from the Music Technology Group, Universitat Pompeu Fabra, Barcelona. Part of the Good-sounds dataset of monophonic instrumental sounds. instrument::sax_baritone note::E octave::2 midi note::28 microphone::neumann U87 tuning reference::442.0 good-sounds-id::5277",2026-09-24
359991,https://freesound.org/people/MTG/sounds/359991/,Sax Baritone - F2,MTG,20253 Sax Baritone single notes,http://creativecommons.org/licenses/by/3.0/,"September 18th, 2016","Recorded in the context of the good-sounds.org project from the Music Technology Group, Universitat Pompeu Fabra, Barcelona. Part of the Good-sounds dataset of monophonic instrumental sounds. instrument::sax_baritone note::F octave::2 midi note::29 microphone::neumann U87 tuning reference::442.0 good-sounds-id::5278",2026-09-24
359992,https://freesound.org/people/MTG/sounds/359992/,Sax Baritone - F#2,MTG,20253 Sax Baritone single notes,http://creativecommons.org/licenses/by/3.0/,"September 18th, 2016","Recorded in the context of the good-sounds.org project from the Music Technology Group, Universitat Pompeu Fabra, Barcelona. Part of the Good-sounds dataset of monophonic instrumental sounds. instrument::sax_baritone note::F# octave::2 midi note::30 microphone::neumann U87 tuning reference::442.0 good-sounds-id::5279",2026-09-24
359993,https://freesound.org/people/MTG/sounds/359993/,Sax Baritone - G2,MTG,20253 Sax Baritone single notes,http://creativecommons.org/licenses/by/3.0/,"September 18th, 2016","Recorded in the context of the good-sounds.org project from the Music Technology Group, Universitat Pompeu Fabra, Barcelona. Part of the Good-sounds dataset of monophonic instrumental sounds. instrument::sax_baritone note::G octave::2 midi note::31 microphone::neumann U87 tuning reference::442.0 good-sounds-id::5280",2026-09-24
359994,https://freesound.org/people/MTG/sounds/359994/,Sax Baritone - G#2,MTG,20253 Sax Baritone single notes,http://creativecommons.org/licenses/by/3.0/,"September 18th, 2016","Recorded in the context of the good-sounds.org project from the Music Technology Group, Universitat Pompeu Fabra, Barcelona. Part of the Good-sounds dataset of monophonic instrumental sounds. instrument::sax_baritone note::G# octave::2 midi note::32 microphone::neumann U87 tuning reference::442.0 good-sounds-id::5281",2026-09-24
359995,https://freesound.org/people/MTG/sounds/359995/,Sax Baritone - A2,MTG,20253 Sax Baritone single notes,http://creativecommons.org/licenses/by/3.0/,"September 18th, 2016","Recorded in the context of the good-sounds.org project from the Music Technology Group, Universitat Pompeu Fabra, Barcelona. Part of the Good-sounds dataset of monophonic instrumental sounds. instrument::sax_baritone note::A octave::2 midi note::33 microphone::neumann U87 tuning reference::442.0 good-sounds-id::5282",2026-09-24
359996,https://freesound.org/people/MTG/sounds/359996/,Sax Baritone - A#2,MTG,20253 Sax Baritone single notes,http://creativecommons.org/licenses/by/3.0/,"September 18th, 2016","Recorded in the context of the good-sounds.org project from the Music Technology Group, Universitat Pompeu Fabra, Barcelona. Part of the Good-sounds dataset of monophonic instrumental sounds. instrument::sax_baritone note::A# octave::2 midi note::34 microphone::neumann U87 tuning reference::442.0 good-sounds-id::5283",2026-09-24
359997,https://freesound.org/people/MTG/sounds/359997/,Sax Baritone - B2,MTG,20253 Sax Baritone single notes,http://creativecommons.org/licenses/by/3.0/,"September 18th, 2016","Recorded in the context of the good-sounds.org project from the Music Technology Group, Universitat Pompeu Fabra, Barcelona. Part of the Good-sounds dataset of monophonic instrumental sounds. instrument::sax_baritone note::B octave::2 midi note::35 microphone::neumann U87 tuning reference::442.0 good-sounds-id::5284",2026-09-24
359998,https://freesound.org/people/MTG/sounds/359998/,Sax Baritone - C3,MTG,20253 Sax Baritone single notes,http://creativecommons.org/licenses/by/3.0/,"September 18th, 2016","Recorded in the context of the good-sounds.org project from the Music Technology Group, Universitat Pompeu Fabra, Barcelona. Part of the Good-sounds dataset of monophonic instrumental sounds. instrument::sax_baritone note::C octave::3 midi note::36 microphone::neumann U87 tuning reference::442.0 good-sounds-id::5285",2026-09-24
359999,https://freesound.org/people/MTG/sounds/359999/,Sax Baritone - C#3,MTG,20253 Sax Baritone single notes,http://creativecommons.org/licenses/by/3.0/,"September 18th, 2016","Recorded in the context of the good-sounds.org project from the Music Technology Group, Universitat Pompeu Fabra, Barcelona. Part of the Good-sounds dataset of monophonic instrumental sounds. instrument::sax_baritone note::C# octave::3 midi note::37 microphone::neumann U87 tuning reference::442.0 good-sounds-id::5286",2026-09-24
360000,https://freesound.org/people/MTG/sounds/360000/,Sax Baritone - D3,MTG,20253 Sax Baritone single notes,http://creativecommons.org/licenses/by/3.0/,"September 18th, 2016","Recorded in the context of the good-sounds.org project from the Music Technology Group, Universitat Pompeu Fabra, Barcelona. Part of the Good-sounds dataset of monophonic instrumental sounds. instrument::sax_baritone note::D octave::3 midi note::38 microphone::neumann U87 tuning reference::442.0 good-sounds-id::5287",2026-09-24
360001,https://freesound.org/people/MTG/sounds/360001/,Sax Baritone - D#3,MTG,20253 Sax Baritone single notes,http://creativecommons.org/licenses/by/3.0/,"September 18th, 2016","Recorded in the context of the good-sounds.org project from the Music Technology Group, Universitat Pompeu Fabra, Barcelona. Part of the Good-sounds dataset of monophonic instrumental sounds. instrument::sax_baritone note::D# octave::3 midi note::39 microphone::neumann U87 tuning reference::442.0 good-sounds-id::5288",2026-09-24
360002,https://freesound.org/people/MTG/sounds/360002/,Sax Baritone - E3,MTG,20253 Sax Baritone single notes,http://creativecommons.org/licenses/by/3.0/,"September 18th, 2016","Recorded in the context of the good-sounds.org project from the Music Technology Group, Universitat Pompeu Fabra, Barcelona. Part of the Good-sounds dataset of monophonic instrumental sounds. instrument::sax_baritone note::E octave::3 midi note::40 microphone::neumann U87 tuning reference::442.0 good-sounds-id::5289",2026-09-24
360003,https://freesound.org/people/MTG/sounds/360003/,Sax Baritone - F3,MTG,20253 Sax Baritone single notes,http://creativecommons.org/licenses/by/3.0/,"September 18th, 2016","Recorded in the context of the good-sounds.org project from the Music Technology Group, Universitat Pompeu Fabra, Barcelona. Part of the Good-sounds dataset of monophonic instrumental sounds. instrument::sax_baritone note::F octave::3 midi note::41 microphone::neumann U87 tuning reference::442.0 good-sounds-id::5290",2026-09-24
360004,https://freesound.org/people/MTG/sounds/360004/,Sax Baritone - F#3,MTG,20253 Sax Baritone single notes,http://creativecommons.org/licenses/by/3.0/,"September 18th, 2016","Recorded in the context of the good-sounds.org project from the Music Technology Group, Universitat Pompeu Fabra, Barcelona. Part of the Good-sounds dataset of monophonic instrumental sounds. instrument::sax_baritone note::F# octave::3 midi note::42 microphone::neumann U87 tuning reference::442.0 good-sounds-id::5291",2026-09-24
360005,https://freesound.org/people/MTG/sounds/360005/,Sax Baritone - G3,MTG,20253 Sax Baritone single notes,http://creativecommons.org/licenses/by/3.0/,"September 18th, 2016","Recorded in the context of the good-sounds.org project from the Music Technology Group, Universitat Pompeu Fabra, Barcelona. Part of the Good-sounds dataset of monophonic instrumental sounds. instrument::sax_baritone note::G octave::3 midi note::43 microphone::neumann U87 tuning reference::442.0 good-sounds-id::5292",2026-09-24
360006,https://freesound.org/people/MTG/sounds/360006/,Sax Baritone - G#3,MTG,20253 Sax Baritone single notes,http://creativecommons.org/licenses/by/3.0/,"September 18th, 2016","Recorded in the context of the good-sounds.org project from the Music Technology Group, Universitat Pompeu Fabra, Barcelona. Part of the Good-sounds dataset of monophonic instrumental sounds. instrument::sax_baritone note::G# octave::3 midi note::44 microphone::neumann U87 tuning reference::442.0 good-sounds-id::5293",2026-09-24
360007,https://freesound.org/people/MTG/sounds/360007/,Sax Baritone - A3,MTG,20253 Sax Baritone single notes,http://creativecommons.org/licenses/by/3.0/,"September 18th, 2016","Recorded in the context of the good-sounds.org project from the Music Technology Group, Universitat Pompeu Fabra, Barcelona. Part of the Good-sounds dataset of monophonic instrumental sounds. instrument::sax_baritone note::A octave::3 midi note::45 microphone::neumann U87 tuning reference::442.0 good-sounds-id::5294",2026-09-24
360008,https://freesound.org/people/MTG/sounds/360008/,Sax Baritone - C2,MTG,20253 Sax Baritone single notes,http://creativecommons.org/licenses/by/3.0/,"September 18th, 2016","Recorded in the context of the good-sounds.org project from the Music Technology Group, Universitat Pompeu Fabra, Barcelona. Part of the Good-sounds dataset of monophonic instrumental sounds. instrument::sax_baritone note::C octave::2 midi note::24 microphone::neumann U87 tuning reference::442.0 good-sounds-id::5295",2026-09-24
360009,https://freesound.org/people/MTG/sounds/360009/,Sax Baritone - C#2,MTG,20253 Sax Baritone single notes,http://creativecommons.org/licenses/by/3.0/,"September 18th, 2016","Recorded in the context of the good-sounds.org project from the Music Technology Group, Universitat Pompeu Fabra, Barcelona. Part of the Good-sounds dataset of monophonic instrumental sounds. instrument::sax_baritone note::C# octave::2 midi note::25 microphone::neumann U87 tuning reference::442.0 good-sounds-id::5296",2026-09-24
360010,https://freesound.org/people/MTG/sounds/360010/,Sax Baritone - D2,MTG,20253 Sax Baritone single notes,http://creativecommons.org/licenses/by/3.0/,"September 18th, 2016","Recorded in the context of the good-sounds.org project from the Music Technology Group, Universitat Pompeu Fabra, Barcelona. Part of the Good-sounds dataset of monophonic instrumental sounds. instrument::sax_baritone note::D octave::2 midi note::26 microphone::neumann U87 tuning reference::442.0 good-sounds-id::5297",2026-09-24
360011,https://freesound.org/people/MTG/sounds/360011/,Sax Baritone - D#2,MTG,20253 Sax Baritone single notes,http://creativecommons.org/licenses/by/3.0/,"September 18th, 2016","Recorded in the context of the good-sounds.org project from the Music Technology Group, Universitat Pompeu Fabra, Barcelona. Part of the Good-sounds dataset of monophonic instrumental sounds. instrument::sax_baritone note::D# octave::2 midi note::27 microphone::neumann U87 tuning reference::442.0 good-sounds-id::5298",2026-09-24
360012,https://freesound.org/people/MTG/sounds/360012/,Sax Baritone - E2,MTG,20253 Sax Baritone single notes,http://creativecommons.org/licenses/by/3.0/,"September 18th, 2016","Recorded in the context of the good-sounds.org project from the Music Technology Group, Universitat Pompeu Fabra, Barcelona. Part of the Good-sounds dataset of monophonic instrumental sounds. instrument::sax_baritone note::E octave::2 midi note::28 microphone::neumann U87 tuning reference::442.0 good-sounds-id::5299",2026-09-24
360013,https://freesound.org/people/MTG/sounds/360013/,Sax Baritone - F2,MTG,20253 Sax Baritone single notes,http://creativecommons.org/licenses/by/3.0/,"September 18th, 2016","Recorded in the context of the good-sounds.org project from the Music Technology Group, Universitat Pompeu Fabra, Barcelona. Part of the Good-sounds dataset of monophonic instrumental sounds. instrument::sax_baritone note::F octave::2 midi note::29 microphone::neumann U87 tuning reference::442.0 good-sounds-id::5300",2026-09-24
360014,https://freesound.org/people/MTG/sounds/360014/,Sax Baritone - F#2,MTG,20253 Sax Baritone single notes,http://creativecommons.org/licenses/by/3.0/,"September 18th, 2016","Recorded in the context of the good-sounds.org project from the Music Technology Group, Universitat Pompeu Fabra, Barcelona. Part of the Good-sounds dataset of monophonic instrumental sounds. instrument::sax_baritone note::F# octave::2 midi note::30 microphone::neumann U87 tuning reference::442.0 good-sounds-id::5301",2026-09-24
360015,https://freesound.org/people/MTG/sounds/360015/,Sax Baritone - G2,MTG,20253 Sax Baritone single notes,http://creativecommons.org/licenses/by/3.0/,"September 18th, 2016","Recorded in the context of the good-sounds.org project from the Music Technology Group, Universitat Pompeu Fabra, Barcelona. Part of the Good-sounds dataset of monophonic instrumental sounds. instrument::sax_baritone note::G octave::2 midi note::31 microphone::neumann U87 tuning reference::442.0 good-sounds-id::5302",2026-09-24
360016,https://freesound.org/people/MTG/sounds/360016/,Sax Baritone - G#2,MTG,20253 Sax Baritone single notes,http://creativecommons.org/licenses/by/3.0/,"September 18th, 2016","Recorded in the context of the good-sounds.org project from the Music Technology Group, Universitat Pompeu Fabra, Barcelona. Part of the Good-sounds dataset of monophonic instrumental sounds. instrument::sax_baritone note::G# octave::2 midi note::32 microphone::neumann U87 tuning reference::442.0 good-sounds-id::5303",2026-09-24
360017,https://freesound.org/people/MTG/sounds/360017/,Sax Baritone - A2,MTG,20253 Sax Baritone single notes,http://creativecommons.org/licenses/by/3.0/,"September 18th, 2016","Recorded in the context of the good-sounds.org project from the Music Technology Group, Universitat Pompeu Fabra, Barcelona. Part of the Good-sounds dataset of monophonic instrumental sounds. instrument::sax_baritone note::A octave::2 midi note::33 microphone::neumann U87 tuning reference::442.0 good-sounds-id::5304",2026-09-24
360018,https://freesound.org/people/MTG/sounds/360018/,Sax Baritone - A#2,MTG,20253 Sax Baritone single notes,http://creativecommons.org/licenses/by/3.0/,"September 18th, 2016","Recorded in the context of the good-sounds.org project from the Music Technology Group, Universitat Pompeu Fabra, Barcelona. Part of the Good-sounds dataset of monophonic instrumental sounds. instrument::sax_baritone note::A# octave::2 midi note::34 microphone::neumann U87 tuning reference::442.0 good-sounds-id::5305",2026-09-24
360019,https://freesound.org/people/MTG/sounds/360019/,Sax Baritone - B2,MTG,20253 Sax Baritone single notes,http://creativecommons.org/licenses/by/3.0/,"September 18th, 2016","Recorded in the context of the good-sounds.org project from the Music Technology Group, Universitat Pompeu Fabra, Barcelona. Part of the Good-sounds dataset of monophonic instrumental sounds. instrument::sax_baritone note::B octave::2 midi note::35 microphone::neumann U87 tuning reference::442.0 good-sounds-id::5306",2026-09-24
360020,https://freesound.org/people/MTG/sounds/360020/,Sax Baritone - C3,MTG,20253 Sax Baritone single notes,http://creativecommons.org/licenses/by/3.0/,"September 18th, 2016","Recorded in the context of the good-sounds.org project from the Music Technology Group, Universitat Pompeu Fabra, Barcelona. Part of the Good-sounds dataset of monophonic instrumental sounds. instrument::sax_baritone note::C octave::3 midi note::36 microphone::neumann U87 tuning reference::442.0 good-sounds-id::5307",2026-09-24
360024,https://freesound.org/people/MTG/sounds/360024/,Sax Baritone - E3,MTG,20253 Sax Baritone single notes,http://creativecommons.org/licenses/by/3.0/,"September 18th, 2016","Recorded in the context of the good-sounds.org project from the Music Technology Group, Universitat Pompeu Fabra, Barcelona. Part of the Good-sounds dataset of monophonic instrumental sounds. instrument::sax_baritone note::E octave::3 midi note::40 microphone::neumann U87 tuning reference::442.0 good-sounds-id::5311",2026-09-24
360025,https://freesound.org/people/MTG/sounds/360025/,Sax Baritone - F3,MTG,20253 Sax Baritone single notes,http://creativecommons.org/licenses/by/3.0/,"September 18th, 2016","Recorded in the context of the good-sounds.org project from the Music Technology Group, Universitat Pompeu Fabra, Barcelona. Part of the Good-sounds dataset of monophonic instrumental sounds. instrument::sax_baritone note::F octave::3 midi note::41 microphone::neumann U87 tuning reference::442.0 good-sounds-id::5312",2026-09-24
360026,https://freesound.org/people/MTG/sounds/360026/,Sax Baritone - F#3,MTG,20253 Sax Baritone single notes,http://creativecommons.org/licenses/by/3.0/,"September 18th, 2016","Recorded in the context of the good-sounds.org project from the Music Technology Group, Universitat Pompeu Fabra, Barcelona. Part of the Good-sounds dataset of monophonic instrumental sounds. instrument::sax_baritone note::F# octave::3 midi note::42 microphone::neumann U87 tuning reference::442.0 good-sounds-id::5313",2026-09-24
360027,https://freesound.org/people/MTG/sounds/360027/,Sax Baritone - G3,MTG,20253 Sax Baritone single notes,http://creativecommons.org/licenses/by/3.0/,"September 18th, 2016","Recorded in the context of the good-sounds.org project from the Music Technology Group, Universitat Pompeu Fabra, Barcelona. Part of the Good-sounds dataset of monophonic instrumental sounds. instrument::sax_baritone note::G octave::3 midi note::43 microphone::neumann U87 tuning reference::442.0 good-sounds-id::5314",2026-09-24
360028,https://freesound.org/people/MTG/sounds/360028/,Sax Baritone - G#3,MTG,20253 Sax Baritone single notes,http://creativecommons.org/licenses/by/3.0/,"September 18th, 2016","Recorded in the context of the good-sounds.org project from the Music Technology Group, Universitat Pompeu Fabra, Barcelona. Part of the Good-sounds dataset of monophonic instrumental sounds. instrument::sax_baritone note::G# octave::3 midi note::44 microphone::neumann U87 tuning reference::442.0 good-sounds-id::5315",2026-09-24
360029,https://freesound.org/people/MTG/sounds/360029/,Sax Baritone - A3,MTG,20253 Sax Baritone single notes,http://creativecommons.org/licenses/by/3.0/,"September 18th, 2016","Recorded in the context of the good-sounds.org project from the Music Technology Group, Universitat Pompeu Fabra, Barcelona. Part of the Good-sounds dataset of monophonic instrumental sounds. instrument::sax_baritone note::A octave::3 midi note::45 microphone::neumann U87 tuning reference::442.0 good-sounds-id::5316",2026-09-24
360030,https://freesound.org/people/MTG/sounds/360030/,Sax Baritone - C2,MTG,20253 Sax Baritone single notes,http://creativecommons.org/licenses/by/3.0/,"September 18th, 2016","Recorded in the context of the good-sounds.org project from the Music Technology Group, Universitat Pompeu Fabra, Barcelona. Part of the Good-sounds dataset of monophonic instrumental sounds. instrument::sax_baritone note::C octave::2 midi note::24 microphone::neumann U87 tuning reference::442.0 good-sounds-id::5317",2026-09-24
360031,https://freesound.org/people/MTG/sounds/360031/,Sax Baritone - C#2,MTG,20253 Sax Baritone single notes,http://creativecommons.org/licenses/by/3.0/,"September 18th, 2016","Recorded in the context of the good-sounds.org project from the Music Technology Group, Universitat Pompeu Fabra, Barcelona. Part of the Good-sounds dataset of monophonic instrumental sounds. instrument::sax_baritone note::C# octave::2 midi note::25 microphone::neumann U87 tuning reference::442.0 good-sounds-id::5318",2026-09-24
360032,https://freesound.org/people/MTG/sounds/360032/,Sax Baritone - D2,MTG,20253 Sax Baritone single notes,http://creativecommons.org/licenses/by/3.0/,"September 18th, 2016","Recorded in the context of the good-sounds.org project from the Music Technology Group, Universitat Pompeu Fabra, Barcelona. Part of the Good-sounds dataset of monophonic instrumental sounds. instrument::sax_baritone note::D octave::2 midi note::26 microphone::neumann U87 tuning reference::442.0 good-sounds-id::5319",2026-09-24
360033,https://freesound.org/people/MTG/sounds/360033/,Sax Baritone - D#2,MTG,20253 Sax Baritone single notes,http://creativecommons.org/licenses/by/3.0/,"September 18th, 2016","Recorded in the context of the good-sounds.org project from the Music Technology Group, Universitat Pompeu Fabra, Barcelona. Part of the Good-sounds dataset of monophonic instrumental sounds. instrument::sax_baritone note::D# octave::2 midi note::27 microphone::neumann U87 tuning reference::442.0 good-sounds-id::5320",2026-09-24
360034,https://freesound.org/people/MTG/sounds/360034/,Sax Baritone - E2,MTG,20253 Sax Baritone single notes,http://creativecommons.org/licenses/by/3.0/,"September 18th, 2016","Recorded in the context of the good-sounds.org project from the Music Technology Group, Universitat Pompeu Fabra, Barcelona. Part of the Good-sounds dataset of monophonic instrumental sounds. instrument::sax_baritone note::E octave::2 midi note::28 microphone::neumann U87 tuning reference::442.0 good-sounds-id::5321",2026-09-24
360035,https://freesound.org/people/MTG/sounds/360035/,Sax Baritone - F2,MTG,20253 Sax Baritone single notes,http://creativecommons.org/licenses/by/3.0/,"September 18th, 2016","Recorded in the context of the good-sounds.org project from the Music Technology Group, Universitat Pompeu Fabra, Barcelona. Part of the Good-sounds dataset of monophonic instrumental sounds. instrument::sax_baritone note::F octave::2 midi note::29 microphone::neumann U87 tuning reference::442.0 good-sounds-id::5322",2026-09-24
360036,https://freesound.org/people/MTG/sounds/360036/,Sax Baritone - F#2,MTG,20253 Sax Baritone single notes,http://creativecommons.org/licenses/by/3.0/,"September 18th, 2016","Recorded in the context of the good-sounds.org project from the Music Technology Group, Universitat Pompeu Fabra, Barcelona. Part of the Good-sounds dataset of monophonic instrumental sounds. instrument::sax_baritone note::F# octave::2 midi note::30 microphone::neumann U87 tuning reference::442.0 good-sounds-id::5323",2026-09-24
360037,https://freesound.org/people/MTG/sounds/360037/,Sax Baritone - G2,MTG,20253 Sax Baritone single notes,http://creativecommons.org/licenses/by/3.0/,"September 18th, 2016","Recorded in the context of the good-sounds.org project from the Music Technology Group, Universitat Pompeu Fabra, Barcelona. Part of the Good-sounds dataset of monophonic instrumental sounds. instrument::sax_baritone note::G octave::2 midi note::31 microphone::neumann U87 tuning reference::442.0 good-sounds-id::5324",2026-09-24
360038,https://freesound.org/people/MTG/sounds/360038/,Sax Baritone - G#2,MTG,20253 Sax Baritone single notes,http://creativecommons.org/licenses/by/3.0/,"September 18th, 2016","Recorded in the context of the good-sounds.org project from the Music Technology Group, Universitat Pompeu Fabra, Barcelona. Part of the Good-sounds dataset of monophonic instrumental sounds. instrument::sax_baritone note::G# octave::2 midi note::32 microphone::neumann U87 tuning reference::442.0 good-sounds-id::5325",2026-09-24
360039,https://freesound.org/people/MTG/sounds/360039/,Sax Baritone - A2,MTG,20253 Sax Baritone single notes,http://creativecommons.org/licenses/by/3.0/,"September 18th, 2016","Recorded in the context of the good-sounds.org project from the Music Technology Group, Universitat Pompeu Fabra, Barcelona. Part of the Good-sounds dataset of monophonic instrumental sounds. instrument::sax_baritone note::A octave::2 midi note::33 microphone::neumann U87 tuning reference::442.0 good-sounds-id::5326",2026-09-24
360040,https://freesound.org/people/MTG/sounds/360040/,Sax Baritone - A#2,MTG,20253 Sax Baritone single notes,http://creativecommons.org/licenses/by/3.0/,"September 18th, 2016","Recorded in the context of the good-sounds.org project from the Music Technology Group, Universitat Pompeu Fabra, Barcelona. Part of the Good-sounds dataset of monophonic instrumental sounds. instrument::sax_baritone note::A# octave::2 midi note::34 microphone::neumann U87 tuning reference::442.0 good-sounds-id::5327",2026-09-24
360041,https://freesound.org/people/MTG/sounds/360041/,Sax Baritone - B2,MTG,20253 Sax Baritone single notes,http://creativecommons.org/licenses/by/3.0/,"September 18th, 2016","Recorded in the context of the good-sounds.org project from the Music Technology Group, Universitat Pompeu Fabra, Barcelona. Part of the Good-sounds dataset of monophonic instrumental sounds. instrument::sax_baritone note::B octave::2 midi note::35 microphone::neumann U87 tuning reference::442.0 good-sounds-id::5328",2026-09-24
360042,https://freesound.org/people/MTG/sounds/360042/,Sax Baritone - C3,MTG,20253 Sax Baritone single notes,http://creativecommons.org/licenses/by/3.0/,"September 18th, 2016","Recorded in the context of the good-sounds.org project from the Music Technology Group, Universitat Pompeu Fabra, Barcelona. Part of the Good-sounds dataset of monophonic instrumental sounds. instrument::sax_baritone note::C octave::3 midi note::36 microphone::neumann U87 tuning reference::442.0 good-sounds-id::5329",2026-09-24
360043,https://freesound.org/people/MTG/sounds/360043/,Sax Baritone - C#3,MTG,20253 Sax Baritone single notes,http://creativecommons.org/licenses/by/3.0/,"September 18th, 2016","Recorded in the context of the good-sounds.org project from the Music Technology Group, Universitat Pompeu Fabra, Barcelona. Part of the Good-sounds dataset of monophonic instrumental sounds. instrument::sax_baritone note::C# octave::3 midi note::37 microphone::neumann U87 tuning reference::442.0 good-sounds-id::5330",2026-09-24
360044,https://freesound.org/people/MTG/sounds/360044/,Sax Baritone - D3,MTG,20253 Sax Baritone single notes,http://creativecommons.org/licenses/by/3.0/,"September 18th, 2016","Recorded in the context of the good-sounds.org project from the Music Technology Group, Universitat Pompeu Fabra, Barcelona. Part of the Good-sounds dataset of monophonic instrumental sounds. instrument::sax_baritone note::D octave::3 midi note::38 microphone::neumann U87 tuning reference::442.0 good-sounds-id::5331",2026-09-24
360045,https://freesound.org/people/MTG/sounds/360045/,Sax Baritone - D#3,MTG,20253 Sax Baritone single notes,http://creativecommons.org/licenses/by/3.0/,"September 18th, 2016","Recorded in the context of the good-sounds.org project from the Music Technology Group, Universitat Pompeu Fabra, Barcelona. Part of the Good-sounds dataset of monophonic instrumental sounds. instrument::sax_baritone note::D# octave::3 midi note::39 microphone::neumann U87 tuning reference::442.0 good-sounds-id::5332",2026-09-24
360046,https://freesound.org/people/MTG/sounds/360046/,Sax Baritone - E3,MTG,20253 Sax Baritone single notes,http://creativecommons.org/licenses/by/3.0/,"September 18th, 2016","Recorded in the context of the good-sounds.org project from the Music Technology Group, Universitat Pompeu Fabra, Barcelona. Part of the Good-sounds dataset of monophonic instrumental sounds. instrument::sax_baritone note::E octave::3 midi note::40 microphone::neumann U87 tuning reference::442.0 good-sounds-id::5333",2026-09-24
360047,https://freesound.org/people/MTG/sounds/360047/,Sax Baritone - F3,MTG,20253 Sax Baritone single notes,http://creativecommons.org/licenses/by/3.0/,"September 18th, 2016","Recorded in the context of the good-sounds.org project from the Music Technology Group, Universitat Pompeu Fabra, Barcelona. Part of the Good-sounds dataset of monophonic instrumental sounds. instrument::sax_baritone note::F octave::3 midi note::41 microphone::neumann U87 tuning reference::442.0 good-sounds-id::5334",2026-09-24
360048,https://freesound.org/people/MTG/sounds/360048/,Sax Baritone - F#3,MTG,20253 Sax Baritone single notes,http://creativecommons.org/licenses/by/3.0/,"September 18th, 2016","Recorded in the context of the good-sounds.org project from the Music Technology Group, Universitat Pompeu Fabra, Barcelona. Part of the Good-sounds dataset of monophonic instrumental sounds. instrument::sax_baritone note::F# octave::3 midi note::42 microphone::neumann U87 tuning reference::442.0 good-sounds-id::5335",2026-09-24
360049,https://freesound.org/people/MTG/sounds/360049/,Sax Baritone - G3,MTG,20253 Sax Baritone single notes,http://creativecommons.org/licenses/by/3.0/,"September 18th, 2016","Recorded in the context of the good-sounds.org project from the Music Technology Group, Universitat Pompeu Fabra, Barcelona. Part of the Good-sounds dataset of monophonic instrumental sounds. instrument::sax_baritone note::G octave::3 midi note::43 microphone::neumann U87 tuning reference::442.0 good-sounds-id::5336",2026-09-24
360050,https://freesound.org/people/MTG/sounds/360050/,Sax Baritone - G#3,MTG,20253 Sax Baritone single notes,http://creativecommons.org/licenses/by/3.0/,"September 18th, 2016","Recorded in the context of the good-sounds.org project from the Music Technology Group, Universitat Pompeu Fabra, Barcelona. Part of the Good-sounds dataset of monophonic instrumental sounds. instrument::sax_baritone note::G# octave::3 midi note::44 microphone::neumann U87 tuning reference::442.0 good-sounds-id::5337",2026-09-24
360051,https://freesound.org/people/MTG/sounds/360051/,Sax Baritone - A3,MTG,20253 Sax Baritone single notes,http://creativecommons.org/licenses/by/3.0/,"September 18th, 2016","Recorded in the context of the good-sounds.org project from the Music Technology Group, Universitat Pompeu Fabra, Barcelona. Part of the Good-sounds dataset of monophonic instrumental sounds. instrument::sax_baritone note::A octave::3 midi note::45 microphone::neumann U87 tuning reference::442.0 good-sounds-id::5338",2026-09-24
360052,https://freesound.org/people/MTG/sounds/360052/,Sax Baritone - C2,MTG,20253 Sax Baritone single notes,http://creativecommons.org/licenses/by/3.0/,"September 18th, 2016","Recorded in the context of the good-sounds.org project from the Music Technology Group, Universitat Pompeu Fabra, Barcelona. Part of the Good-sounds dataset of monophonic instrumental sounds. instrument::sax_baritone note::C octave::2 midi note::24 microphone::neumann U87 tuning reference::442.0 good-sounds-id::5339",2026-09-24
360053,https://freesound.org/people/MTG/sounds/360053/,Sax Baritone - C#2,MTG,20253 Sax Baritone single notes,http://creativecommons.org/licenses/by/3.0/,"September 18th, 2016","Recorded in the context of the good-sounds.org project from the Music Technology Group, Universitat Pompeu Fabra, Barcelona. Part of the Good-sounds dataset of monophonic instrumental sounds. instrument::sax_baritone note::C# octave::2 midi note::25 microphone::neumann U87 tuning reference::442.0 good-sounds-id::5340",2026-09-24
360054,https://freesound.org/people/MTG/sounds/360054/,Sax Baritone - D2,MTG,20253 Sax Baritone single notes,http://creativecommons.org/licenses/by/3.0/,"September 18th, 2016","Recorded in the context of the good-sounds.org project from the Music Technology Group, Universitat Pompeu Fabra, Barcelona. Part of the Good-sounds dataset of monophonic instrumental sounds. instrument::sax_baritone note::D octave::2 midi note::26 microphone::neumann U87 tuning reference::442.0 good-sounds-id::5341",2026-09-24
360240,https://freesound.org/people/MTG/sounds/360240/,Sax Baritone - C3,MTG,20253 Sax Baritone single notes,http://creativecommons.org/licenses/by/3.0/,"September 18th, 2016","Recorded in the context of the good-sounds.org project from the Music Technology Group, Universitat Pompeu Fabra, Barcelona. Part of the Good-sounds dataset of monophonic instrumental sounds. instrument::sax_baritone note::C octave::3 midi note::36 microphone::neumann U87 tuning reference::442.0 good-sounds-id::5527",2026-09-24
360241,https://freesound.org/people/MTG/sounds/360241/,Sax Baritone - C#3,MTG,20253 Sax Baritone single notes,http://creativecommons.org/licenses/by/3.0/,"September 18th, 2016","Recorded in the context of the good-sounds.org project from the Music Technology Group, Universitat Pompeu Fabra, Barcelona. Part of the Good-sounds dataset of monophonic instrumental sounds. instrument::sax_baritone note::C# octave::3 midi note::37 microphone::neumann U87 tuning reference::442.0 good-sounds-id::5528",2026-09-24
360242,https://freesound.org/people/MTG/sounds/360242/,Sax Baritone - D3,MTG,20253 Sax Baritone single notes,http://creativecommons.org/licenses/by/3.0/,"September 18th, 2016","Recorded in the context of the good-sounds.org project from the Music Technology Group, Universitat Pompeu Fabra, Barcelona. Part of the Good-sounds dataset of monophonic instrumental sounds. instrument::sax_baritone note::D octave::3 midi note::38 microphone::neumann U87 tuning reference::442.0 good-sounds-id::5529",2026-09-24
360243,https://freesound.org/people/MTG/sounds/360243/,Sax Baritone - D#3,MTG,20253 Sax Baritone single notes,http://creativecommons.org/licenses/by/3.0/,"September 18th, 2016","Recorded in the context of the good-sounds.org project from the Music Technology Group, Universitat Pompeu Fabra, Barcelona. Part of the Good-sounds dataset of monophonic instrumental sounds. instrument::sax_baritone note::D# octave::3 midi note::39 microphone::neumann U87 tuning reference::442.0 good-sounds-id::5530",2026-09-24
360244,https://freesound.org/people/MTG/sounds/360244/,Sax Baritone - E3,MTG,20253 Sax Baritone single notes,http://creativecommons.org/licenses/by/3.0/,"September 18th, 2016","Recorded in the context of the good-sounds.org project from the Music Technology Group, Universitat Pompeu Fabra, Barcelona. Part of the Good-sounds dataset of monophonic instrumental sounds. instrument::sax_baritone note::E octave::3 midi note::40 microphone::neumann U87 tuning reference::442.0 good-sounds-id::5531",2026-09-24
360245,https://freesound.org/people/MTG/sounds/360245/,Sax Baritone - F3,MTG,20253 Sax Baritone single notes,http://creativecommons.org/licenses/by/3.0/,"September 18th, 2016","Recorded in the context of the good-sounds.org project from the Music Technology Group, Universitat Pompeu Fabra, Barcelona. Part of the Good-sounds dataset of monophonic instrumental sounds. instrument::sax_baritone note::F octave::3 midi note::41 microphone::neumann U87 tuning reference::442.0 good-sounds-id::5532",2026-09-24
360246,https://freesound.org/people/MTG/sounds/360246/,Sax Baritone - F#3,MTG,20253 Sax Baritone single notes,http://creativecommons.org/licenses/by/3.0/,"September 18th, 2016","Recorded in the context of the good-sounds.org project from the Music Technology Group, Universitat Pompeu Fabra, Barcelona. Part of the Good-sounds dataset of monophonic instrumental sounds. instrument::sax_baritone note::F# octave::3 midi note::42 microphone::neumann U87 tuning reference::442.0 good-sounds-id::5533",2026-09-24
360247,https://freesound.org/people/MTG/sounds/360247/,Sax Baritone - G3,MTG,20253 Sax Baritone single notes,http://creativecommons.org/licenses/by/3.0/,"September 18th, 2016","Recorded in the context of the good-sounds.org project from the Music Technology Group, Universitat Pompeu Fabra, Barcelona. Part of the Good-sounds dataset of monophonic instrumental sounds. instrument::sax_baritone note::G octave::3 midi note::43 microphone::neumann U87 tuning reference::442.0 good-sounds-id::5534",2026-09-24
360248,https://freesound.org/people/MTG/sounds/360248/,Sax Baritone - G#3,MTG,20253 Sax Baritone single notes,http://creativecommons.org/licenses/by/3.0/,"September 18th, 2016","Recorded in the context of the good-sounds.org project from the Music Technology Group, Universitat Pompeu Fabra, Barcelona. Part of the Good-sounds dataset of monophonic instrumental sounds. instrument::sax_baritone note::G# octave::3 midi note::44 microphone::neumann U87 tuning reference::442.0 good-sounds-id::5535",2026-09-24
360249,https://freesound.org/people/MTG/sounds/360249/,Sax Baritone - A3,MTG,20253 Sax Baritone single notes,http://creativecommons.org/licenses/by/3.0/,"September 18th, 2016","Recorded in the context of the good-sounds.org project from the Music Technology Group, Universitat Pompeu Fabra, Barcelona. Part of the Good-sounds dataset of monophonic instrumental sounds. instrument::sax_baritone note::A octave::3 midi note::45 microphone::neumann U87 tuning reference::442.0 good-sounds-id::5536",2026-09-24
360250,https://freesound.org/people/MTG/sounds/360250/,Sax Baritone - C3,MTG,20253 Sax Baritone single notes,http://creativecommons.org/licenses/by/3.0/,"September 18th, 2016","Recorded in the context of the good-sounds.org project from the Music Technology Group, Universitat Pompeu Fabra, Barcelona. Part of the Good-sounds dataset of monophonic instrumental sounds. instrument::sax_baritone note::C octave::3 midi note::36 microphone::neumann U87 tuning reference::442.0 good-sounds-id::5537",2026-09-24
360251,https://freesound.org/people/MTG/sounds/360251/,Sax Baritone - C#3,MTG,20253 Sax Baritone single notes,http://creativecommons.org/licenses/by/3.0/,"September 18th, 2016","Recorded in the context of the good-sounds.org project from the Music Technology Group, Universitat Pompeu Fabra, Barcelona. Part of the Good-sounds dataset of monophonic instrumental sounds. instrument::sax_baritone note::C# octave::3 midi note::37 microphone::neumann U87 tuning reference::442.0 good-sounds-id::5538",2026-09-24
