═══ widen_cert — Terrain Instrument FX WIDEN (chain kind 10, SYN_WID_) ═══
    6 Types x 8 Characters x 6 Fields · engine TerrainWidenFx.h
    MUTATION: NONE (shipping build)

[A — ROSTER + CARDINALITY (the fb373 contract this device must be wired to)]
  ok    kNumTypes == 6 live                                  6
  ok    kNumTypeSlots == 8 (2 reserved, choice cardinality frozen at birth) 8
  ok    kNumChars == 8 for EVERY Type (read back on the /7 scale, clamp per Type) 8
  ok    every Type x Character name is non-empty             Throng Twin Steady Twofold Blur Bands 
  ok    charNames clamps out-of-range Type                   Coarse
  ok    back dropdown 2 is NOT `Type`, and its member is `axis` (R6 + CONTRACT §2) Field: Straight Alternate Orbit Swap Side Only Gather 
      (the Character list is EMPTY, and that is a measurement — see §J)
  ok    mono manifest is declared, not hidden — and §J checks every entry Fields: Orbit Side Only · Types: Twin Twofold Blur · Chars: 

[B — THE CONTROL NUMBERS (every metric through a BYPASSED engine first)]
  CONTROL  corr +1.000 · side/mid -227.8 dB · flux 23.52 · chan ripple 0.0 dB · echo peaks 49 · mono dev 0.00 dB
  ok    bypass is bit-transparent (Mix 0)                    +0.0000 dB
  ok    bypass correlation reads +1.000 (the probe is mono)  +1.00000
  ok    bypass flux is the FLOOR every Type is read against  23.521

[C — TYPE DISCRIMINATORS + the cross-type distinctness matrix]
      every column below is measured on the OUTPUT SAMPLES. `fmEng` and `share` are
      the modulation spectrum of the output's own complex envelope; `cents` and
      `carrier` are read off its magnitude spectrum. Nothing here reads viz().
      Type        corr side/mid   flux   share pitchMv   ripple  echo monoDev   cents carrier
      Throng    +0.214     -1.9  44.71   0.349   50.77     15.7    40    4.03    99.4   0.500
      Twin      -0.893     12.5  49.49   0.304   49.45     30.2    52    7.11   163.9   0.082
      Steady    +0.280     -2.5  46.58   0.174   19.74     13.0    35    4.36   144.3   0.212
      Twofold   +0.535     -5.1  39.39   0.147   87.89     21.5    10    7.32    50.6   0.766
      Blur      -0.821     10.0  22.98   0.548    1.94      1.6    47    2.92     4.2   1.000
      Bands     +0.090     -0.8  26.63   0.402    0.02      6.9    49    0.00     1.7   1.000
  ok    Throng  — the detune IS the motion (sweeping copies) detune spread 99 cents · pitch motion 50.8 cents = 0.51 of it
  ok    Twin   — a WIDE field with a CONSTANT detune (carrier vacated) side/mid +12.5 dB · detune spread 164 cents · carrier mass 0.082
  ok    Steady — the detune is a fixed OFFSET, not a sweep detune spread 144 cents · pitch motion 19.7 cents = 0.14 of it
  ok    Twofold— APERIODIC motion + the most distinct echoes one-line share 0.147 (Throng 0.349) · detune spread 51 cents
  ok    Blur/Bands — PHASE-ONLY: the carrier is never shifted at all carrier mass Blur 1.000 / Bands 1.000
  ok    Blur   — per-channel magnitude FLAT (allpass, by construction) chan ripple 1.61 dB (control 0.00 dB)
  ok    Bands  — per-channel magnitude TORN (the anti-Blur) chan ripple 6.9 dB vs Blur 1.6 dB

      cross-type distinctness — RANGE-normalised L2 (reported, not gated):
              Throng    Twin  Steady Twofold    Blur   Bands
      Throng    0.00    1.48    0.72    1.22    1.77    1.39
      Twin      1.48    0.00    1.53    2.15    2.24    2.40
      Steady    0.72    1.53    0.00    1.43    2.14    1.73
      Twofold    1.22    2.15    1.43    0.00    2.40    2.02
      Blur      1.77    2.24    2.14    2.40    0.00    1.06
      Bands     1.39    2.40    1.73    2.02    1.06    0.00
      (range-normalised closest pair: Throng/Steady at 0.72)

      cross-type distinctness — PERCEPTUAL L2 (the gate; 1.0 = one audible step):
              Throng    Twin  Steady Twofold    Blur   Bands
      Throng    0.00    6.18    2.59    4.94    7.00    5.98
      Twin      6.18    0.00    6.07    9.09   11.16   10.93
      Steady    2.59    6.07    0.00    6.19    8.64    7.88
      Twofold    4.94    9.09    6.19    0.00    8.58    7.46
      Blur      7.00   11.16    8.64    8.58    0.00    3.15
      Bands     5.98   10.93    7.88    7.46    3.15    0.00
  ok    every Type pair separated by >= 1.0 audible step (perceptual L2) closest pair Throng/Steady at 2.59
  ok    the closest pair still differs >= 2x on a stated discriminator Bands chan ripple 6.9 dB vs Blur 1.6 dB

[D — THE DIMENSION TELL: the triangle holds its detune, a sine does not]
      The pitch offset IS the delay slope. For a TRIANGLE the slope is a SQUARE
      wave: the detune sits at exactly +-c and only flips sign at the apexes. For a
      SINE the slope is a sine, whose value distribution is the ARCSINE law, so the
      detune sweeps continuously through every value including zero. Closed-form
      predictions for a sine, which is what makes this a real test and not a
      threshold: P(|c| > 0.8 peak) = 1 - (2/pi)asin(0.8) = 0.410 and
      P(|c| < 0.1 peak) = (2/pi)asin(0.1) = 0.064. A flat-topped trapezoid — the
      shape an earlier draft of the bible specced — would drive the SECOND number
      toward its flat-top duty cycle, i.e. the detune would periodically DROP OUT.
      TRIANGLE (Two Line)  peak  120.0 cents · mass at |c|>0.8pk 0.988 · at |c|<0.1pk 0.001
      SINE     (Tremble)   peak  449.7 cents · mass at |c|>0.8pk 0.501 · at |c|<0.1pk 0.055
      arcsine prediction for a sine:                             0.410              0.064
  ok    triangle detune is BIMODAL: >= 90 % of the time at +-peak 0.988 of samples at |c| > 0.8 peak
  ok    triangle has NO zero dwell (a flat top would put one there) 0.0010 of samples at |c| < 0.1 peak
  ok    the SINE A/B proves the metric can see a non-square slope sine lobe mass 0.501 (arcsine predicts 0.410)
  ok    the SINE A/B shows the zero dwell the triangle does not have sine 0.0551 vs triangle 0.0010
  ok    `Tremble` (sine) MOVES more than `Two Line` (triangle) — the Dimension is motionless sine flux 53.07 vs triangle flux 50.37

[E — THE CONSTANT-CENTS LAW (the knob IS cents; Serum's is not)]
      ⚠️ THIS SECTION IS A STRUCTURAL CHECK ON THE SOLVER, NOT AN AUDIBILITY GATE.
      It reads liveTargetCents()/liveBaseMs(), i.e. the engine's own arithmetic, to
      prove the depth solve inverts the cents law and stays rate-independent. It
      CANNOT tell you the AUDIO does any of that: under WIDEN_MUT_HAAS every line
      below stays green while the output is a fixed delay. The audible versions
      are §F (the 72-cell matrix) and §R (the ceiling), both of which go red there.
      Rate knob ->   Hz    achieved peak cents (voice 5, Amount 100 %)  base ms
       0.25        0.291              213.5                          64.23
       0.40        0.631              213.8                          30.41
       0.55        1.370              213.5                          14.82
       0.70        2.973              213.5                          11.30
       0.85        6.452              213.4                          11.30
  ok    peak cents INDEPENDENT of Rate over a 12x rate span (<= 5 % spread) 213.4 .. 213.8 cents, spread 0.18 %
  ok    Amount 100 % reaches full cents at Voices 3          Voices 3 -> outermost 190.0 cents
  ok    Amount 100 % reaches full cents at Voices 5          Voices 5 -> outermost 190.0 cents
  ok    Amount 100 % reaches full cents at Voices 8          Voices 8 -> outermost 190.0 cents

[F — THE WHOLE MATRIX: EVERY KNOB SWEPT 0->100 ON EVERY TYPE]
      🔴 fb425 — THE FULL-MATRIX LAW. fb422 swept 12 knobs x 6 Types = 72 cells and
      called Law 1 proved. It was not: `sweep()` never took a CHARACTER, so all 72
      cells ran on Character 0 and the other 7/8 of the matrix had never been
      measured once. 12 knobs x 6 Types x 8 Characters = 576 cells, and all 576 are
      gated here, each on its own line. Every metric is read off the OUTPUT.
      Each knob carries its own ABSOLUTE audible-step floor — 'no plateau' cannot be a
      fraction of the span, because one huge step at the bottom would then excuse every
      dead quarter after it.
      🔑 EVERY CELL ALSO GETS A BIT-IDENTITY PROBE, and that one is not a judgement
      call: knob 0 % and knob 100 % are run through the same engine on the same noise
      and the sample vectors are compared EXACTLY. Bit-identical is a FAILURE unless
      the cell is named in the KNOWN-INERT ROSTER below with a reason — and that table
      is asserted to a fixed size AND checked in reverse, so a cell cannot be declared
      inert and then quietly come alive (or be used to hide a live-but-deaf knob).

      the change unit, per Type x Character — ONE QUARTER-TURN OF MIX (0.25 -> 0.50):
        Throng     21.5   21.3   21.5   20.9   19.3   19.0   19.7   19.1
        Twin       20.1   18.8   17.8   20.3   30.5   26.0   23.6   30.0
        Steady     22.5   22.7   21.1   19.0   21.3   19.4   18.5   19.8
        Twofold    12.3   18.8   17.8   14.1   11.1   12.4   12.5    9.9
        Blur       29.3   20.3   27.3   38.0   41.2   34.2   27.6   29.2
        Bands      10.8    9.9   14.7   12.4   12.3    8.2    8.7   12.5

      -- Detune       detune cents / 1-corr 
  ok    Detune on Throng/JP Classic — not bit-identical 0 % vs 100 % output differs
  ok    Detune on Throng/JP Classic — alive and monotonic  1.691 -> 106.546, smallest quarter 7.632 (>= 6.000)
  ok    Detune on Throng/Even Fan — not bit-identical 0 % vs 100 % output differs
  ok    Detune on Throng/Even Fan — alive and monotonic    1.691 -> 82.534, smallest quarter 6.741 (>= 6.000)
  ok    Detune on Throng/Analog Drift — not bit-identical 0 % vs 100 % output differs
         Throng/Analog Drift     8.433   10.955   27.264   53.220   84.890   span   76.457  min step   2.522 (>= 6.000)  [PLATEAU]
  FAIL  Detune on Throng/Analog Drift — alive and monotonic 8.433 -> 84.890, smallest quarter 2.522 (>= 6.000)
  ok    Detune on Throng/Tight Fan — not bit-identical 0 % vs 100 % output differs
  ok    Detune on Throng/Tight Fan — alive and monotonic   1.691 -> 104.160, smallest quarter 7.632 (>= 6.000)
  ok    Detune on Throng/Wide Fan — not bit-identical 0 % vs 100 % output differs
  ok    Detune on Throng/Wide Fan — alive and monotonic    1.691 -> 96.981, smallest quarter 7.632 (>= 6.000)
  ok    Detune on Throng/Octave Bloom — not bit-identical 0 % vs 100 % output differs
         Throng/Octave Bloom     1.691    4.232   10.955   21.005   35.973   span   34.281  min step   2.540 (>= 6.000)  [PLATEAU]
  FAIL  Detune on Throng/Octave Bloom — alive and monotonic 1.691 -> 35.973, smallest quarter 2.540 (>= 6.000)
  ok    Detune on Throng/Sub Anchor — not bit-identical 0 % vs 100 % output differs
  ok    Detune on Throng/Sub Anchor — alive and monotonic  1.691 -> 106.546, smallest quarter 7.632 (>= 6.000)
  ok    Detune on Throng/Three Phase — not bit-identical 0 % vs 100 % output differs
  ok    Detune on Throng/Three Phase — alive and monotonic 1.691 -> 672.973, smallest quarter 48.915 (>= 6.000)
  ok    Detune on Twin/Two Line — not bit-identical 0 % vs 100 % output differs
  ok    Detune on Twin/Two Line — alive and monotonic      1.691 -> 163.906, smallest quarter 14.296 (>= 6.000)
  ok    Detune on Twin/Four Line — not bit-identical 0 % vs 100 % output differs
  ok    Detune on Twin/Four Line — alive and monotonic     1.691 -> 180.714, smallest quarter 15.298 (>= 6.000)
  ok    Detune on Twin/Mode Two — not bit-identical 0 % vs 100 % output differs
  ok    Detune on Twin/Mode Two — alive and monotonic      1.691 -> 180.714, smallest quarter 16.807 (>= 6.000)
  ok    Detune on Twin/Mode Three — not bit-identical 0 % vs 100 % output differs
  ok    Detune on Twin/Mode Three — alive and monotonic    1.691 -> 399.466, smallest quarter 30.733 (>= 6.000)
  ok    Detune on Twin/No Compander — not bit-identical 0 % vs 100 % output differs
  ok    Detune on Twin/No Compander — alive and monotonic  1.691 -> 180.714, smallest quarter 15.298 (>= 6.000)
  ok    Detune on Twin/Dark BBD — not bit-identical 0 % vs 100 % output differs
  ok    Detune on Twin/Dark BBD — alive and monotonic      1.691 -> 180.714, smallest quarter 15.298 (>= 6.000)
  ok    Detune on Twin/Tremble — not bit-identical 0 % vs 100 % output differs
  ok    Detune on Twin/Tremble — alive and monotonic       1.691 -> 744.746, smallest quarter 54.146 (>= 6.000)
  ok    Detune on Twin/Hex — not bit-identical 0 % vs 100 % output differs
  ok    Detune on Twin/Hex — alive and monotonic           1.691 -> 180.714, smallest quarter 15.298 (>= 6.000)
  ok    Detune on Steady/Satin — not bit-identical 0 % vs 100 % output differs
  ok    Detune on Steady/Satin — alive and monotonic       1.691 -> 144.285, smallest quarter 14.296 (>= 6.000)
  ok    Detune on Steady/Jab — not bit-identical 0 % vs 100 % output differs
  ok    Detune on Steady/Jab — alive and monotonic         1.691 -> 141.951, smallest quarter 14.296 (>= 6.000)
  ok    Detune on Steady/Quaver — not bit-identical 0 % vs 100 % output differs
  ok    Detune on Steady/Quaver — alive and monotonic      22.119 -> 144.285, smallest quarter 8.879 (>= 6.000)
  ok    Detune on Steady/Fifth Up — not bit-identical 0 % vs 100 % output differs
         Steady/Fifth Up       718.780   10.955   33.487   65.525  104.160   span  614.620  min step  22.533 (>= 6.000)  [NOT MONOTONIC]
  FAIL  Detune on Steady/Fifth Up — alive and monotonic    718.780 -> 104.160, smallest quarter 22.533 (>= 6.000)
  ok    Detune on Steady/Octave Down — not bit-identical 0 % vs 100 % output differs
  ok    Detune on Steady/Octave Down — alive and monotonic 1.691 -> 89.773, smallest quarter 9.263 (>= 6.000)
  ok    Detune on Steady/Wide Slap — not bit-identical 0 % vs 100 % output differs
  ok    Detune on Steady/Wide Slap — alive and monotonic   1.691 -> 144.285, smallest quarter 14.296 (>= 6.000)
  ok    Detune on Steady/Gritty — not bit-identical 0 % vs 100 % output differs
  ok    Detune on Steady/Gritty — alive and monotonic      1.691 -> 148.946, smallest quarter 14.296 (>= 6.000)
  ok    Detune on Steady/Octave Pair — not bit-identical 0 % vs 100 % output differs
  ok    Detune on Steady/Octave Pair — alive and monotonic 1.691 -> 104.160, smallest quarter 9.263 (>= 6.000)
  ok    Detune on Twofold/Lilt — not bit-identical 0 % vs 100 % output differs
  ok    Detune on Twofold/Lilt — alive and monotonic       1.691 -> 60.635, smallest quarter 6.741 (>= 6.000)
  ok    Detune on Twofold/Wide Room — not bit-identical 0 % vs 100 % output differs
         Twofold/Wide Room        1.691    5.907    4.232   15.987   32.424   span   30.733  min step   1.675 (>= 6.000)  [NOT MONOTONIC]  [PLATEAU]
  FAIL  Detune on Twofold/Wide Room — alive and monotonic  1.691 -> 32.424, smallest quarter 1.675 (>= 6.000)
  ok    Detune on Twofold/Tape ADT — not bit-identical 0 % vs 100 % output differs
         Twofold/Tape ADT         1.691    3.378   26.009    3.378    3.378   span    1.687  min step   0.000 (>= 6.000)  [NOT MONOTONIC]  [PLATEAU]
  FAIL  Detune on Twofold/Tape ADT — alive and monotonic   1.691 -> 3.378, smallest quarter 0.000 (>= 6.000)
  ok    Detune on Twofold/Tight Inst — not bit-identical 0 % vs 100 % output differs
         Twofold/Tight Inst       1.691    5.907   16.990   27.264   60.635   span   58.943  min step   4.216 (>= 6.000)  [PLATEAU]
  FAIL  Detune on Twofold/Tight Inst — alive and monotonic 1.691 -> 60.635, smallest quarter 4.216 (>= 6.000)
  ok    Detune on Twofold/Loose Crowd — not bit-identical 0 % vs 100 % output differs
  ok    Detune on Twofold/Loose Crowd — alive and monotonic 1.691 -> 82.534, smallest quarter 6.741 (>= 6.000)
  ok    Detune on Twofold/Static Pair — not bit-identical 0 % vs 100 % output differs
  ok    Detune on Twofold/Static Pair — alive and monotonic 1.691 -> 116.058, smallest quarter 11.781 (>= 6.000)
  ok    Detune on Twofold/Slapback — not bit-identical 0 % vs 100 % output differs
         Twofold/Slapback         1.691    8.433   15.987   45.880   48.348   span   46.656  min step   2.468 (>= 6.000)  [PLATEAU]
  FAIL  Detune on Twofold/Slapback — alive and monotonic   1.691 -> 48.348, smallest quarter 2.468 (>= 6.000)
  ok    Detune on Twofold/Seasick — not bit-identical 0 % vs 100 % output differs
  ok    Detune on Twofold/Seasick — alive and monotonic    1.691 -> 214.828, smallest quarter 24.317 (>= 6.000)
  ok    Detune on Blur/Smooth Six — not bit-identical 0 % vs 100 % output differs
  ok    Detune on Blur/Smooth Six — alive and monotonic    0.000 -> 1.824, smallest quarter 0.132 (>= 0.035)
  ok    Detune on Blur/Deep Twelve — not bit-identical 0 % vs 100 % output differs
         Blur  /Deep Twelve      0.000    0.552    1.588    1.540    0.551   span    0.551  min step   0.049 (>= 0.035)  [NOT MONOTONIC]
  FAIL  Detune on Blur/Deep Twelve — alive and monotonic   0.000 -> 0.551, smallest quarter 0.049 (>= 0.035)
  ok    Detune on Blur/Plush — not bit-identical 0 % vs 100 % output differs
         Blur  /Plush            0.000    0.301    1.076    1.823    1.789   span    1.789  min step   0.034 (>= 0.035)  [NOT MONOTONIC]  [PLATEAU]
  FAIL  Detune on Blur/Plush — alive and monotonic         0.000 -> 1.789, smallest quarter 0.034 (>= 0.035)
  ok    Detune on Blur/Low Anchor — not bit-identical 0 % vs 100 % output differs
  ok    Detune on Blur/Low Anchor — alive and monotonic    0.000 -> 1.497, smallest quarter 0.159 (>= 0.035)
  ok    Detune on Blur/Top Only — not bit-identical 0 % vs 100 % output differs
  ok    Detune on Blur/Top Only — alive and monotonic      0.000 -> 0.786, smallest quarter 0.053 (>= 0.035)
  ok    Detune on Blur/Seed B — not bit-identical 0 % vs 100 % output differs
  ok    Detune on Blur/Seed B — alive and monotonic        0.000 -> 1.809, smallest quarter 0.213 (>= 0.035)
  ok    Detune on Blur/Seed C — not bit-identical 0 % vs 100 % output differs
  ok    Detune on Blur/Seed C — alive and monotonic        0.000 -> 1.795, smallest quarter 0.048 (>= 0.035)
  ok    Detune on Blur/Opposed — not bit-identical 0 % vs 100 % output differs
         Blur  /Opposed          0.762    0.851    0.925    0.879    0.665   span    0.097  min step   0.046 (>= 0.035)  [NOT MONOTONIC]
  FAIL  Detune on Blur/Opposed — alive and monotonic       0.762 -> 0.665, smallest quarter 0.046 (>= 0.035)
  ok    Detune on Bands/Coarse — not bit-identical 0 % vs 100 % output differs
  ok    Detune on Bands/Coarse — alive and monotonic       0.000 -> 0.894, smallest quarter 0.170 (>= 0.035)
  ok    Detune on Bands/Fine — not bit-identical 0 % vs 100 % output differs
  ok    Detune on Bands/Fine — alive and monotonic         0.000 -> 0.810, smallest quarter 0.146 (>= 0.035)
  ok    Detune on Bands/Tilted — not bit-identical 0 % vs 100 % output differs
  ok    Detune on Bands/Tilted — alive and monotonic       0.000 -> 1.100, smallest quarter 0.193 (>= 0.035)
  ok    Detune on Bands/Rotor Slow — not bit-identical 0 % vs 100 % output differs
  ok    Detune on Bands/Rotor Slow — alive and monotonic   0.000 -> 1.201, smallest quarter 0.193 (>= 0.035)
  ok    Detune on Bands/Rotor Fast — not bit-identical 0 % vs 100 % output differs
  ok    Detune on Bands/Rotor Fast — alive and monotonic   0.000 -> 1.096, smallest quarter 0.191 (>= 0.035)
  ok    Detune on Bands/Guard — not bit-identical 0 % vs 100 % output differs
  ok    Detune on Bands/Guard — alive and monotonic        0.000 -> 0.471, smallest quarter 0.047 (>= 0.035)
  ok    Detune on Bands/Deep Grid — not bit-identical 0 % vs 100 % output differs
  ok    Detune on Bands/Deep Grid — alive and monotonic    0.000 -> 0.295, smallest quarter 0.040 (>= 0.035)
  ok    Detune on Bands/Hard Split — not bit-identical 0 % vs 100 % output differs
  ok    Detune on Bands/Hard Split — alive and monotonic   0.000 -> 1.044, smallest quarter 0.093 (>= 0.035)
      -- Width        side fraction         
  ok    Width on Throng/JP Classic — not bit-identical 0 % vs 100 % output differs
  ok    Width on Throng/JP Classic — alive and monotonic   0.000 -> 1.000, smallest quarter 0.197 (>= 0.040)
  ok    Width on Throng/Even Fan — not bit-identical 0 % vs 100 % output differs
  ok    Width on Throng/Even Fan — alive and monotonic     0.000 -> 1.000, smallest quarter 0.198 (>= 0.040)
  ok    Width on Throng/Analog Drift — not bit-identical 0 % vs 100 % output differs
  ok    Width on Throng/Analog Drift — alive and monotonic 0.000 -> 1.000, smallest quarter 0.192 (>= 0.040)
  ok    Width on Throng/Tight Fan — not bit-identical 0 % vs 100 % output differs
  ok    Width on Throng/Tight Fan — alive and monotonic    0.000 -> 1.000, smallest quarter 0.190 (>= 0.040)
  ok    Width on Throng/Wide Fan — not bit-identical 0 % vs 100 % output differs
  ok    Width on Throng/Wide Fan — alive and monotonic     0.000 -> 1.000, smallest quarter 0.196 (>= 0.040)
  ok    Width on Throng/Octave Bloom — not bit-identical 0 % vs 100 % output differs
  ok    Width on Throng/Octave Bloom — alive and monotonic 0.000 -> 1.000, smallest quarter 0.187 (>= 0.040)
  ok    Width on Throng/Sub Anchor — not bit-identical 0 % vs 100 % output differs
  ok    Width on Throng/Sub Anchor — alive and monotonic   0.000 -> 1.000, smallest quarter 0.196 (>= 0.040)
  ok    Width on Throng/Three Phase — not bit-identical 0 % vs 100 % output differs
  ok    Width on Throng/Three Phase — alive and monotonic  0.000 -> 1.000, smallest quarter 0.194 (>= 0.040)
  ok    Width on Twin/Two Line — not bit-identical 0 % vs 100 % output differs
  ok    Width on Twin/Two Line — alive and monotonic       0.000 -> 1.000, smallest quarter 0.112 (>= 0.040)
  ok    Width on Twin/Four Line — not bit-identical 0 % vs 100 % output differs
  ok    Width on Twin/Four Line — alive and monotonic      0.000 -> 1.000, smallest quarter 0.112 (>= 0.040)
  ok    Width on Twin/Mode Two — not bit-identical 0 % vs 100 % output differs
  ok    Width on Twin/Mode Two — alive and monotonic       0.000 -> 1.000, smallest quarter 0.112 (>= 0.040)
  ok    Width on Twin/Mode Three — not bit-identical 0 % vs 100 % output differs
  ok    Width on Twin/Mode Three — alive and monotonic     0.000 -> 1.000, smallest quarter 0.114 (>= 0.040)
  ok    Width on Twin/No Compander — not bit-identical 0 % vs 100 % output differs
  ok    Width on Twin/No Compander — alive and monotonic   0.000 -> 1.000, smallest quarter 0.091 (>= 0.040)
  ok    Width on Twin/Dark BBD — not bit-identical 0 % vs 100 % output differs
  ok    Width on Twin/Dark BBD — alive and monotonic       0.000 -> 1.000, smallest quarter 0.112 (>= 0.040)
  ok    Width on Twin/Tremble — not bit-identical 0 % vs 100 % output differs
  ok    Width on Twin/Tremble — alive and monotonic        0.000 -> 1.000, smallest quarter 0.113 (>= 0.040)
  ok    Width on Twin/Hex — not bit-identical 0 % vs 100 % output differs
  ok    Width on Twin/Hex — alive and monotonic            0.000 -> 1.000, smallest quarter 0.086 (>= 0.040)
  ok    Width on Steady/Satin — not bit-identical 0 % vs 100 % output differs
  ok    Width on Steady/Satin — alive and monotonic        0.000 -> 1.000, smallest quarter 0.188 (>= 0.040)
  ok    Width on Steady/Jab — not bit-identical 0 % vs 100 % output differs
  ok    Width on Steady/Jab — alive and monotonic          0.000 -> 1.000, smallest quarter 0.192 (>= 0.040)
  ok    Width on Steady/Quaver — not bit-identical 0 % vs 100 % output differs
  ok    Width on Steady/Quaver — alive and monotonic       0.000 -> 1.000, smallest quarter 0.194 (>= 0.040)
  ok    Width on Steady/Fifth Up — not bit-identical 0 % vs 100 % output differs
  ok    Width on Steady/Fifth Up — alive and monotonic     0.000 -> 1.000, smallest quarter 0.170 (>= 0.040)
  ok    Width on Steady/Octave Down — not bit-identical 0 % vs 100 % output differs
  ok    Width on Steady/Octave Down — alive and monotonic  0.000 -> 1.000, smallest quarter 0.191 (>= 0.040)
  ok    Width on Steady/Wide Slap — not bit-identical 0 % vs 100 % output differs
  ok    Width on Steady/Wide Slap — alive and monotonic    0.000 -> 1.000, smallest quarter 0.191 (>= 0.040)
  ok    Width on Steady/Gritty — not bit-identical 0 % vs 100 % output differs
  ok    Width on Steady/Gritty — alive and monotonic       0.000 -> 1.000, smallest quarter 0.194 (>= 0.040)
  ok    Width on Steady/Octave Pair — not bit-identical 0 % vs 100 % output differs
  ok    Width on Steady/Octave Pair — alive and monotonic  0.000 -> 1.000, smallest quarter 0.172 (>= 0.040)
  ok    Width on Twofold/Lilt — not bit-identical 0 % vs 100 % output differs
  ok    Width on Twofold/Lilt — alive and monotonic        0.000 -> 1.000, smallest quarter 0.162 (>= 0.040)
  ok    Width on Twofold/Wide Room — not bit-identical 0 % vs 100 % output differs
  ok    Width on Twofold/Wide Room — alive and monotonic   0.000 -> 1.000, smallest quarter 0.086 (>= 0.040)
  ok    Width on Twofold/Tape ADT — not bit-identical 0 % vs 100 % output differs
  ok    Width on Twofold/Tape ADT — alive and monotonic    0.000 -> 1.000, smallest quarter 0.065 (>= 0.040)
  ok    Width on Twofold/Tight Inst — not bit-identical 0 % vs 100 % output differs
  ok    Width on Twofold/Tight Inst — alive and monotonic  0.000 -> 1.000, smallest quarter 0.181 (>= 0.040)
  ok    Width on Twofold/Loose Crowd — not bit-identical 0 % vs 100 % output differs
  ok    Width on Twofold/Loose Crowd — alive and monotonic 0.000 -> 1.000, smallest quarter 0.172 (>= 0.040)
  ok    Width on Twofold/Static Pair — not bit-identical 0 % vs 100 % output differs
  ok    Width on Twofold/Static Pair — alive and monotonic 0.000 -> 1.000, smallest quarter 0.165 (>= 0.040)
  ok    Width on Twofold/Slapback — not bit-identical 0 % vs 100 % output differs
  ok    Width on Twofold/Slapback — alive and monotonic    0.000 -> 1.000, smallest quarter 0.169 (>= 0.040)
  ok    Width on Twofold/Seasick — not bit-identical 0 % vs 100 % output differs
  ok    Width on Twofold/Seasick — alive and monotonic     0.000 -> 1.000, smallest quarter 0.172 (>= 0.040)
  ok    Width on Blur/Smooth Six — not bit-identical 0 % vs 100 % output differs
  ok    Width on Blur/Smooth Six — alive and monotonic     0.000 -> 1.000, smallest quarter 0.128 (>= 0.040)
  ok    Width on Blur/Deep Twelve — not bit-identical 0 % vs 100 % output differs
  ok    Width on Blur/Deep Twelve — alive and monotonic    0.000 -> 1.000, smallest quarter 0.185 (>= 0.040)
  ok    Width on Blur/Plush — not bit-identical 0 % vs 100 % output differs
  ok    Width on Blur/Plush — alive and monotonic          0.000 -> 1.000, smallest quarter 0.092 (>= 0.040)
  ok    Width on Blur/Low Anchor — not bit-identical 0 % vs 100 % output differs
  ok    Width on Blur/Low Anchor — alive and monotonic     0.000 -> 1.000, smallest quarter 0.193 (>= 0.040)
  ok    Width on Blur/Top Only — not bit-identical 0 % vs 100 % output differs
  ok    Width on Blur/Top Only — alive and monotonic       0.000 -> 1.000, smallest quarter 0.177 (>= 0.040)
  ok    Width on Blur/Seed B — not bit-identical 0 % vs 100 % output differs
  ok    Width on Blur/Seed B — alive and monotonic         0.000 -> 1.000, smallest quarter 0.163 (>= 0.040)
  ok    Width on Blur/Seed C — not bit-identical 0 % vs 100 % output differs
  ok    Width on Blur/Seed C — alive and monotonic         0.000 -> 1.000, smallest quarter 0.116 (>= 0.040)
  ok    Width on Blur/Opposed — not bit-identical 0 % vs 100 % output differs
  ok    Width on Blur/Opposed — alive and monotonic        0.000 -> 1.000, smallest quarter 0.200 (>= 0.040)
  ok    Width on Bands/Coarse — not bit-identical 0 % vs 100 % output differs
  ok    Width on Bands/Coarse — alive and monotonic        0.000 -> 1.000, smallest quarter 0.194 (>= 0.040)
  ok    Width on Bands/Fine — not bit-identical 0 % vs 100 % output differs
  ok    Width on Bands/Fine — alive and monotonic          0.000 -> 1.000, smallest quarter 0.189 (>= 0.040)
  ok    Width on Bands/Tilted — not bit-identical 0 % vs 100 % output differs
  ok    Width on Bands/Tilted — alive and monotonic        0.000 -> 1.000, smallest quarter 0.205 (>= 0.040)
  ok    Width on Bands/Rotor Slow — not bit-identical 0 % vs 100 % output differs
  ok    Width on Bands/Rotor Slow — alive and monotonic    0.000 -> 1.000, smallest quarter 0.205 (>= 0.040)
  ok    Width on Bands/Rotor Fast — not bit-identical 0 % vs 100 % output differs
  ok    Width on Bands/Rotor Fast — alive and monotonic    0.000 -> 1.000, smallest quarter 0.205 (>= 0.040)
  ok    Width on Bands/Guard — not bit-identical 0 % vs 100 % output differs
  ok    Width on Bands/Guard — alive and monotonic         0.000 -> 1.000, smallest quarter 0.156 (>= 0.040)
  ok    Width on Bands/Deep Grid — not bit-identical 0 % vs 100 % output differs
  ok    Width on Bands/Deep Grid — alive and monotonic     0.000 -> 1.000, smallest quarter 0.131 (>= 0.040)
  ok    Width on Bands/Hard Split — not bit-identical 0 % vs 100 % output differs
  ok    Width on Bands/Hard Split — alive and monotonic    0.000 -> 1.000, smallest quarter 0.206 (>= 0.040)
      -- Rate         output change / step  
  ok    Rate on Throng/JP Classic — not bit-identical 0 % vs 100 % output differs
  ok    Rate on Throng/JP Classic — alive and monotonic    0.000 -> 16.791, smallest quarter 12.488 (>= 4.297)
  ok    Rate on Throng/Even Fan — not bit-identical 0 % vs 100 % output differs
  ok    Rate on Throng/Even Fan — alive and monotonic      0.000 -> 15.826, smallest quarter 14.381 (>= 4.257)
  ok    Rate on Throng/Analog Drift — not bit-identical 0 % vs 100 % output differs
  ok    Rate on Throng/Analog Drift — alive and monotonic  0.000 -> 11.475, smallest quarter 11.475 (>= 4.292)
  ok    Rate on Throng/Tight Fan — not bit-identical 0 % vs 100 % output differs
  ok    Rate on Throng/Tight Fan — alive and monotonic     0.000 -> 26.950, smallest quarter 14.209 (>= 4.179)
  ok    Rate on Throng/Wide Fan — not bit-identical 0 % vs 100 % output differs
  ok    Rate on Throng/Wide Fan — alive and monotonic      0.000 -> 11.739, smallest quarter 7.934 (>= 3.854)
  ok    Rate on Throng/Octave Bloom — not bit-identical 0 % vs 100 % output differs
  ok    Rate on Throng/Octave Bloom — alive and monotonic  0.000 -> 10.793, smallest quarter 10.793 (>= 3.809)
  ok    Rate on Throng/Sub Anchor — not bit-identical 0 % vs 100 % output differs
  ok    Rate on Throng/Sub Anchor — alive and monotonic    0.000 -> 17.552, smallest quarter 11.755 (>= 3.938)
  ok    Rate on Throng/Three Phase — not bit-identical 0 % vs 100 % output differs
  ok    Rate on Throng/Three Phase — alive and monotonic   0.000 -> 11.241, smallest quarter 11.241 (>= 3.826)
  ok    Rate on Twin/Two Line — not bit-identical 0 % vs 100 % output differs
  ok    Rate on Twin/Two Line — alive and monotonic        0.000 -> 65.258, smallest quarter 8.905 (>= 4.024)
  ok    Rate on Twin/Four Line — not bit-identical 0 % vs 100 % output differs
  ok    Rate on Twin/Four Line — alive and monotonic       0.000 -> 61.665, smallest quarter 8.928 (>= 3.765)
  ok    Rate on Twin/Mode Two — not bit-identical 0 % vs 100 % output differs
  ok    Rate on Twin/Mode Two — alive and monotonic        0.000 -> 71.128, smallest quarter 19.088 (>= 3.560)
  ok    Rate on Twin/Mode Three — not bit-identical 0 % vs 100 % output differs
  ok    Rate on Twin/Mode Three — alive and monotonic      0.000 -> 41.041, smallest quarter 9.043 (>= 4.060)
  ok    Rate on Twin/No Compander — not bit-identical 0 % vs 100 % output differs
  ok    Rate on Twin/No Compander — alive and monotonic    0.000 -> 65.292, smallest quarter 8.983 (>= 6.096)
  ok    Rate on Twin/Dark BBD — not bit-identical 0 % vs 100 % output differs
  ok    Rate on Twin/Dark BBD — alive and monotonic        0.000 -> 64.842, smallest quarter 11.527 (>= 5.193)
  ok    Rate on Twin/Tremble — not bit-identical 0 % vs 100 % output differs
  ok    Rate on Twin/Tremble — alive and monotonic         0.000 -> 26.182, smallest quarter 10.015 (>= 4.724)
  ok    Rate on Twin/Hex — not bit-identical 0 % vs 100 %  output differs
  ok    Rate on Twin/Hex — alive and monotonic             0.000 -> 58.375, smallest quarter 9.028 (>= 6.006)
  ok    Rate on Steady/Satin — not bit-identical 0 % vs 100 % output differs
  ok    Rate on Steady/Satin — alive and monotonic         0.000 -> 38.549, smallest quarter 13.584 (>= 4.499)
  ok    Rate on Steady/Jab — not bit-identical 0 % vs 100 % output differs
  ok    Rate on Steady/Jab — alive and monotonic           0.000 -> 22.733, smallest quarter 19.900 (>= 4.537)
  ok    Rate on Steady/Quaver — not bit-identical 0 % vs 100 % output differs
  ok    Rate on Steady/Quaver — alive and monotonic        0.000 -> 25.005, smallest quarter 13.084 (>= 4.214)
  ok    Rate on Steady/Fifth Up — not bit-identical 0 % vs 100 % output differs
  ok    Rate on Steady/Fifth Up — alive and monotonic      0.000 -> 31.170, smallest quarter 9.681 (>= 3.808)
  ok    Rate on Steady/Octave Down — not bit-identical 0 % vs 100 % output differs
  ok    Rate on Steady/Octave Down — alive and monotonic   0.000 -> 34.617, smallest quarter 12.833 (>= 4.268)
  ok    Rate on Steady/Wide Slap — not bit-identical 0 % vs 100 % output differs
  ok    Rate on Steady/Wide Slap — alive and monotonic     0.000 -> 25.161, smallest quarter 9.638 (>= 3.871)
  ok    Rate on Steady/Gritty — not bit-identical 0 % vs 100 % output differs
  ok    Rate on Steady/Gritty — alive and monotonic        0.000 -> 6.184, smallest quarter 6.184 (>= 3.696)
  ok    Rate on Steady/Octave Pair — not bit-identical 0 % vs 100 % output differs
  ok    Rate on Steady/Octave Pair — alive and monotonic   0.000 -> 30.277, smallest quarter 7.689 (>= 3.959)
  ok    Rate on Twofold/Lilt — not bit-identical 0 % vs 100 % output differs
  ok    Rate on Twofold/Lilt — alive and monotonic         0.000 -> 11.584, smallest quarter 11.584 (>= 2.469)
  ok    Rate on Twofold/Wide Room — not bit-identical 0 % vs 100 % output differs
  ok    Rate on Twofold/Wide Room — alive and monotonic    0.000 -> 11.031, smallest quarter 11.031 (>= 3.767)
  ok    Rate on Twofold/Tape ADT — not bit-identical 0 % vs 100 % output differs
  ok    Rate on Twofold/Tape ADT — alive and monotonic     0.000 -> 14.508, smallest quarter 14.508 (>= 3.566)
  ok    Rate on Twofold/Tight Inst — not bit-identical 0 % vs 100 % output differs
  ok    Rate on Twofold/Tight Inst — alive and monotonic   0.000 -> 14.475, smallest quarter 11.158 (>= 2.817)
  ok    Rate on Twofold/Loose Crowd — not bit-identical 0 % vs 100 % output differs
  ok    Rate on Twofold/Loose Crowd — alive and monotonic  0.000 -> 8.435, smallest quarter 8.435 (>= 2.219)
  ok    Rate on Twofold/Static Pair — not bit-identical 0 % vs 100 % output differs
  ok    Rate on Twofold/Static Pair — alive and monotonic  0.000 -> 23.521, smallest quarter 20.007 (>= 2.487)
  ok    Rate on Twofold/Slapback — not bit-identical 0 % vs 100 % output differs
  ok    Rate on Twofold/Slapback — alive and monotonic     0.000 -> 14.641, smallest quarter 14.641 (>= 2.505)
  ok    Rate on Twofold/Seasick — not bit-identical 0 % vs 100 % output differs
  ok    Rate on Twofold/Seasick — alive and monotonic      0.000 -> 9.380, smallest quarter 9.380 (>= 1.973)
  ok    Rate on Blur/Smooth Six — not bit-identical 0 % vs 100 % output differs
         Blur  /Smooth Six       0.000    2.127    3.103   16.111   40.897   span   40.897  min step   2.127 (>= 5.859)  [PLATEAU]
  FAIL  Rate on Blur/Smooth Six — alive and monotonic      0.000 -> 40.897, smallest quarter 2.127 (>= 5.859)
  ok    Rate on Blur/Deep Twelve — not bit-identical 0 % vs 100 % output differs
         Blur  /Deep Twelve      0.000    2.195    4.053   12.557   20.918   span   20.918  min step   2.195 (>= 4.060)  [PLATEAU]
  FAIL  Rate on Blur/Deep Twelve — alive and monotonic     0.000 -> 20.918, smallest quarter 2.195 (>= 4.060)
  ok    Rate on Blur/Plush — not bit-identical 0 % vs 100 % output differs
         Blur  /Plush            0.000    4.185    3.885   17.765   41.307   span   41.307  min step   3.885 (>= 5.454)  [PLATEAU]
  FAIL  Rate on Blur/Plush — alive and monotonic           0.000 -> 41.307, smallest quarter 3.885 (>= 5.454)
  ok    Rate on Blur/Low Anchor — not bit-identical 0 % vs 100 % output differs
         Blur  /Low Anchor       0.000    2.520    3.043   16.131   43.214   span   43.214  min step   2.520 (>= 7.590)  [PLATEAU]
  FAIL  Rate on Blur/Low Anchor — alive and monotonic      0.000 -> 43.214, smallest quarter 2.520 (>= 7.590)
  ok    Rate on Blur/Top Only — not bit-identical 0 % vs 100 % output differs
         Blur  /Top Only         0.000    1.732    2.435   14.890   44.748   span   44.748  min step   1.732 (>= 8.240)  [PLATEAU]
  FAIL  Rate on Blur/Top Only — alive and monotonic        0.000 -> 44.748, smallest quarter 1.732 (>= 8.240)
  ok    Rate on Blur/Seed B — not bit-identical 0 % vs 100 % output differs
         Blur  /Seed B           0.000    3.444    3.098   16.804   44.759   span   44.759  min step   3.098 (>= 6.847)  [PLATEAU]
  FAIL  Rate on Blur/Seed B — alive and monotonic          0.000 -> 44.759, smallest quarter 3.098 (>= 6.847)
  ok    Rate on Blur/Seed C — not bit-identical 0 % vs 100 % output differs
         Blur  /Seed C           0.000    2.549    3.442   16.087   36.368   span   36.368  min step   2.549 (>= 5.514)  [PLATEAU]
  FAIL  Rate on Blur/Seed C — alive and monotonic          0.000 -> 36.368, smallest quarter 2.549 (>= 5.514)
  ok    Rate on Blur/Opposed — not bit-identical 0 % vs 100 % output differs
         Blur  /Opposed          0.000    3.277    4.968   20.776   61.545   span   61.545  min step   3.277 (>= 5.834)  [PLATEAU]
  FAIL  Rate on Blur/Opposed — alive and monotonic         0.000 -> 61.545, smallest quarter 3.277 (>= 5.834)
  ok    Rate on Bands/Coarse — not bit-identical 0 % vs 100 % output differs
         Bands /Coarse           0.000    1.950    2.933    6.562   19.435   span   19.435  min step   1.950 (>= 2.153)  [PLATEAU]
  FAIL  Rate on Bands/Coarse — alive and monotonic         0.000 -> 19.435, smallest quarter 1.950 (>= 2.153)
  ok    Rate on Bands/Fine — not bit-identical 0 % vs 100 % output differs
         Bands /Fine             0.000    3.304    1.200    3.993   12.299   span   12.299  min step   1.200 (>= 1.981)  [PLATEAU]
  FAIL  Rate on Bands/Fine — alive and monotonic           0.000 -> 12.299, smallest quarter 1.200 (>= 1.981)
  ok    Rate on Bands/Tilted — not bit-identical 0 % vs 100 % output differs
  ok    Rate on Bands/Tilted — alive and monotonic         0.000 -> 26.322, smallest quarter 3.690 (>= 2.943)
  ok    Rate on Bands/Rotor Slow — not bit-identical 0 % vs 100 % output differs
         Bands /Rotor Slow       0.000   49.595    7.404    1.697   22.238   span   22.238  min step   1.697 (>= 2.478)  [PLATEAU]
  FAIL  Rate on Bands/Rotor Slow — alive and monotonic     0.000 -> 22.238, smallest quarter 1.697 (>= 2.478)
  ok    Rate on Bands/Rotor Fast — not bit-identical 0 % vs 100 % output differs
  ok    Rate on Bands/Rotor Fast — alive and monotonic     0.000 -> 44.943, smallest quarter 2.746 (>= 2.452)
  ok    Rate on Bands/Guard — not bit-identical 0 % vs 100 % output differs
         Bands /Guard            0.000    1.617    1.812    6.294   21.959   span   21.959  min step   1.617 (>= 1.635)  [PLATEAU]
  FAIL  Rate on Bands/Guard — alive and monotonic          0.000 -> 21.959, smallest quarter 1.617 (>= 1.635)
  ok    Rate on Bands/Deep Grid — not bit-identical 0 % vs 100 % output differs
  ok    Rate on Bands/Deep Grid — alive and monotonic      0.000 -> 27.593, smallest quarter 6.323 (>= 1.746)
  ok    Rate on Bands/Hard Split — not bit-identical 0 % vs 100 % output differs
  ok    Rate on Bands/Hard Split — alive and monotonic     0.000 -> 24.671, smallest quarter 2.722 (>= 2.498)
      -- Mix          dry rejection dB      
  ok    Mix on Throng/JP Classic — not bit-identical 0 % vs 100 % output differs
  ok    Mix on Throng/JP Classic — alive and monotonic     -0.000 -> 142.240, smallest quarter 0.688 (>= 0.500)
  ok    Mix on Throng/Even Fan — not bit-identical 0 % vs 100 % output differs
  ok    Mix on Throng/Even Fan — alive and monotonic       -0.000 -> 142.273, smallest quarter 0.688 (>= 0.500)
  ok    Mix on Throng/Analog Drift — not bit-identical 0 % vs 100 % output differs
  ok    Mix on Throng/Analog Drift — alive and monotonic   -0.000 -> 142.252, smallest quarter 0.688 (>= 0.500)
  ok    Mix on Throng/Tight Fan — not bit-identical 0 % vs 100 % output differs
  ok    Mix on Throng/Tight Fan — alive and monotonic      -0.000 -> 142.264, smallest quarter 0.688 (>= 0.500)
  ok    Mix on Throng/Wide Fan — not bit-identical 0 % vs 100 % output differs
  ok    Mix on Throng/Wide Fan — alive and monotonic       -0.000 -> 142.271, smallest quarter 0.688 (>= 0.500)
  ok    Mix on Throng/Octave Bloom — not bit-identical 0 % vs 100 % output differs
  ok    Mix on Throng/Octave Bloom — alive and monotonic   -0.000 -> 142.320, smallest quarter 0.688 (>= 0.500)
  ok    Mix on Throng/Sub Anchor — not bit-identical 0 % vs 100 % output differs
  ok    Mix on Throng/Sub Anchor — alive and monotonic     -0.000 -> 142.265, smallest quarter 0.688 (>= 0.500)
  ok    Mix on Throng/Three Phase — not bit-identical 0 % vs 100 % output differs
  ok    Mix on Throng/Three Phase — alive and monotonic    -0.000 -> 142.271, smallest quarter 0.688 (>= 0.500)
  ok    Mix on Twin/Two Line — not bit-identical 0 % vs 100 % output differs
  ok    Mix on Twin/Two Line — alive and monotonic         -0.000 -> 142.103, smallest quarter 0.688 (>= 0.500)
  ok    Mix on Twin/Four Line — not bit-identical 0 % vs 100 % output differs
  ok    Mix on Twin/Four Line — alive and monotonic        -0.000 -> 142.141, smallest quarter 0.688 (>= 0.500)
  ok    Mix on Twin/Mode Two — not bit-identical 0 % vs 100 % output differs
  ok    Mix on Twin/Mode Two — alive and monotonic         -0.000 -> 142.073, smallest quarter 0.688 (>= 0.500)
  ok    Mix on Twin/Mode Three — not bit-identical 0 % vs 100 % output differs
  ok    Mix on Twin/Mode Three — alive and monotonic       -0.000 -> 142.077, smallest quarter 0.688 (>= 0.500)
  ok    Mix on Twin/No Compander — not bit-identical 0 % vs 100 % output differs
  ok    Mix on Twin/No Compander — alive and monotonic     -0.000 -> 141.995, smallest quarter 0.688 (>= 0.500)
  ok    Mix on Twin/Dark BBD — not bit-identical 0 % vs 100 % output differs
  ok    Mix on Twin/Dark BBD — alive and monotonic         -0.000 -> 142.054, smallest quarter 0.688 (>= 0.500)
  ok    Mix on Twin/Tremble — not bit-identical 0 % vs 100 % output differs
  ok    Mix on Twin/Tremble — alive and monotonic          -0.000 -> 142.104, smallest quarter 0.688 (>= 0.500)
  ok    Mix on Twin/Hex — not bit-identical 0 % vs 100 %   output differs
  ok    Mix on Twin/Hex — alive and monotonic              -0.000 -> 141.956, smallest quarter 0.688 (>= 0.500)
  ok    Mix on Steady/Satin — not bit-identical 0 % vs 100 % output differs
  ok    Mix on Steady/Satin — alive and monotonic          -0.000 -> 142.309, smallest quarter 0.688 (>= 0.500)
  ok    Mix on Steady/Jab — not bit-identical 0 % vs 100 % output differs
  ok    Mix on Steady/Jab — alive and monotonic            -0.000 -> 142.299, smallest quarter 0.688 (>= 0.500)
  ok    Mix on Steady/Quaver — not bit-identical 0 % vs 100 % output differs
  ok    Mix on Steady/Quaver — alive and monotonic         -0.000 -> 142.264, smallest quarter 0.688 (>= 0.500)
  ok    Mix on Steady/Fifth Up — not bit-identical 0 % vs 100 % output differs
  ok    Mix on Steady/Fifth Up — alive and monotonic       -0.000 -> 142.359, smallest quarter 0.688 (>= 0.500)
  ok    Mix on Steady/Octave Down — not bit-identical 0 % vs 100 % output differs
  ok    Mix on Steady/Octave Down — alive and monotonic    -0.000 -> 142.300, smallest quarter 0.688 (>= 0.500)
  ok    Mix on Steady/Wide Slap — not bit-identical 0 % vs 100 % output differs
  ok    Mix on Steady/Wide Slap — alive and monotonic      -0.000 -> 142.297, smallest quarter 0.688 (>= 0.500)
  ok    Mix on Steady/Gritty — not bit-identical 0 % vs 100 % output differs
  ok    Mix on Steady/Gritty — alive and monotonic         -0.000 -> 142.283, smallest quarter 0.688 (>= 0.500)
  ok    Mix on Steady/Octave Pair — not bit-identical 0 % vs 100 % output differs
  ok    Mix on Steady/Octave Pair — alive and monotonic    -0.000 -> 142.349, smallest quarter 0.688 (>= 0.500)
  ok    Mix on Twofold/Lilt — not bit-identical 0 % vs 100 % output differs
  ok    Mix on Twofold/Lilt — alive and monotonic          -0.000 -> 142.356, smallest quarter 0.688 (>= 0.500)
  ok    Mix on Twofold/Wide Room — not bit-identical 0 % vs 100 % output differs
  ok    Mix on Twofold/Wide Room — alive and monotonic     -0.000 -> 142.413, smallest quarter 0.688 (>= 0.500)
  ok    Mix on Twofold/Tape ADT — not bit-identical 0 % vs 100 % output differs
  ok    Mix on Twofold/Tape ADT — alive and monotonic      -0.000 -> 142.409, smallest quarter 0.688 (>= 0.500)
  ok    Mix on Twofold/Tight Inst — not bit-identical 0 % vs 100 % output differs
  ok    Mix on Twofold/Tight Inst — alive and monotonic    -0.000 -> 142.347, smallest quarter 0.688 (>= 0.500)
  ok    Mix on Twofold/Loose Crowd — not bit-identical 0 % vs 100 % output differs
  ok    Mix on Twofold/Loose Crowd — alive and monotonic   -0.000 -> 142.363, smallest quarter 0.688 (>= 0.500)
  ok    Mix on Twofold/Static Pair — not bit-identical 0 % vs 100 % output differs
  ok    Mix on Twofold/Static Pair — alive and monotonic   -0.000 -> 142.390, smallest quarter 0.688 (>= 0.500)
  ok    Mix on Twofold/Slapback — not bit-identical 0 % vs 100 % output differs
  ok    Mix on Twofold/Slapback — alive and monotonic      -0.000 -> 142.358, smallest quarter 0.688 (>= 0.500)
  ok    Mix on Twofold/Seasick — not bit-identical 0 % vs 100 % output differs
  ok    Mix on Twofold/Seasick — alive and monotonic       -0.000 -> 142.363, smallest quarter 0.688 (>= 0.500)
  ok    Mix on Blur/Smooth Six — not bit-identical 0 % vs 100 % output differs
  ok    Mix on Blur/Smooth Six — alive and monotonic       -0.000 -> 142.045, smallest quarter 0.688 (>= 0.500)
  ok    Mix on Blur/Deep Twelve — not bit-identical 0 % vs 100 % output differs
  ok    Mix on Blur/Deep Twelve — alive and monotonic      -0.000 -> 142.150, smallest quarter 0.688 (>= 0.500)
  ok    Mix on Blur/Plush — not bit-identical 0 % vs 100 % output differs
  ok    Mix on Blur/Plush — alive and monotonic            -0.000 -> 142.024, smallest quarter 0.688 (>= 0.500)
  ok    Mix on Blur/Low Anchor — not bit-identical 0 % vs 100 % output differs
  ok    Mix on Blur/Low Anchor — alive and monotonic       -0.000 -> 142.164, smallest quarter 0.688 (>= 0.500)
  ok    Mix on Blur/Top Only — not bit-identical 0 % vs 100 % output differs
  ok    Mix on Blur/Top Only — alive and monotonic         -0.000 -> 142.304, smallest quarter 0.688 (>= 0.500)
  ok    Mix on Blur/Seed B — not bit-identical 0 % vs 100 % output differs
  ok    Mix on Blur/Seed B — alive and monotonic           -0.000 -> 142.106, smallest quarter 0.688 (>= 0.500)
  ok    Mix on Blur/Seed C — not bit-identical 0 % vs 100 % output differs
  ok    Mix on Blur/Seed C — alive and monotonic           -0.000 -> 142.043, smallest quarter 0.688 (>= 0.500)
  ok    Mix on Blur/Opposed — not bit-identical 0 % vs 100 % output differs
  ok    Mix on Blur/Opposed — alive and monotonic          -0.000 -> 142.149, smallest quarter 0.688 (>= 0.500)
  ok    Mix on Bands/Coarse — not bit-identical 0 % vs 100 % output differs
  ok    Mix on Bands/Coarse — alive and monotonic          -0.000 -> 142.392, smallest quarter 0.688 (>= 0.500)
  ok    Mix on Bands/Fine — not bit-identical 0 % vs 100 % output differs
  ok    Mix on Bands/Fine — alive and monotonic            -0.000 -> 142.394, smallest quarter 0.688 (>= 0.500)
  ok    Mix on Bands/Tilted — not bit-identical 0 % vs 100 % output differs
  ok    Mix on Bands/Tilted — alive and monotonic          -0.000 -> 142.386, smallest quarter 0.688 (>= 0.500)
  ok    Mix on Bands/Rotor Slow — not bit-identical 0 % vs 100 % output differs
  ok    Mix on Bands/Rotor Slow — alive and monotonic      -0.000 -> 142.386, smallest quarter 0.688 (>= 0.500)
  ok    Mix on Bands/Rotor Fast — not bit-identical 0 % vs 100 % output differs
  ok    Mix on Bands/Rotor Fast — alive and monotonic      -0.000 -> 142.382, smallest quarter 0.688 (>= 0.500)
  ok    Mix on Bands/Guard — not bit-identical 0 % vs 100 % output differs
  ok    Mix on Bands/Guard — alive and monotonic           -0.000 -> 142.396, smallest quarter 0.688 (>= 0.500)
  ok    Mix on Bands/Deep Grid — not bit-identical 0 % vs 100 % output differs
  ok    Mix on Bands/Deep Grid — alive and monotonic       -0.000 -> 142.434, smallest quarter 0.688 (>= 0.500)
  ok    Mix on Bands/Hard Split — not bit-identical 0 % vs 100 % output differs
  ok    Mix on Bands/Hard Split — alive and monotonic      -0.000 -> 142.387, smallest quarter 0.688 (>= 0.500)
      -- P1 Voices    spec d/step dB        
  ok    P1 Voices on Throng/JP Classic — not bit-identical 0 % vs 100 % output differs
  ok    P1 Voices on Throng/JP Classic — alive and monotonic 0.000 -> 13.039, smallest quarter 13.039 (>= 1.600)
  ok    P1 Voices on Throng/Even Fan — not bit-identical 0 % vs 100 % output differs
  ok    P1 Voices on Throng/Even Fan — alive and monotonic 0.000 -> 21.019, smallest quarter 13.941 (>= 1.600)
  ok    P1 Voices on Throng/Analog Drift — not bit-identical 0 % vs 100 % output differs
  ok    P1 Voices on Throng/Analog Drift — alive and monotonic 0.000 -> 15.978, smallest quarter 12.995 (>= 1.600)
  ok    P1 Voices on Throng/Tight Fan — not bit-identical 0 % vs 100 % output differs
  ok    P1 Voices on Throng/Tight Fan — alive and monotonic 0.000 -> 15.039, smallest quarter 15.039 (>= 1.600)
  ok    P1 Voices on Throng/Wide Fan — not bit-identical 0 % vs 100 % output differs
  ok    P1 Voices on Throng/Wide Fan — alive and monotonic 0.000 -> 12.408, smallest quarter 10.310 (>= 1.600)
  ok    P1 Voices on Throng/Octave Bloom — not bit-identical 0 % vs 100 % output differs
  ok    P1 Voices on Throng/Octave Bloom — alive and monotonic 0.000 -> 13.642, smallest quarter 12.852 (>= 1.600)
  ok    P1 Voices on Throng/Sub Anchor — not bit-identical 0 % vs 100 % output differs
  ok    P1 Voices on Throng/Sub Anchor — alive and monotonic 0.000 -> 13.633, smallest quarter 13.633 (>= 1.600)
  ok    P1 Voices on Throng/Three Phase — not bit-identical 0 % vs 100 % output differs
  ok    P1 Voices on Throng/Three Phase — alive and monotonic 0.000 -> 16.606, smallest quarter 16.606 (>= 1.600)
  ok    P1 Voices on Twin/Two Line — not bit-identical 0 % vs 100 % output differs
  ok    P1 Voices on Twin/Two Line — alive and monotonic   0.000 -> 8.660, smallest quarter 8.632 (>= 1.600)
  ok    P1 Voices on Twin/Four Line — not bit-identical 0 % vs 100 % output differs
  ok    P1 Voices on Twin/Four Line — alive and monotonic  0.000 -> 5.407, smallest quarter 5.407 (>= 1.600)
  ok    P1 Voices on Twin/Mode Two — not bit-identical 0 % vs 100 % output differs
  ok    P1 Voices on Twin/Mode Two — alive and monotonic   0.000 -> 11.444, smallest quarter 9.141 (>= 1.600)
  ok    P1 Voices on Twin/Mode Three — not bit-identical 0 % vs 100 % output differs
  ok    P1 Voices on Twin/Mode Three — alive and monotonic 0.000 -> 8.433, smallest quarter 8.034 (>= 1.600)
  ok    P1 Voices on Twin/No Compander — not bit-identical 0 % vs 100 % output differs
  ok    P1 Voices on Twin/No Compander — alive and monotonic 0.000 -> 12.796, smallest quarter 12.796 (>= 1.600)
  ok    P1 Voices on Twin/Dark BBD — not bit-identical 0 % vs 100 % output differs
  ok    P1 Voices on Twin/Dark BBD — alive and monotonic   0.000 -> 5.296, smallest quarter 5.296 (>= 1.600)
  ok    P1 Voices on Twin/Tremble — not bit-identical 0 % vs 100 % output differs
         Twin  /Tremble          0.000    9.521    7.334    0.000    0.000   span    0.000  min step   0.000 (>= 1.600)  [PLATEAU]
  FAIL  P1 Voices on Twin/Tremble — alive and monotonic    0.000 -> 0.000, smallest quarter 0.000 (>= 1.600)
  ok    P1 Voices on Twin/Hex — not bit-identical 0 % vs 100 % output differs
  ok    P1 Voices on Twin/Hex — alive and monotonic        0.000 -> 9.584, smallest quarter 8.696 (>= 1.600)
  ok    P1 Voices on Steady/Satin — not bit-identical 0 % vs 100 % output differs
  ok    P1 Voices on Steady/Satin — alive and monotonic    0.000 -> 9.872, smallest quarter 9.872 (>= 1.600)
  ok    P1 Voices on Steady/Jab — not bit-identical 0 % vs 100 % output differs
  ok    P1 Voices on Steady/Jab — alive and monotonic      0.000 -> 9.163, smallest quarter 9.163 (>= 1.600)
  ok    P1 Voices on Steady/Quaver — not bit-identical 0 % vs 100 % output differs
  ok    P1 Voices on Steady/Quaver — alive and monotonic   0.000 -> 13.336, smallest quarter 13.336 (>= 1.600)
  ok    P1 Voices on Steady/Fifth Up — not bit-identical 0 % vs 100 % output differs
  ok    P1 Voices on Steady/Fifth Up — alive and monotonic 0.000 -> 14.713, smallest quarter 12.447 (>= 1.600)
  ok    P1 Voices on Steady/Octave Down — not bit-identical 0 % vs 100 % output differs
  ok    P1 Voices on Steady/Octave Down — alive and monotonic 0.000 -> 12.240, smallest quarter 11.919 (>= 1.600)
  ok    P1 Voices on Steady/Wide Slap — not bit-identical 0 % vs 100 % output differs
  ok    P1 Voices on Steady/Wide Slap — alive and monotonic 0.000 -> 19.307, smallest quarter 13.008 (>= 1.600)
  ok    P1 Voices on Steady/Gritty — not bit-identical 0 % vs 100 % output differs
  ok    P1 Voices on Steady/Gritty — alive and monotonic   0.000 -> 14.016, smallest quarter 13.156 (>= 1.600)
  ok    P1 Voices on Steady/Octave Pair — not bit-identical 0 % vs 100 % output differs
  ok    P1 Voices on Steady/Octave Pair — alive and monotonic 0.000 -> 9.688, smallest quarter 9.688 (>= 1.600)
  ok    P1 Voices on Twofold/Lilt — not bit-identical 0 % vs 100 % output differs
  ok    P1 Voices on Twofold/Lilt — alive and monotonic    0.000 -> 39.795, smallest quarter 23.076 (>= 1.600)
  ok    P1 Voices on Twofold/Wide Room — not bit-identical 0 % vs 100 % output differs
  ok    P1 Voices on Twofold/Wide Room — alive and monotonic 0.000 -> 12.011, smallest quarter 6.174 (>= 1.600)
  ok    P1 Voices on Twofold/Tape ADT — not bit-identical 0 % vs 100 % output differs
         Twofold/Tape ADT         0.000    0.344    5.188    9.449    7.673   span    7.673  min step   0.344 (>= 1.600)  [PLATEAU]
  FAIL  P1 Voices on Twofold/Tape ADT — alive and monotonic 0.000 -> 7.673, smallest quarter 0.344 (>= 1.600)
  ok    P1 Voices on Twofold/Tight Inst — not bit-identical 0 % vs 100 % output differs
  ok    P1 Voices on Twofold/Tight Inst — alive and monotonic 0.000 -> 24.671, smallest quarter 24.671 (>= 1.600)
  ok    P1 Voices on Twofold/Loose Crowd — not bit-identical 0 % vs 100 % output differs
  ok    P1 Voices on Twofold/Loose Crowd — alive and monotonic 0.000 -> 36.840, smallest quarter 24.175 (>= 1.600)
  ok    P1 Voices on Twofold/Static Pair — not bit-identical 0 % vs 100 % output differs
  ok    P1 Voices on Twofold/Static Pair — alive and monotonic 0.000 -> 31.360, smallest quarter 9.140 (>= 1.600)
  ok    P1 Voices on Twofold/Slapback — not bit-identical 0 % vs 100 % output differs
  ok    P1 Voices on Twofold/Slapback — alive and monotonic 0.000 -> 40.276, smallest quarter 25.778 (>= 1.600)
  ok    P1 Voices on Twofold/Seasick — not bit-identical 0 % vs 100 % output differs
  ok    P1 Voices on Twofold/Seasick — alive and monotonic 0.000 -> 62.172, smallest quarter 20.469 (>= 1.600)
  ok    P1 Voices on Blur/Smooth Six — not bit-identical 0 % vs 100 % output differs
  ok    P1 Voices on Blur/Smooth Six — alive and monotonic 0.000 -> 10.666, smallest quarter 10.623 (>= 1.600)
  ok    P1 Voices on Blur/Deep Twelve — not bit-identical 0 % vs 100 % output differs
  ok    P1 Voices on Blur/Deep Twelve — alive and monotonic 0.000 -> 11.500, smallest quarter 10.623 (>= 1.600)
  ok    P1 Voices on Blur/Plush — not bit-identical 0 % vs 100 % output differs
  ok    P1 Voices on Blur/Plush — alive and monotonic      0.000 -> 12.818, smallest quarter 10.332 (>= 1.600)
  ok    P1 Voices on Blur/Low Anchor — not bit-identical 0 % vs 100 % output differs
  ok    P1 Voices on Blur/Low Anchor — alive and monotonic 0.000 -> 7.419, smallest quarter 7.419 (>= 1.600)
  ok    P1 Voices on Blur/Top Only — not bit-identical 0 % vs 100 % output differs
  ok    P1 Voices on Blur/Top Only — alive and monotonic   0.000 -> 7.716, smallest quarter 7.716 (>= 1.600)
  ok    P1 Voices on Blur/Seed B — not bit-identical 0 % vs 100 % output differs
  ok    P1 Voices on Blur/Seed B — alive and monotonic     0.000 -> 8.004, smallest quarter 8.004 (>= 1.600)
  ok    P1 Voices on Blur/Seed C — not bit-identical 0 % vs 100 % output differs
  ok    P1 Voices on Blur/Seed C — alive and monotonic     0.000 -> 14.361, smallest quarter 11.800 (>= 1.600)
  ok    P1 Voices on Blur/Opposed — not bit-identical 0 % vs 100 % output differs
  ok    P1 Voices on Blur/Opposed — alive and monotonic    0.000 -> 9.319, smallest quarter 9.319 (>= 1.600)
  ok    P1 Voices on Bands/Coarse — not bit-identical 0 % vs 100 % output differs
  ok    P1 Voices on Bands/Coarse — alive and monotonic    0.000 -> 3.378, smallest quarter 3.378 (>= 1.600)
  ok    P1 Voices on Bands/Fine — not bit-identical 0 % vs 100 % output differs
  ok    P1 Voices on Bands/Fine — alive and monotonic      0.000 -> 2.183, smallest quarter 2.183 (>= 1.600)
  ok    P1 Voices on Bands/Tilted — not bit-identical 0 % vs 100 % output differs
  ok    P1 Voices on Bands/Tilted — alive and monotonic    0.000 -> 6.843, smallest quarter 6.843 (>= 1.600)
  ok    P1 Voices on Bands/Rotor Slow — not bit-identical 0 % vs 100 % output differs
  ok    P1 Voices on Bands/Rotor Slow — alive and monotonic 0.000 -> 7.351, smallest quarter 7.351 (>= 1.600)
  ok    P1 Voices on Bands/Rotor Fast — not bit-identical 0 % vs 100 % output differs
  ok    P1 Voices on Bands/Rotor Fast — alive and monotonic 0.000 -> 5.886, smallest quarter 5.886 (>= 1.600)
  ok    P1 Voices on Bands/Guard — not bit-identical 0 % vs 100 % output differs
  ok    P1 Voices on Bands/Guard — alive and monotonic     0.000 -> 3.228, smallest quarter 3.228 (>= 1.600)
  ok    P1 Voices on Bands/Deep Grid — not bit-identical 0 % vs 100 % output differs
  ok    P1 Voices on Bands/Deep Grid — alive and monotonic 0.000 -> 7.688, smallest quarter 7.688 (>= 1.600)
  ok    P1 Voices on Bands/Hard Split — not bit-identical 0 % vs 100 % output differs
  ok    P1 Voices on Bands/Hard Split — alive and monotonic 0.000 -> 5.827, smallest quarter 5.827 (>= 1.600)
      -- P2 Spread    1 - corr              
  ok    P2 Spread on Throng/JP Classic — not bit-identical 0 % vs 100 % output differs
  ok    P2 Spread on Throng/JP Classic — alive and monotonic 0.000 -> 0.947, smallest quarter 0.190 (>= 0.030)
  ok    P2 Spread on Throng/Even Fan — not bit-identical 0 % vs 100 % output differs
  ok    P2 Spread on Throng/Even Fan — alive and monotonic 0.000 -> 0.959, smallest quarter 0.196 (>= 0.030)
  ok    P2 Spread on Throng/Analog Drift — not bit-identical 0 % vs 100 % output differs
  ok    P2 Spread on Throng/Analog Drift — alive and monotonic 0.082 -> 0.754, smallest quarter 0.082 (>= 0.030)
  ok    P2 Spread on Throng/Tight Fan — not bit-identical 0 % vs 100 % output differs
  ok    P2 Spread on Throng/Tight Fan — alive and monotonic 0.000 -> 0.824, smallest quarter 0.163 (>= 0.030)
  ok    P2 Spread on Throng/Wide Fan — not bit-identical 0 % vs 100 % output differs
  ok    P2 Spread on Throng/Wide Fan — alive and monotonic 0.000 -> 0.919, smallest quarter 0.190 (>= 0.030)
  ok    P2 Spread on Throng/Octave Bloom — not bit-identical 0 % vs 100 % output differs
  ok    P2 Spread on Throng/Octave Bloom — alive and monotonic 0.000 -> 0.763, smallest quarter 0.145 (>= 0.030)
  ok    P2 Spread on Throng/Sub Anchor — not bit-identical 0 % vs 100 % output differs
  ok    P2 Spread on Throng/Sub Anchor — alive and monotonic 0.000 -> 0.926, smallest quarter 0.185 (>= 0.030)
  ok    P2 Spread on Throng/Three Phase — not bit-identical 0 % vs 100 % output differs
  ok    P2 Spread on Throng/Three Phase — alive and monotonic 0.000 -> 0.882, smallest quarter 0.175 (>= 0.030)
  ok    P2 Spread on Twin/Two Line — not bit-identical 0 % vs 100 % output differs
  ok    P2 Spread on Twin/Two Line — alive and monotonic   0.000 -> 1.892, smallest quarter 0.098 (>= 0.030)
  ok    P2 Spread on Twin/Four Line — not bit-identical 0 % vs 100 % output differs
  ok    P2 Spread on Twin/Four Line — alive and monotonic  0.000 -> 1.893, smallest quarter 0.097 (>= 0.030)
  ok    P2 Spread on Twin/Mode Two — not bit-identical 0 % vs 100 % output differs
  ok    P2 Spread on Twin/Mode Two — alive and monotonic   0.000 -> 1.893, smallest quarter 0.096 (>= 0.030)
  ok    P2 Spread on Twin/Mode Three — not bit-identical 0 % vs 100 % output differs
  ok    P2 Spread on Twin/Mode Three — alive and monotonic 0.000 -> 1.890, smallest quarter 0.102 (>= 0.030)
  ok    P2 Spread on Twin/No Compander — not bit-identical 0 % vs 100 % output differs
  ok    P2 Spread on Twin/No Compander — alive and monotonic 0.000 -> 1.947, smallest quarter 0.092 (>= 0.030)
  ok    P2 Spread on Twin/Dark BBD — not bit-identical 0 % vs 100 % output differs
  ok    P2 Spread on Twin/Dark BBD — alive and monotonic   0.000 -> 1.892, smallest quarter 0.098 (>= 0.030)
  ok    P2 Spread on Twin/Tremble — not bit-identical 0 % vs 100 % output differs
  ok    P2 Spread on Twin/Tremble — alive and monotonic    0.000 -> 1.892, smallest quarter 0.102 (>= 0.030)
  ok    P2 Spread on Twin/Hex — not bit-identical 0 % vs 100 % output differs
  ok    P2 Spread on Twin/Hex — alive and monotonic        0.000 -> 1.926, smallest quarter 0.038 (>= 0.030)
  ok    P2 Spread on Steady/Satin — not bit-identical 0 % vs 100 % output differs
  ok    P2 Spread on Steady/Satin — alive and monotonic    0.000 -> 0.796, smallest quarter 0.154 (>= 0.030)
  ok    P2 Spread on Steady/Jab — not bit-identical 0 % vs 100 % output differs
  ok    P2 Spread on Steady/Jab — alive and monotonic      0.000 -> 0.851, smallest quarter 0.171 (>= 0.030)
  ok    P2 Spread on Steady/Quaver — not bit-identical 0 % vs 100 % output differs
  ok    P2 Spread on Steady/Quaver — alive and monotonic   0.209 -> 0.766, smallest quarter 0.060 (>= 0.030)
  ok    P2 Spread on Steady/Fifth Up — not bit-identical 0 % vs 100 % output differs
  ok    P2 Spread on Steady/Fifth Up — alive and monotonic 0.000 -> 0.555, smallest quarter 0.098 (>= 0.030)
  ok    P2 Spread on Steady/Octave Down — not bit-identical 0 % vs 100 % output differs
  ok    P2 Spread on Steady/Octave Down — alive and monotonic 0.000 -> 0.842, smallest quarter 0.166 (>= 0.030)
  ok    P2 Spread on Steady/Wide Slap — not bit-identical 0 % vs 100 % output differs
  ok    P2 Spread on Steady/Wide Slap — alive and monotonic 0.000 -> 0.844, smallest quarter 0.166 (>= 0.030)
  ok    P2 Spread on Steady/Gritty — not bit-identical 0 % vs 100 % output differs
  ok    P2 Spread on Steady/Gritty — alive and monotonic   0.000 -> 0.892, smallest quarter 0.180 (>= 0.030)
  ok    P2 Spread on Steady/Octave Pair — not bit-identical 0 % vs 100 % output differs
  ok    P2 Spread on Steady/Octave Pair — alive and monotonic 0.000 -> 0.572, smallest quarter 0.102 (>= 0.030)
  ok    P2 Spread on Twofold/Lilt — not bit-identical 0 % vs 100 % output differs
  ok    P2 Spread on Twofold/Lilt — alive and monotonic    0.000 -> 0.473, smallest quarter 0.085 (>= 0.030)
  ok    P2 Spread on Twofold/Wide Room — not bit-identical 0 % vs 100 % output differs
         Twofold/Wide Room        0.000    0.015    0.038    0.068    0.106   span    0.106  min step   0.015 (>= 0.030)  [PLATEAU]
  FAIL  P2 Spread on Twofold/Wide Room — alive and monotonic 0.000 -> 0.106, smallest quarter 0.015 (>= 0.030)
  ok    P2 Spread on Twofold/Tape ADT — not bit-identical 0 % vs 100 % output differs
         Twofold/Tape ADT         0.000    0.008    0.020    0.035    0.054   span    0.054  min step   0.008 (>= 0.030)  [PLATEAU]
  FAIL  P2 Spread on Twofold/Tape ADT — alive and monotonic 0.000 -> 0.054, smallest quarter 0.008 (>= 0.030)
  ok    P2 Spread on Twofold/Tight Inst — not bit-identical 0 % vs 100 % output differs
  ok    P2 Spread on Twofold/Tight Inst — alive and monotonic 0.000 -> 0.678, smallest quarter 0.137 (>= 0.030)
  ok    P2 Spread on Twofold/Loose Crowd — not bit-identical 0 % vs 100 % output differs
  ok    P2 Spread on Twofold/Loose Crowd — alive and monotonic 0.000 -> 0.584, smallest quarter 0.110 (>= 0.030)
  ok    P2 Spread on Twofold/Static Pair — not bit-identical 0 % vs 100 % output differs
  ok    P2 Spread on Twofold/Static Pair — alive and monotonic 0.000 -> 0.506, smallest quarter 0.100 (>= 0.030)
  ok    P2 Spread on Twofold/Slapback — not bit-identical 0 % vs 100 % output differs
  ok    P2 Spread on Twofold/Slapback — alive and monotonic 0.000 -> 0.548, smallest quarter 0.099 (>= 0.030)
  ok    P2 Spread on Twofold/Seasick — not bit-identical 0 % vs 100 % output differs
  ok    P2 Spread on Twofold/Seasick — alive and monotonic 0.000 -> 0.579, smallest quarter 0.107 (>= 0.030)
  ok    P2 Spread on Blur/Smooth Six — not bit-identical 0 % vs 100 % output differs
  ok    P2 Spread on Blur/Smooth Six — alive and monotonic 0.000 -> 1.812, smallest quarter 0.069 (>= 0.030)
  ok    P2 Spread on Blur/Deep Twelve — not bit-identical 0 % vs 100 % output differs
  ok    P2 Spread on Blur/Deep Twelve — alive and monotonic 0.000 -> 1.448, smallest quarter 0.155 (>= 0.030)
  ok    P2 Spread on Blur/Plush — not bit-identical 0 % vs 100 % output differs
  ok    P2 Spread on Blur/Plush — alive and monotonic      0.000 -> 1.904, smallest quarter 0.032 (>= 0.030)
  ok    P2 Spread on Blur/Low Anchor — not bit-identical 0 % vs 100 % output differs
  ok    P2 Spread on Blur/Low Anchor — alive and monotonic 0.000 -> 1.349, smallest quarter 0.167 (>= 0.030)
  ok    P2 Spread on Blur/Top Only — not bit-identical 0 % vs 100 % output differs
  ok    P2 Spread on Blur/Top Only — alive and monotonic   0.000 -> 0.627, smallest quarter 0.137 (>= 0.030)
  ok    P2 Spread on Blur/Seed B — not bit-identical 0 % vs 100 % output differs
  ok    P2 Spread on Blur/Seed B — alive and monotonic     0.000 -> 1.653, smallest quarter 0.113 (>= 0.030)
  ok    P2 Spread on Blur/Seed C — not bit-identical 0 % vs 100 % output differs
  ok    P2 Spread on Blur/Seed C — alive and monotonic     0.000 -> 1.846, smallest quarter 0.051 (>= 0.030)
  ok    P2 Spread on Blur/Opposed — not bit-identical 0 % vs 100 % output differs
  ok    P2 Spread on Blur/Opposed — alive and monotonic    0.000 -> 0.944, smallest quarter 0.172 (>= 0.030)
  ok    P2 Spread on Bands/Coarse — not bit-identical 0 % vs 100 % output differs
  ok    P2 Spread on Bands/Coarse — alive and monotonic    0.000 -> 1.059, smallest quarter 0.045 (>= 0.030)
  ok    P2 Spread on Bands/Fine — not bit-identical 0 % vs 100 % output differs
         Bands /Fine             0.000    0.024    0.059    0.370    0.996   span    0.996  min step   0.024 (>= 0.030)  [PLATEAU]
  FAIL  P2 Spread on Bands/Fine — alive and monotonic      0.000 -> 0.996, smallest quarter 0.024 (>= 0.030)
  ok    P2 Spread on Bands/Tilted — not bit-identical 0 % vs 100 % output differs
         Bands /Tilted           0.000    0.275    0.266    0.850    1.100   span    1.100  min step   0.009 (>= 0.030)  [NOT MONOTONIC]  [PLATEAU]
  FAIL  P2 Spread on Bands/Tilted — alive and monotonic    0.000 -> 1.100, smallest quarter 0.009 (>= 0.030)
  ok    P2 Spread on Bands/Rotor Slow — not bit-identical 0 % vs 100 % output differs
  ok    P2 Spread on Bands/Rotor Slow — alive and monotonic 0.000 -> 1.327, smallest quarter 0.155 (>= 0.030)
  ok    P2 Spread on Bands/Rotor Fast — not bit-identical 0 % vs 100 % output differs
  ok    P2 Spread on Bands/Rotor Fast — alive and monotonic 0.000 -> 1.223, smallest quarter 0.181 (>= 0.030)
  ok    P2 Spread on Bands/Guard — not bit-identical 0 % vs 100 % output differs
  ok    P2 Spread on Bands/Guard — alive and monotonic     0.000 -> 0.523, smallest quarter 0.042 (>= 0.030)
  ok    P2 Spread on Bands/Deep Grid — not bit-identical 0 % vs 100 % output differs
         Bands /Deep Grid        0.000    0.491    0.501    0.221    0.356   span    0.356  min step   0.010 (>= 0.030)  [NOT MONOTONIC]  [PLATEAU]
  FAIL  P2 Spread on Bands/Deep Grid — alive and monotonic 0.000 -> 0.356, smallest quarter 0.010 (>= 0.030)
  ok    P2 Spread on Bands/Hard Split — not bit-identical 0 % vs 100 % output differs
  ok    P2 Spread on Bands/Hard Split — alive and monotonic 0.000 -> 1.244, smallest quarter 0.215 (>= 0.030)
      -- P3 Offset    ln(wet centroid ms)   
  ok    P3 Offset on Throng/JP Classic — not bit-identical 0 % vs 100 % output differs
  ok    P3 Offset on Throng/JP Classic — alive and monotonic 1.642 -> 3.993, smallest quarter 0.556 (>= 0.150)
  ok    P3 Offset on Throng/Even Fan — not bit-identical 0 % vs 100 % output differs
  ok    P3 Offset on Throng/Even Fan — alive and monotonic 1.613 -> 4.017, smallest quarter 0.514 (>= 0.150)
  ok    P3 Offset on Throng/Analog Drift — not bit-identical 0 % vs 100 % output differs
  ok    P3 Offset on Throng/Analog Drift — alive and monotonic 1.033 -> 4.044, smallest quarter 0.505 (>= 0.150)
  ok    P3 Offset on Throng/Tight Fan — not bit-identical 0 % vs 100 % output differs
  ok    P3 Offset on Throng/Tight Fan — alive and monotonic 0.784 -> 3.554, smallest quarter 0.555 (>= 0.150)
  ok    P3 Offset on Throng/Wide Fan — not bit-identical 0 % vs 100 % output differs
  ok    P3 Offset on Throng/Wide Fan — alive and monotonic 2.004 -> 4.637, smallest quarter 0.509 (>= 0.150)
  ok    P3 Offset on Throng/Octave Bloom — not bit-identical 0 % vs 100 % output differs
  ok    P3 Offset on Throng/Octave Bloom — alive and monotonic 1.468 -> 3.782, smallest quarter 0.554 (>= 0.150)
  ok    P3 Offset on Throng/Sub Anchor — not bit-identical 0 % vs 100 % output differs
  ok    P3 Offset on Throng/Sub Anchor — alive and monotonic 1.729 -> 4.046, smallest quarter 0.549 (>= 0.150)
  ok    P3 Offset on Throng/Three Phase — not bit-identical 0 % vs 100 % output differs
  ok    P3 Offset on Throng/Three Phase — alive and monotonic 1.109 -> 4.002, smallest quarter 0.619 (>= 0.150)
  ok    P3 Offset on Twin/Two Line — not bit-identical 0 % vs 100 % output differs
  ok    P3 Offset on Twin/Two Line — alive and monotonic   1.577 -> 3.769, smallest quarter 0.254 (>= 0.150)
  ok    P3 Offset on Twin/Four Line — not bit-identical 0 % vs 100 % output differs
  ok    P3 Offset on Twin/Four Line — alive and monotonic  1.731 -> 3.792, smallest quarter 0.179 (>= 0.150)
  ok    P3 Offset on Twin/Mode Two — not bit-identical 0 % vs 100 % output differs
  ok    P3 Offset on Twin/Mode Two — alive and monotonic   1.027 -> 3.571, smallest quarter 0.485 (>= 0.150)
  ok    P3 Offset on Twin/Mode Three — not bit-identical 0 % vs 100 % output differs
         Twin  /Mode Three       2.339    3.192    3.684    3.856    3.895   span    1.556  min step   0.039 (>= 0.150)  [PLATEAU]
  FAIL  P3 Offset on Twin/Mode Three — alive and monotonic 2.339 -> 3.895, smallest quarter 0.039 (>= 0.150)
  ok    P3 Offset on Twin/No Compander — not bit-identical 0 % vs 100 % output differs
  ok    P3 Offset on Twin/No Compander — alive and monotonic 2.007 -> 4.073, smallest quarter 0.182 (>= 0.150)
  ok    P3 Offset on Twin/Dark BBD — not bit-identical 0 % vs 100 % output differs
  ok    P3 Offset on Twin/Dark BBD — alive and monotonic   0.955 -> 3.065, smallest quarter 0.182 (>= 0.150)
  ok    P3 Offset on Twin/Tremble — not bit-identical 0 % vs 100 % output differs
         Twin  /Tremble          2.720    3.353    3.781    3.860    3.860   span    1.139  min step   0.000 (>= 0.150)  [PLATEAU]
  FAIL  P3 Offset on Twin/Tremble — alive and monotonic    2.720 -> 3.860, smallest quarter 0.000 (>= 0.150)
  ok    P3 Offset on Twin/Hex — not bit-identical 0 % vs 100 % output differs
  ok    P3 Offset on Twin/Hex — alive and monotonic        -0.517 -> 1.510, smallest quarter 0.169 (>= 0.150)
  ok    P3 Offset on Steady/Satin — not bit-identical 0 % vs 100 % output differs
  ok    P3 Offset on Steady/Satin — alive and monotonic    1.812 -> 4.470, smallest quarter 0.545 (>= 0.150)
  ok    P3 Offset on Steady/Jab — not bit-identical 0 % vs 100 % output differs
  ok    P3 Offset on Steady/Jab — alive and monotonic      1.416 -> 4.076, smallest quarter 0.600 (>= 0.150)
  ok    P3 Offset on Steady/Quaver — not bit-identical 0 % vs 100 % output differs
  ok    P3 Offset on Steady/Quaver — alive and monotonic   1.864 -> 4.429, smallest quarter 0.436 (>= 0.150)
  ok    P3 Offset on Steady/Fifth Up — not bit-identical 0 % vs 100 % output differs
  ok    P3 Offset on Steady/Fifth Up — alive and monotonic 1.731 -> 4.354, smallest quarter 0.542 (>= 0.150)
  ok    P3 Offset on Steady/Octave Down — not bit-identical 0 % vs 100 % output differs
  ok    P3 Offset on Steady/Octave Down — alive and monotonic 1.825 -> 4.501, smallest quarter 0.595 (>= 0.150)
  ok    P3 Offset on Steady/Wide Slap — not bit-identical 0 % vs 100 % output differs
  ok    P3 Offset on Steady/Wide Slap — alive and monotonic 2.223 -> 4.826, smallest quarter 0.379 (>= 0.150)
  ok    P3 Offset on Steady/Gritty — not bit-identical 0 % vs 100 % output differs
  ok    P3 Offset on Steady/Gritty — alive and monotonic   1.428 -> 3.871, smallest quarter 0.525 (>= 0.150)
  ok    P3 Offset on Steady/Octave Pair — not bit-identical 0 % vs 100 % output differs
  ok    P3 Offset on Steady/Octave Pair — alive and monotonic 1.733 -> 4.364, smallest quarter 0.550 (>= 0.150)
  ok    P3 Offset on Twofold/Lilt — not bit-identical 0 % vs 100 % output differs
  ok    P3 Offset on Twofold/Lilt — alive and monotonic    2.461 -> 4.873, smallest quarter 0.346 (>= 0.150)
  ok    P3 Offset on Twofold/Wide Room — not bit-identical 0 % vs 100 % output differs
         Twofold/Wide Room        3.467    4.156    4.848    4.868    4.868   span    1.400  min step   0.000 (>= 0.150)  [PLATEAU]
  FAIL  P3 Offset on Twofold/Wide Room — alive and monotonic 3.467 -> 4.868, smallest quarter 0.000 (>= 0.150)
  ok    P3 Offset on Twofold/Tape ADT — not bit-identical 0 % vs 100 % output differs
         Twofold/Tape ADT         3.488    4.181    4.868    4.868    4.868   span    1.379  min step   0.000 (>= 0.150)  [PLATEAU]
  FAIL  P3 Offset on Twofold/Tape ADT — alive and monotonic 3.488 -> 4.868, smallest quarter 0.000 (>= 0.150)
  ok    P3 Offset on Twofold/Tight Inst — not bit-identical 0 % vs 100 % output differs
  ok    P3 Offset on Twofold/Tight Inst — alive and monotonic 1.326 -> 4.211, smallest quarter 0.646 (>= 0.150)
  ok    P3 Offset on Twofold/Loose Crowd — not bit-identical 0 % vs 100 % output differs
         Twofold/Loose Crowd      2.971    3.624    4.351    4.819    4.876   span    1.905  min step   0.058 (>= 0.150)  [PLATEAU]
  FAIL  P3 Offset on Twofold/Loose Crowd — alive and monotonic 2.971 -> 4.876, smallest quarter 0.058 (>= 0.150)
  ok    P3 Offset on Twofold/Static Pair — not bit-identical 0 % vs 100 % output differs
  ok    P3 Offset on Twofold/Static Pair — alive and monotonic 2.648 -> 5.137, smallest quarter 0.475 (>= 0.150)
  ok    P3 Offset on Twofold/Slapback — not bit-identical 0 % vs 100 % output differs
  ok    P3 Offset on Twofold/Slapback — alive and monotonic 2.573 -> 4.878, smallest quarter 0.229 (>= 0.150)
  ok    P3 Offset on Twofold/Seasick — not bit-identical 0 % vs 100 % output differs
         Twofold/Seasick          3.216    3.825    4.662    4.894    4.911   span    1.695  min step   0.017 (>= 0.150)  [PLATEAU]
  FAIL  P3 Offset on Twofold/Seasick — alive and monotonic 3.216 -> 4.911, smallest quarter 0.017 (>= 0.150)
  ok    P3 Offset on Blur/Smooth Six — not bit-identical 0 % vs 100 % output differs
  ok    P3 Offset on Blur/Smooth Six — alive and monotonic -2.517 -> -0.889, smallest quarter 0.198 (>= 0.150)
  ok    P3 Offset on Blur/Deep Twelve — not bit-identical 0 % vs 100 % output differs
         Blur  /Deep Twelve     -1.206   -1.103   -0.876   -0.560   -0.753   span    0.452  min step   0.103 (>= 0.150)  [NOT MONOTONIC]  [PLATEAU]
  FAIL  P3 Offset on Blur/Deep Twelve — alive and monotonic -1.206 -> -0.753, smallest quarter 0.103 (>= 0.150)
  ok    P3 Offset on Blur/Plush — not bit-identical 0 % vs 100 % output differs
         Blur  /Plush           -2.116   -2.020   -1.789   -1.269   -0.625   span    1.491  min step   0.096 (>= 0.150)  [PLATEAU]
  FAIL  P3 Offset on Blur/Plush — alive and monotonic      -2.116 -> -0.625, smallest quarter 0.096 (>= 0.150)
  ok    P3 Offset on Blur/Low Anchor — not bit-identical 0 % vs 100 % output differs
  ok    P3 Offset on Blur/Low Anchor — alive and monotonic -2.339 -> -1.015, smallest quarter 0.228 (>= 0.150)
  ok    P3 Offset on Blur/Top Only — not bit-identical 0 % vs 100 % output differs
         Blur  /Top Only        -1.881   -1.583   -1.221   -1.079   -1.065   span    0.815  min step   0.014 (>= 0.150)  [PLATEAU]
  FAIL  P3 Offset on Blur/Top Only — alive and monotonic   -1.881 -> -1.065, smallest quarter 0.014 (>= 0.150)
  ok    P3 Offset on Blur/Seed B — not bit-identical 0 % vs 100 % output differs
  ok    P3 Offset on Blur/Seed B — alive and monotonic     -2.455 -> -0.908, smallest quarter 0.219 (>= 0.150)
  ok    P3 Offset on Blur/Seed C — not bit-identical 0 % vs 100 % output differs
  ok    P3 Offset on Blur/Seed C — alive and monotonic     -2.581 -> -1.165, smallest quarter 0.176 (>= 0.150)
  ok    P3 Offset on Blur/Opposed — not bit-identical 0 % vs 100 % output differs
         Blur  /Opposed         -1.220   -1.031   -0.948   -1.032   -0.972   span    0.248  min step   0.060 (>= 0.150)  [NOT MONOTONIC]  [PLATEAU]
  FAIL  P3 Offset on Blur/Opposed — alive and monotonic    -1.220 -> -0.972, smallest quarter 0.060 (>= 0.150)
  ok    P3 Offset on Bands/Coarse — not bit-identical 0 % vs 100 % output differs
  ok    P3 Offset on Bands/Coarse — alive and monotonic    0.000 -> 45.716, smallest quarter 45.716 (>= 2.153)
  ok    P3 Offset on Bands/Fine — not bit-identical 0 % vs 100 % output differs
  ok    P3 Offset on Bands/Fine — alive and monotonic      0.000 -> 45.249, smallest quarter 45.249 (>= 1.981)
  ok    P3 Offset on Bands/Tilted — not bit-identical 0 % vs 100 % output differs
  ok    P3 Offset on Bands/Tilted — alive and monotonic    0.000 -> 48.813, smallest quarter 48.813 (>= 2.943)
  ok    P3 Offset on Bands/Rotor Slow — not bit-identical 0 % vs 100 % output differs
  ok    P3 Offset on Bands/Rotor Slow — alive and monotonic 0.000 -> 48.823, smallest quarter 48.823 (>= 2.478)
  ok    P3 Offset on Bands/Rotor Fast — not bit-identical 0 % vs 100 % output differs
  ok    P3 Offset on Bands/Rotor Fast — alive and monotonic 0.000 -> 48.347, smallest quarter 48.347 (>= 2.452)
  ok    P3 Offset on Bands/Guard — not bit-identical 0 % vs 100 % output differs
  ok    P3 Offset on Bands/Guard — alive and monotonic     0.000 -> 39.780, smallest quarter 37.845 (>= 1.635)
  ok    P3 Offset on Bands/Deep Grid — not bit-identical 0 % vs 100 % output differs
  ok    P3 Offset on Bands/Deep Grid — alive and monotonic 0.000 -> 81.331, smallest quarter 81.331 (>= 1.746)
  ok    P3 Offset on Bands/Hard Split — not bit-identical 0 % vs 100 % output differs
  ok    P3 Offset on Bands/Hard Split — alive and monotonic 0.000 -> 46.427, smallest quarter 46.427 (>= 2.498)
      -- P4 Roam      output change / step  
  ok    P4 Roam on Throng/JP Classic — not bit-identical 0 % vs 100 % output differs
  ok    P4 Roam on Throng/JP Classic — alive and monotonic 0.000 -> 16.512, smallest quarter 11.313 (>= 4.297)
  ok    P4 Roam on Throng/Even Fan — not bit-identical 0 % vs 100 % output differs
  ok    P4 Roam on Throng/Even Fan — alive and monotonic   0.000 -> 12.199, smallest quarter 12.199 (>= 4.257)
  ok    P4 Roam on Throng/Analog Drift — not bit-identical 0 % vs 100 % output differs
  ok    P4 Roam on Throng/Analog Drift — alive and monotonic 0.000 -> 17.772, smallest quarter 11.298 (>= 4.292)
  ok    P4 Roam on Throng/Tight Fan — not bit-identical 0 % vs 100 % output differs
  ok    P4 Roam on Throng/Tight Fan — alive and monotonic  0.000 -> 10.345, smallest quarter 10.345 (>= 4.179)
  ok    P4 Roam on Throng/Wide Fan — not bit-identical 0 % vs 100 % output differs
  ok    P4 Roam on Throng/Wide Fan — alive and monotonic   0.000 -> 10.808, smallest quarter 10.808 (>= 3.854)
  ok    P4 Roam on Throng/Octave Bloom — not bit-identical 0 % vs 100 % output differs
  ok    P4 Roam on Throng/Octave Bloom — alive and monotonic 0.000 -> 14.766, smallest quarter 14.766 (>= 3.809)
  ok    P4 Roam on Throng/Sub Anchor — not bit-identical 0 % vs 100 % output differs
  ok    P4 Roam on Throng/Sub Anchor — alive and monotonic 0.000 -> 13.764, smallest quarter 12.168 (>= 3.938)
  ok    P4 Roam on Throng/Three Phase — not bit-identical 0 % vs 100 % output differs
  ok    P4 Roam on Throng/Three Phase — alive and monotonic 0.000 -> 14.052, smallest quarter 13.074 (>= 3.826)
  ok    P4 Roam on Twin/Two Line — not bit-identical 0 % vs 100 % output differs
  ok    P4 Roam on Twin/Two Line — alive and monotonic     0.000 -> 17.306, smallest quarter 17.306 (>= 4.024)
  ok    P4 Roam on Twin/Four Line — not bit-identical 0 % vs 100 % output differs
  ok    P4 Roam on Twin/Four Line — alive and monotonic    0.000 -> 13.787, smallest quarter 13.787 (>= 3.765)
  ok    P4 Roam on Twin/Mode Two — not bit-identical 0 % vs 100 % output differs
  ok    P4 Roam on Twin/Mode Two — alive and monotonic     0.000 -> 11.646, smallest quarter 11.063 (>= 3.560)
  ok    P4 Roam on Twin/Mode Three — not bit-identical 0 % vs 100 % output differs
  ok    P4 Roam on Twin/Mode Three — alive and monotonic   0.000 -> 13.787, smallest quarter 13.787 (>= 4.060)
  ok    P4 Roam on Twin/No Compander — not bit-identical 0 % vs 100 % output differs
  ok    P4 Roam on Twin/No Compander — alive and monotonic 0.000 -> 13.625, smallest quarter 13.625 (>= 6.096)
  ok    P4 Roam on Twin/Dark BBD — not bit-identical 0 % vs 100 % output differs
  ok    P4 Roam on Twin/Dark BBD — alive and monotonic     0.000 -> 16.356, smallest quarter 14.741 (>= 5.193)
  ok    P4 Roam on Twin/Tremble — not bit-identical 0 % vs 100 % output differs
  ok    P4 Roam on Twin/Tremble — alive and monotonic      0.000 -> 21.249, smallest quarter 19.366 (>= 4.724)
  ok    P4 Roam on Twin/Hex — not bit-identical 0 % vs 100 % output differs
  ok    P4 Roam on Twin/Hex — alive and monotonic          0.000 -> 12.979, smallest quarter 12.979 (>= 6.006)
  ok    P4 Roam on Steady/Satin — not bit-identical 0 % vs 100 % output differs
  ok    P4 Roam on Steady/Satin — alive and monotonic      0.000 -> 14.134, smallest quarter 13.014 (>= 4.499)
  ok    P4 Roam on Steady/Jab — not bit-identical 0 % vs 100 % output differs
  ok    P4 Roam on Steady/Jab — alive and monotonic        0.000 -> 16.018, smallest quarter 13.870 (>= 4.537)
  ok    P4 Roam on Steady/Quaver — not bit-identical 0 % vs 100 % output differs
  ok    P4 Roam on Steady/Quaver — alive and monotonic     0.000 -> 10.979, smallest quarter 10.782 (>= 4.214)
  ok    P4 Roam on Steady/Fifth Up — not bit-identical 0 % vs 100 % output differs
  ok    P4 Roam on Steady/Fifth Up — alive and monotonic   0.000 -> 18.743, smallest quarter 18.231 (>= 3.808)
  ok    P4 Roam on Steady/Octave Down — not bit-identical 0 % vs 100 % output differs
  ok    P4 Roam on Steady/Octave Down — alive and monotonic 0.000 -> 14.005, smallest quarter 10.281 (>= 4.268)
  ok    P4 Roam on Steady/Wide Slap — not bit-identical 0 % vs 100 % output differs
  ok    P4 Roam on Steady/Wide Slap — alive and monotonic  0.000 -> 10.423, smallest quarter 10.423 (>= 3.871)
  ok    P4 Roam on Steady/Gritty — not bit-identical 0 % vs 100 % output differs
  ok    P4 Roam on Steady/Gritty — alive and monotonic     0.000 -> 10.791, smallest quarter 10.791 (>= 3.696)
  ok    P4 Roam on Steady/Octave Pair — not bit-identical 0 % vs 100 % output differs
  ok    P4 Roam on Steady/Octave Pair — alive and monotonic 0.000 -> 19.797, smallest quarter 17.441 (>= 3.959)
  ok    P4 Roam on Twofold/Lilt — not bit-identical 0 % vs 100 % output differs
  ok    P4 Roam on Twofold/Lilt — alive and monotonic      0.000 -> 25.346, smallest quarter 9.787 (>= 2.469)
  ok    P4 Roam on Twofold/Wide Room — not bit-identical 0 % vs 100 % output differs
  ok    P4 Roam on Twofold/Wide Room — alive and monotonic 0.000 -> 14.829, smallest quarter 4.881 (>= 3.767)
  ok    P4 Roam on Twofold/Tape ADT — not bit-identical 0 % vs 100 % output differs
  ok    P4 Roam on Twofold/Tape ADT — alive and monotonic  0.000 -> 7.536, smallest quarter 6.069 (>= 3.566)
  ok    P4 Roam on Twofold/Tight Inst — not bit-identical 0 % vs 100 % output differs
  ok    P4 Roam on Twofold/Tight Inst — alive and monotonic 0.000 -> 28.355, smallest quarter 26.945 (>= 2.817)
  ok    P4 Roam on Twofold/Loose Crowd — not bit-identical 0 % vs 100 % output differs
  ok    P4 Roam on Twofold/Loose Crowd — alive and monotonic 0.000 -> 24.277, smallest quarter 14.396 (>= 2.219)
  ok    P4 Roam on Twofold/Static Pair — not bit-identical 0 % vs 100 % output differs
  ok    P4 Roam on Twofold/Static Pair — alive and monotonic 0.000 -> 13.489, smallest quarter 12.232 (>= 2.487)
  ok    P4 Roam on Twofold/Slapback — not bit-identical 0 % vs 100 % output differs
  ok    P4 Roam on Twofold/Slapback — alive and monotonic  0.000 -> 25.346, smallest quarter 9.787 (>= 2.505)
  ok    P4 Roam on Twofold/Seasick — not bit-identical 0 % vs 100 % output differs
  ok    P4 Roam on Twofold/Seasick — alive and monotonic   0.000 -> 14.373, smallest quarter 14.373 (>= 1.973)
  ok    P4 Roam on Blur/Smooth Six — not bit-identical 0 % vs 100 % output differs
         Blur  /Smooth Six       0.000    4.084    5.965    3.369    7.784   span    7.784  min step   3.369 (>= 5.859)  [PLATEAU]
  FAIL  P4 Roam on Blur/Smooth Six — alive and monotonic   0.000 -> 7.784, smallest quarter 3.369 (>= 5.859)
  ok    P4 Roam on Blur/Deep Twelve — not bit-identical 0 % vs 100 % output differs
         Blur  /Deep Twelve      0.000    2.279    7.670    9.578    6.950   span    6.950  min step   2.279 (>= 4.060)  [PLATEAU]
  FAIL  P4 Roam on Blur/Deep Twelve — alive and monotonic  0.000 -> 6.950, smallest quarter 2.279 (>= 4.060)
  ok    P4 Roam on Blur/Plush — not bit-identical 0 % vs 100 % output differs
  ok    P4 Roam on Blur/Plush — alive and monotonic        0.000 -> 9.859, smallest quarter 6.467 (>= 5.454)
  ok    P4 Roam on Blur/Low Anchor — not bit-identical 0 % vs 100 % output differs
         Blur  /Low Anchor       0.000    4.115    7.881    4.281    7.075   span    7.075  min step   4.115 (>= 7.590)  [PLATEAU]
  FAIL  P4 Roam on Blur/Low Anchor — alive and monotonic   0.000 -> 7.075, smallest quarter 4.115 (>= 7.590)
  ok    P4 Roam on Blur/Top Only — not bit-identical 0 % vs 100 % output differs
         Blur  /Top Only         0.000    4.792    7.935   11.227    8.053   span    8.053  min step   4.792 (>= 8.240)  [PLATEAU]
  FAIL  P4 Roam on Blur/Top Only — alive and monotonic     0.000 -> 8.053, smallest quarter 4.792 (>= 8.240)
  ok    P4 Roam on Blur/Seed B — not bit-identical 0 % vs 100 % output differs
         Blur  /Seed B           0.000    4.340    7.590    4.154    8.064   span    8.064  min step   4.154 (>= 6.847)  [PLATEAU]
  FAIL  P4 Roam on Blur/Seed B — alive and monotonic       0.000 -> 8.064, smallest quarter 4.154 (>= 6.847)
  ok    P4 Roam on Blur/Seed C — not bit-identical 0 % vs 100 % output differs
         Blur  /Seed C           0.000    3.100    4.900    2.464    7.187   span    7.187  min step   2.464 (>= 5.514)  [PLATEAU]
  FAIL  P4 Roam on Blur/Seed C — alive and monotonic       0.000 -> 7.187, smallest quarter 2.464 (>= 5.514)
  ok    P4 Roam on Blur/Opposed — not bit-identical 0 % vs 100 % output differs
         Blur  /Opposed          0.000    5.178    7.970    8.057   18.765   span   18.765  min step   5.178 (>= 5.834)  [PLATEAU]
  FAIL  P4 Roam on Blur/Opposed — alive and monotonic      0.000 -> 18.765, smallest quarter 5.178 (>= 5.834)
  ok    P4 Roam on Bands/Coarse — not bit-identical 0 % vs 100 % output differs
  ok    P4 Roam on Bands/Coarse — alive and monotonic      0.000 -> 7.972, smallest quarter 7.972 (>= 2.153)
  ok    P4 Roam on Bands/Fine — not bit-identical 0 % vs 100 % output differs
  ok    P4 Roam on Bands/Fine — alive and monotonic        0.000 -> 5.078, smallest quarter 3.119 (>= 1.981)
  ok    P4 Roam on Bands/Tilted — not bit-identical 0 % vs 100 % output differs
  ok    P4 Roam on Bands/Tilted — alive and monotonic      0.000 -> 17.029, smallest quarter 17.029 (>= 2.943)
  ok    P4 Roam on Bands/Rotor Slow — not bit-identical 0 % vs 100 % output differs
  ok    P4 Roam on Bands/Rotor Slow — alive and monotonic  0.000 -> 15.330, smallest quarter 12.013 (>= 2.478)
  ok    P4 Roam on Bands/Rotor Fast — not bit-identical 0 % vs 100 % output differs
  ok    P4 Roam on Bands/Rotor Fast — alive and monotonic  0.000 -> 15.418, smallest quarter 7.456 (>= 2.452)
  ok    P4 Roam on Bands/Guard — not bit-identical 0 % vs 100 % output differs
  ok    P4 Roam on Bands/Guard — alive and monotonic       0.000 -> 6.618, smallest quarter 5.757 (>= 1.635)
  ok    P4 Roam on Bands/Deep Grid — not bit-identical 0 % vs 100 % output differs
  ok    P4 Roam on Bands/Deep Grid — alive and monotonic   0.000 -> 24.308, smallest quarter 19.011 (>= 1.746)
  ok    P4 Roam on Bands/Hard Split — not bit-identical 0 % vs 100 % output differs
  ok    P4 Roam on Bands/Hard Split — alive and monotonic  0.000 -> 12.840, smallest quarter 12.840 (>= 2.498)
      -- P5 Low Keep  LF side energy dB     
  ok    P5 Low Keep on Throng/JP Classic — not bit-identical 0 % vs 100 % output differs
  ok    P5 Low Keep on Throng/JP Classic — alive and monotonic 28.686 -> 16.042, smallest quarter 0.886 (>= 0.400)
  ok    P5 Low Keep on Throng/Even Fan — not bit-identical 0 % vs 100 % output differs
  ok    P5 Low Keep on Throng/Even Fan — alive and monotonic 28.951 -> 16.351, smallest quarter 0.871 (>= 0.400)
  ok    P5 Low Keep on Throng/Analog Drift — not bit-identical 0 % vs 100 % output differs
  ok    P5 Low Keep on Throng/Analog Drift — alive and monotonic 28.687 -> 16.178, smallest quarter 0.905 (>= 0.400)
  ok    P5 Low Keep on Throng/Tight Fan — not bit-identical 0 % vs 100 % output differs
  ok    P5 Low Keep on Throng/Tight Fan — alive and monotonic 28.400 -> 15.896, smallest quarter 0.870 (>= 0.400)
  ok    P5 Low Keep on Throng/Wide Fan — not bit-identical 0 % vs 100 % output differs
  ok    P5 Low Keep on Throng/Wide Fan — alive and monotonic 27.888 -> 15.467, smallest quarter 0.874 (>= 0.400)
  ok    P5 Low Keep on Throng/Octave Bloom — not bit-identical 0 % vs 100 % output differs
  ok    P5 Low Keep on Throng/Octave Bloom — alive and monotonic 27.185 -> 14.470, smallest quarter 0.883 (>= 0.400)
  ok    P5 Low Keep on Throng/Sub Anchor — not bit-identical 0 % vs 100 % output differs
  ok    P5 Low Keep on Throng/Sub Anchor — alive and monotonic 28.208 -> 15.639, smallest quarter 0.893 (>= 0.400)
  ok    P5 Low Keep on Throng/Three Phase — not bit-identical 0 % vs 100 % output differs
  ok    P5 Low Keep on Throng/Three Phase — alive and monotonic 28.606 -> 16.378, smallest quarter 0.837 (>= 0.400)
  ok    P5 Low Keep on Twin/Two Line — not bit-identical 0 % vs 100 % output differs
  ok    P5 Low Keep on Twin/Two Line — alive and monotonic 32.345 -> 24.788, smallest quarter 0.485 (>= 0.400)
  ok    P5 Low Keep on Twin/Four Line — not bit-identical 0 % vs 100 % output differs
  ok    P5 Low Keep on Twin/Four Line — alive and monotonic 31.870 -> 24.196, smallest quarter 0.497 (>= 0.400)
  ok    P5 Low Keep on Twin/Mode Two — not bit-identical 0 % vs 100 % output differs
  ok    P5 Low Keep on Twin/Mode Two — alive and monotonic 32.643 -> 24.790, smallest quarter 0.490 (>= 0.400)
  ok    P5 Low Keep on Twin/Mode Three — not bit-identical 0 % vs 100 % output differs
  ok    P5 Low Keep on Twin/Mode Three — alive and monotonic 32.361 -> 24.528, smallest quarter 0.497 (>= 0.400)
  ok    P5 Low Keep on Twin/No Compander — not bit-identical 0 % vs 100 % output differs
  ok    P5 Low Keep on Twin/No Compander — alive and monotonic 34.974 -> 22.890, smallest quarter 0.876 (>= 0.400)
  ok    P5 Low Keep on Twin/Dark BBD — not bit-identical 0 % vs 100 % output differs
  ok    P5 Low Keep on Twin/Dark BBD — alive and monotonic 33.136 -> 25.490, smallest quarter 0.495 (>= 0.400)
  ok    P5 Low Keep on Twin/Tremble — not bit-identical 0 % vs 100 % output differs
  ok    P5 Low Keep on Twin/Tremble — alive and monotonic  32.637 -> 24.978, smallest quarter 0.466 (>= 0.400)
  ok    P5 Low Keep on Twin/Hex — not bit-identical 0 % vs 100 % output differs
  ok    P5 Low Keep on Twin/Hex — alive and monotonic      35.877 -> 28.256, smallest quarter 0.500 (>= 0.400)
  ok    P5 Low Keep on Steady/Satin — not bit-identical 0 % vs 100 % output differs
  ok    P5 Low Keep on Steady/Satin — alive and monotonic  29.083 -> 16.358, smallest quarter 0.906 (>= 0.400)
  ok    P5 Low Keep on Steady/Jab — not bit-identical 0 % vs 100 % output differs
  ok    P5 Low Keep on Steady/Jab — alive and monotonic    28.221 -> 15.666, smallest quarter 0.982 (>= 0.400)
  ok    P5 Low Keep on Steady/Quaver — not bit-identical 0 % vs 100 % output differs
  ok    P5 Low Keep on Steady/Quaver — alive and monotonic 29.376 -> 16.675, smallest quarter 0.888 (>= 0.400)
  ok    P5 Low Keep on Steady/Fifth Up — not bit-identical 0 % vs 100 % output differs
  ok    P5 Low Keep on Steady/Fifth Up — alive and monotonic 26.177 -> 13.529, smallest quarter 0.943 (>= 0.400)
  ok    P5 Low Keep on Steady/Octave Down — not bit-identical 0 % vs 100 % output differs
  ok    P5 Low Keep on Steady/Octave Down — alive and monotonic 29.179 -> 16.157, smallest quarter 0.994 (>= 0.400)
  ok    P5 Low Keep on Steady/Wide Slap — not bit-identical 0 % vs 100 % output differs
  ok    P5 Low Keep on Steady/Wide Slap — alive and monotonic 30.322 -> 17.640, smallest quarter 0.893 (>= 0.400)
  ok    P5 Low Keep on Steady/Gritty — not bit-identical 0 % vs 100 % output differs
  ok    P5 Low Keep on Steady/Gritty — alive and monotonic 26.999 -> 14.317, smallest quarter 1.023 (>= 0.400)
  ok    P5 Low Keep on Steady/Octave Pair — not bit-identical 0 % vs 100 % output differs
  ok    P5 Low Keep on Steady/Octave Pair — alive and monotonic 26.237 -> 13.536, smallest quarter 0.977 (>= 0.400)
  ok    P5 Low Keep on Twofold/Lilt — not bit-identical 0 % vs 100 % output differs
  ok    P5 Low Keep on Twofold/Lilt — alive and monotonic  24.952 -> 12.800, smallest quarter 0.835 (>= 0.400)
  ok    P5 Low Keep on Twofold/Wide Room — not bit-identical 0 % vs 100 % output differs
  ok    P5 Low Keep on Twofold/Wide Room — alive and monotonic 19.820 -> 7.281, smallest quarter 0.899 (>= 0.400)
  ok    P5 Low Keep on Twofold/Tape ADT — not bit-identical 0 % vs 100 % output differs
  ok    P5 Low Keep on Twofold/Tape ADT — alive and monotonic 19.392 -> 6.693, smallest quarter 0.956 (>= 0.400)
  ok    P5 Low Keep on Twofold/Tight Inst — not bit-identical 0 % vs 100 % output differs
  ok    P5 Low Keep on Twofold/Tight Inst — alive and monotonic 26.745 -> 14.510, smallest quarter 0.794 (>= 0.400)
  ok    P5 Low Keep on Twofold/Loose Crowd — not bit-identical 0 % vs 100 % output differs
  ok    P5 Low Keep on Twofold/Loose Crowd — alive and monotonic 24.849 -> 12.883, smallest quarter 0.805 (>= 0.400)
  ok    P5 Low Keep on Twofold/Static Pair — not bit-identical 0 % vs 100 % output differs
  ok    P5 Low Keep on Twofold/Static Pair — alive and monotonic 23.705 -> 10.587, smallest quarter 1.038 (>= 0.400)
  ok    P5 Low Keep on Twofold/Slapback — not bit-identical 0 % vs 100 % output differs
  ok    P5 Low Keep on Twofold/Slapback — alive and monotonic 24.864 -> 12.713, smallest quarter 0.835 (>= 0.400)
  ok    P5 Low Keep on Twofold/Seasick — not bit-identical 0 % vs 100 % output differs
  ok    P5 Low Keep on Twofold/Seasick — alive and monotonic 24.992 -> 12.563, smallest quarter 0.840 (>= 0.400)
  ok    P5 Low Keep on Blur/Smooth Six — not bit-identical 0 % vs 100 % output differs
  ok    P5 Low Keep on Blur/Smooth Six — alive and monotonic 32.733 -> 20.609, smallest quarter 0.821 (>= 0.400)
  ok    P5 Low Keep on Blur/Deep Twelve — not bit-identical 0 % vs 100 % output differs
  ok    P5 Low Keep on Blur/Deep Twelve — alive and monotonic 32.205 -> 19.304, smallest quarter 0.923 (>= 0.400)
  ok    P5 Low Keep on Blur/Plush — not bit-identical 0 % vs 100 % output differs
  ok    P5 Low Keep on Blur/Plush — alive and monotonic    33.006 -> 20.762, smallest quarter 0.842 (>= 0.400)
  ok    P5 Low Keep on Blur/Low Anchor — not bit-identical 0 % vs 100 % output differs
  ok    P5 Low Keep on Blur/Low Anchor — alive and monotonic 31.321 -> 19.715, smallest quarter 0.745 (>= 0.400)
  ok    P5 Low Keep on Blur/Top Only — not bit-identical 0 % vs 100 % output differs
  ok    P5 Low Keep on Blur/Top Only — alive and monotonic 25.379 -> 14.949, smallest quarter 0.616 (>= 0.400)
  ok    P5 Low Keep on Blur/Seed B — not bit-identical 0 % vs 100 % output differs
  ok    P5 Low Keep on Blur/Seed B — alive and monotonic   32.378 -> 20.383, smallest quarter 0.801 (>= 0.400)
  ok    P5 Low Keep on Blur/Seed C — not bit-identical 0 % vs 100 % output differs
  ok    P5 Low Keep on Blur/Seed C — alive and monotonic   32.958 -> 20.743, smallest quarter 0.836 (>= 0.400)
  ok    P5 Low Keep on Blur/Opposed — not bit-identical 0 % vs 100 % output differs
  ok    P5 Low Keep on Blur/Opposed — alive and monotonic  29.853 -> 17.669, smallest quarter 0.793 (>= 0.400)
  ok    P5 Low Keep on Bands/Coarse — not bit-identical 0 % vs 100 % output differs
  ok    P5 Low Keep on Bands/Coarse — alive and monotonic  23.552 -> 9.259, smallest quarter 1.131 (>= 0.400)
  ok    P5 Low Keep on Bands/Fine — not bit-identical 0 % vs 100 % output differs
  ok    P5 Low Keep on Bands/Fine — alive and monotonic    22.765 -> 8.530, smallest quarter 1.123 (>= 0.400)
  ok    P5 Low Keep on Bands/Tilted — not bit-identical 0 % vs 100 % output differs
  ok    P5 Low Keep on Bands/Tilted — alive and monotonic  25.576 -> 11.977, smallest quarter 1.010 (>= 0.400)
  ok    P5 Low Keep on Bands/Rotor Slow — not bit-identical 0 % vs 100 % output differs
  ok    P5 Low Keep on Bands/Rotor Slow — alive and monotonic 26.694 -> 12.734, smallest quarter 1.049 (>= 0.400)
  ok    P5 Low Keep on Bands/Rotor Fast — not bit-identical 0 % vs 100 % output differs
  ok    P5 Low Keep on Bands/Rotor Fast — alive and monotonic 25.576 -> 11.422, smallest quarter 1.087 (>= 0.400)
  ok    P5 Low Keep on Bands/Guard — not bit-identical 0 % vs 100 % output differs
  ok    P5 Low Keep on Bands/Guard — alive and monotonic   23.637 -> 9.391, smallest quarter 1.107 (>= 0.400)
  ok    P5 Low Keep on Bands/Deep Grid — not bit-identical 0 % vs 100 % output differs
  ok    P5 Low Keep on Bands/Deep Grid — alive and monotonic 14.531 -> 1.756, smallest quarter 1.020 (>= 0.400)
  ok    P5 Low Keep on Bands/Hard Split — not bit-identical 0 % vs 100 % output differs
  ok    P5 Low Keep on Bands/Hard Split — alive and monotonic 24.709 -> 10.463, smallest quarter 1.107 (>= 0.400)
      -- P6 Tone      HF-LF tilt dB         
  ok    P6 Tone on Throng/JP Classic — not bit-identical 0 % vs 100 % output differs
  ok    P6 Tone on Throng/JP Classic — alive and monotonic -33.886 -> -56.160, smallest quarter 2.148 (>= 1.200)
  ok    P6 Tone on Throng/Even Fan — not bit-identical 0 % vs 100 % output differs
  ok    P6 Tone on Throng/Even Fan — alive and monotonic   -34.257 -> -56.538, smallest quarter 2.143 (>= 1.200)
  ok    P6 Tone on Throng/Analog Drift — not bit-identical 0 % vs 100 % output differs
  ok    P6 Tone on Throng/Analog Drift — alive and monotonic -34.091 -> -56.384, smallest quarter 2.141 (>= 1.200)
  ok    P6 Tone on Throng/Tight Fan — not bit-identical 0 % vs 100 % output differs
  ok    P6 Tone on Throng/Tight Fan — alive and monotonic  -34.638 -> -56.911, smallest quarter 2.157 (>= 1.200)
  ok    P6 Tone on Throng/Wide Fan — not bit-identical 0 % vs 100 % output differs
  ok    P6 Tone on Throng/Wide Fan — alive and monotonic   -34.474 -> -56.761, smallest quarter 2.155 (>= 1.200)
  ok    P6 Tone on Throng/Octave Bloom — not bit-identical 0 % vs 100 % output differs
  ok    P6 Tone on Throng/Octave Bloom — alive and monotonic -33.773 -> -56.028, smallest quarter 2.145 (>= 1.200)
  ok    P6 Tone on Throng/Sub Anchor — not bit-identical 0 % vs 100 % output differs
  ok    P6 Tone on Throng/Sub Anchor — alive and monotonic -33.944 -> -56.219, smallest quarter 2.148 (>= 1.200)
  ok    P6 Tone on Throng/Three Phase — not bit-identical 0 % vs 100 % output differs
  ok    P6 Tone on Throng/Three Phase — alive and monotonic -26.956 -> -49.333, smallest quarter 2.089 (>= 1.200)
  ok    P6 Tone on Twin/Two Line — not bit-identical 0 % vs 100 % output differs
  ok    P6 Tone on Twin/Two Line — alive and monotonic     -31.015 -> -52.587, smallest quarter 1.466 (>= 1.200)
  ok    P6 Tone on Twin/Four Line — not bit-identical 0 % vs 100 % output differs
  ok    P6 Tone on Twin/Four Line — alive and monotonic    -31.849 -> -53.550, smallest quarter 1.493 (>= 1.200)
  ok    P6 Tone on Twin/Mode Two — not bit-identical 0 % vs 100 % output differs
  ok    P6 Tone on Twin/Mode Two — alive and monotonic     -31.564 -> -53.546, smallest quarter 1.590 (>= 1.200)
  ok    P6 Tone on Twin/Mode Three — not bit-identical 0 % vs 100 % output differs
  ok    P6 Tone on Twin/Mode Three — alive and monotonic   -29.860 -> -51.805, smallest quarter 1.682 (>= 1.200)
  ok    P6 Tone on Twin/No Compander — not bit-identical 0 % vs 100 % output differs
  ok    P6 Tone on Twin/No Compander — alive and monotonic -35.322 -> -57.454, smallest quarter 2.189 (>= 1.200)
  ok    P6 Tone on Twin/Dark BBD — not bit-identical 0 % vs 100 % output differs
  ok    P6 Tone on Twin/Dark BBD — alive and monotonic     -32.918 -> -54.439, smallest quarter 1.460 (>= 1.200)
  ok    P6 Tone on Twin/Tremble — not bit-identical 0 % vs 100 % output differs
  ok    P6 Tone on Twin/Tremble — alive and monotonic      -30.285 -> -52.327, smallest quarter 1.693 (>= 1.200)
  ok    P6 Tone on Twin/Hex — not bit-identical 0 % vs 100 % output differs
  ok    P6 Tone on Twin/Hex — alive and monotonic          -31.436 -> -53.181, smallest quarter 1.487 (>= 1.200)
  ok    P6 Tone on Steady/Satin — not bit-identical 0 % vs 100 % output differs
  ok    P6 Tone on Steady/Satin — alive and monotonic      -33.218 -> -55.385, smallest quarter 2.175 (>= 1.200)
  ok    P6 Tone on Steady/Jab — not bit-identical 0 % vs 100 % output differs
  ok    P6 Tone on Steady/Jab — alive and monotonic        -33.196 -> -55.371, smallest quarter 2.174 (>= 1.200)
  ok    P6 Tone on Steady/Quaver — not bit-identical 0 % vs 100 % output differs
  ok    P6 Tone on Steady/Quaver — alive and monotonic     -31.624 -> -53.772, smallest quarter 2.119 (>= 1.200)
  ok    P6 Tone on Steady/Fifth Up — not bit-identical 0 % vs 100 % output differs
  ok    P6 Tone on Steady/Fifth Up — alive and monotonic   -20.428 -> -42.538, smallest quarter 2.138 (>= 1.200)
  ok    P6 Tone on Steady/Octave Down — not bit-identical 0 % vs 100 % output differs
  ok    P6 Tone on Steady/Octave Down — alive and monotonic -33.052 -> -55.265, smallest quarter 2.181 (>= 1.200)
  ok    P6 Tone on Steady/Wide Slap — not bit-identical 0 % vs 100 % output differs
  ok    P6 Tone on Steady/Wide Slap — alive and monotonic  -32.855 -> -55.019, smallest quarter 2.180 (>= 1.200)
  ok    P6 Tone on Steady/Gritty — not bit-identical 0 % vs 100 % output differs
  ok    P6 Tone on Steady/Gritty — alive and monotonic     -27.905 -> -50.019, smallest quarter 2.163 (>= 1.200)
  ok    P6 Tone on Steady/Octave Pair — not bit-identical 0 % vs 100 % output differs
  ok    P6 Tone on Steady/Octave Pair — alive and monotonic -11.348 -> -33.473, smallest quarter 2.140 (>= 1.200)
  ok    P6 Tone on Twofold/Lilt — not bit-identical 0 % vs 100 % output differs
  ok    P6 Tone on Twofold/Lilt — alive and monotonic      -30.460 -> -52.708, smallest quarter 2.110 (>= 1.200)
  ok    P6 Tone on Twofold/Wide Room — not bit-identical 0 % vs 100 % output differs
  ok    P6 Tone on Twofold/Wide Room — alive and monotonic -33.136 -> -55.446, smallest quarter 2.142 (>= 1.200)
  ok    P6 Tone on Twofold/Tape ADT — not bit-identical 0 % vs 100 % output differs
  ok    P6 Tone on Twofold/Tape ADT — alive and monotonic  -34.102 -> -56.403, smallest quarter 2.152 (>= 1.200)
  ok    P6 Tone on Twofold/Tight Inst — not bit-identical 0 % vs 100 % output differs
  ok    P6 Tone on Twofold/Tight Inst — alive and monotonic -32.479 -> -54.712, smallest quarter 2.104 (>= 1.200)
  ok    P6 Tone on Twofold/Loose Crowd — not bit-identical 0 % vs 100 % output differs
  ok    P6 Tone on Twofold/Loose Crowd — alive and monotonic -31.003 -> -53.276, smallest quarter 2.108 (>= 1.200)
  ok    P6 Tone on Twofold/Static Pair — not bit-identical 0 % vs 100 % output differs
  ok    P6 Tone on Twofold/Static Pair — alive and monotonic -32.106 -> -54.261, smallest quarter 2.180 (>= 1.200)
  ok    P6 Tone on Twofold/Slapback — not bit-identical 0 % vs 100 % output differs
  ok    P6 Tone on Twofold/Slapback — alive and monotonic  -29.953 -> -52.207, smallest quarter 2.114 (>= 1.200)
  ok    P6 Tone on Twofold/Seasick — not bit-identical 0 % vs 100 % output differs
  ok    P6 Tone on Twofold/Seasick — alive and monotonic   -28.453 -> -50.678, smallest quarter 2.068 (>= 1.200)
  ok    P6 Tone on Blur/Smooth Six — not bit-identical 0 % vs 100 % output differs
  ok    P6 Tone on Blur/Smooth Six — alive and monotonic   -33.791 -> -56.018, smallest quarter 2.251 (>= 1.200)
  ok    P6 Tone on Blur/Deep Twelve — not bit-identical 0 % vs 100 % output differs
  ok    P6 Tone on Blur/Deep Twelve — alive and monotonic  -33.834 -> -55.883, smallest quarter 2.224 (>= 1.200)
  ok    P6 Tone on Blur/Plush — not bit-identical 0 % vs 100 % output differs
  ok    P6 Tone on Blur/Plush — alive and monotonic        -34.125 -> -56.100, smallest quarter 2.190 (>= 1.200)
  ok    P6 Tone on Blur/Low Anchor — not bit-identical 0 % vs 100 % output differs
  ok    P6 Tone on Blur/Low Anchor — alive and monotonic   -33.162 -> -56.189, smallest quarter 2.207 (>= 1.200)
  ok    P6 Tone on Blur/Top Only — not bit-identical 0 % vs 100 % output differs
  ok    P6 Tone on Blur/Top Only — alive and monotonic     -34.997 -> -56.369, smallest quarter 2.313 (>= 1.200)
  ok    P6 Tone on Blur/Seed B — not bit-identical 0 % vs 100 % output differs
  ok    P6 Tone on Blur/Seed B — alive and monotonic       -34.468 -> -56.007, smallest quarter 2.199 (>= 1.200)
  ok    P6 Tone on Blur/Seed C — not bit-identical 0 % vs 100 % output differs
  ok    P6 Tone on Blur/Seed C — alive and monotonic       -33.377 -> -55.819, smallest quarter 2.132 (>= 1.200)
  ok    P6 Tone on Blur/Opposed — not bit-identical 0 % vs 100 % output differs
  ok    P6 Tone on Blur/Opposed — alive and monotonic      -33.416 -> -55.907, smallest quarter 2.201 (>= 1.200)
  ok    P6 Tone on Bands/Coarse — not bit-identical 0 % vs 100 % output differs
  ok    P6 Tone on Bands/Coarse — alive and monotonic      -40.038 -> -58.813, smallest quarter 3.269 (>= 1.200)
  ok    P6 Tone on Bands/Fine — not bit-identical 0 % vs 100 % output differs
  ok    P6 Tone on Bands/Fine — alive and monotonic        -39.890 -> -58.603, smallest quarter 3.266 (>= 1.200)
  ok    P6 Tone on Bands/Tilted — not bit-identical 0 % vs 100 % output differs
  ok    P6 Tone on Bands/Tilted — alive and monotonic      -45.353 -> -62.391, smallest quarter 2.431 (>= 1.200)
  ok    P6 Tone on Bands/Rotor Slow — not bit-identical 0 % vs 100 % output differs
  ok    P6 Tone on Bands/Rotor Slow — alive and monotonic  -41.392 -> -60.454, smallest quarter 3.376 (>= 1.200)
  ok    P6 Tone on Bands/Rotor Fast — not bit-identical 0 % vs 100 % output differs
  ok    P6 Tone on Bands/Rotor Fast — alive and monotonic  -40.355 -> -59.344, smallest quarter 3.282 (>= 1.200)
  ok    P6 Tone on Bands/Guard — not bit-identical 0 % vs 100 % output differs
  ok    P6 Tone on Bands/Guard — alive and monotonic       -36.753 -> -57.010, smallest quarter 2.715 (>= 1.200)
  ok    P6 Tone on Bands/Deep Grid — not bit-identical 0 % vs 100 % output differs
  ok    P6 Tone on Bands/Deep Grid — alive and monotonic   -36.175 -> -54.179, smallest quarter 2.811 (>= 1.200)
  ok    P6 Tone on Bands/Hard Split — not bit-identical 0 % vs 100 % output differs
  ok    P6 Tone on Bands/Hard Split — alive and monotonic  -40.489 -> -59.158, smallest quarter 3.346 (>= 1.200)
      -- P7 Feedback  sustained density dB  
  ok    P7 Feedback on Throng/JP Classic — not bit-identical 0 % vs 100 % output differs
  ok    P7 Feedback on Throng/JP Classic — alive and monotonic -27.501 -> -14.994, smallest quarter 1.277 (>= 0.250)
  ok    P7 Feedback on Throng/Even Fan — not bit-identical 0 % vs 100 % output differs
  ok    P7 Feedback on Throng/Even Fan — alive and monotonic -27.527 -> -11.563, smallest quarter 1.136 (>= 0.250)
  ok    P7 Feedback on Throng/Analog Drift — not bit-identical 0 % vs 100 % output differs
  ok    P7 Feedback on Throng/Analog Drift — alive and monotonic -27.665 -> -16.216, smallest quarter 1.173 (>= 0.250)
  ok    P7 Feedback on Throng/Tight Fan — not bit-identical 0 % vs 100 % output differs
  ok    P7 Feedback on Throng/Tight Fan — alive and monotonic -27.539 -> -10.495, smallest quarter 1.233 (>= 0.250)
  ok    P7 Feedback on Throng/Wide Fan — not bit-identical 0 % vs 100 % output differs
  ok    P7 Feedback on Throng/Wide Fan — alive and monotonic -28.116 -> -12.712, smallest quarter 1.161 (>= 0.250)
  ok    P7 Feedback on Throng/Octave Bloom — not bit-identical 0 % vs 100 % output differs
  ok    P7 Feedback on Throng/Octave Bloom — alive and monotonic -28.277 -> -16.668, smallest quarter 1.311 (>= 0.250)
  ok    P7 Feedback on Throng/Sub Anchor — not bit-identical 0 % vs 100 % output differs
  ok    P7 Feedback on Throng/Sub Anchor — alive and monotonic -27.353 -> -11.025, smallest quarter 1.555 (>= 0.250)
  ok    P7 Feedback on Throng/Three Phase — not bit-identical 0 % vs 100 % output differs
  ok    P7 Feedback on Throng/Three Phase — alive and monotonic -27.695 -> -13.679, smallest quarter 1.146 (>= 0.250)
  ok    P7 Feedback on Twin/Two Line — not bit-identical 0 % vs 100 % output differs
  ok    P7 Feedback on Twin/Two Line — alive and monotonic -30.444 -> -27.839, smallest quarter 0.445 (>= 0.250)
  ok    P7 Feedback on Twin/Four Line — not bit-identical 0 % vs 100 % output differs
  ok    P7 Feedback on Twin/Four Line — alive and monotonic -31.354 -> -28.935, smallest quarter 0.362 (>= 0.250)
  ok    P7 Feedback on Twin/Mode Two — not bit-identical 0 % vs 100 % output differs
  ok    P7 Feedback on Twin/Mode Two — alive and monotonic -30.411 -> -20.869, smallest quarter 0.578 (>= 0.250)
  ok    P7 Feedback on Twin/Mode Three — not bit-identical 0 % vs 100 % output differs
  ok    P7 Feedback on Twin/Mode Three — alive and monotonic -30.398 -> -28.226, smallest quarter 0.262 (>= 0.250)
  ok    P7 Feedback on Twin/No Compander — not bit-identical 0 % vs 100 % output differs
  ok    P7 Feedback on Twin/No Compander — alive and monotonic -25.498 -> -21.316, smallest quarter 0.509 (>= 0.250)
  ok    P7 Feedback on Twin/Dark BBD — not bit-identical 0 % vs 100 % output differs
  ok    P7 Feedback on Twin/Dark BBD — alive and monotonic -31.727 -> -28.733, smallest quarter 0.638 (>= 0.250)
  ok    P7 Feedback on Twin/Tremble — not bit-identical 0 % vs 100 % output differs
  ok    P7 Feedback on Twin/Tremble — alive and monotonic  -30.364 -> -28.082, smallest quarter 0.259 (>= 0.250)
  ok    P7 Feedback on Twin/Hex — not bit-identical 0 % vs 100 % output differs
  ok    P7 Feedback on Twin/Hex — alive and monotonic      -27.538 -> -22.649, smallest quarter 0.822 (>= 0.250)
  ok    P7 Feedback on Steady/Satin — not bit-identical 0 % vs 100 % output differs
  ok    P7 Feedback on Steady/Satin — alive and monotonic  -28.755 -> -24.664, smallest quarter 0.783 (>= 0.250)
  ok    P7 Feedback on Steady/Jab — not bit-identical 0 % vs 100 % output differs
  ok    P7 Feedback on Steady/Jab — alive and monotonic    -28.754 -> -20.850, smallest quarter 0.831 (>= 0.250)
  ok    P7 Feedback on Steady/Quaver — not bit-identical 0 % vs 100 % output differs
  ok    P7 Feedback on Steady/Quaver — alive and monotonic -27.763 -> -12.812, smallest quarter 1.218 (>= 0.250)
  ok    P7 Feedback on Steady/Fifth Up — not bit-identical 0 % vs 100 % output differs
  ok    P7 Feedback on Steady/Fifth Up — alive and monotonic -29.219 -> -25.368, smallest quarter 0.754 (>= 0.250)
  ok    P7 Feedback on Steady/Octave Down — not bit-identical 0 % vs 100 % output differs
  ok    P7 Feedback on Steady/Octave Down — alive and monotonic -28.737 -> -18.784, smallest quarter 0.797 (>= 0.250)
  ok    P7 Feedback on Steady/Wide Slap — not bit-identical 0 % vs 100 % output differs
         Steady/Wide Slap      -29.004  -28.226  -27.374  -26.906  -26.706   span    2.298  min step   0.200 (>= 0.250)  [PLATEAU]
  FAIL  P7 Feedback on Steady/Wide Slap — alive and monotonic -29.004 -> -26.706, smallest quarter 0.200 (>= 0.250)
  ok    P7 Feedback on Steady/Gritty — not bit-identical 0 % vs 100 % output differs
  ok    P7 Feedback on Steady/Gritty — alive and monotonic -29.425 -> -18.065, smallest quarter 0.788 (>= 0.250)
  ok    P7 Feedback on Steady/Octave Pair — not bit-identical 0 % vs 100 % output differs
  ok    P7 Feedback on Steady/Octave Pair — alive and monotonic -29.300 -> -25.779, smallest quarter 0.694 (>= 0.250)
  ok    P7 Feedback on Twofold/Lilt — not bit-identical 0 % vs 100 % output differs
  ok    P7 Feedback on Twofold/Lilt — alive and monotonic  -29.239 -> -26.234, smallest quarter 0.502 (>= 0.250)
  ok    P7 Feedback on Twofold/Wide Room — not bit-identical 0 % vs 100 % output differs
  ok    P7 Feedback on Twofold/Wide Room — alive and monotonic -29.563 -> -21.499, smallest quarter 0.864 (>= 0.250)
  ok    P7 Feedback on Twofold/Tape ADT — not bit-identical 0 % vs 100 % output differs
  ok    P7 Feedback on Twofold/Tape ADT — alive and monotonic -27.943 -> -16.414, smallest quarter 0.959 (>= 0.250)
  ok    P7 Feedback on Twofold/Tight Inst — not bit-identical 0 % vs 100 % output differs
  ok    P7 Feedback on Twofold/Tight Inst — alive and monotonic -29.205 -> -22.873, smallest quarter 0.854 (>= 0.250)
  ok    P7 Feedback on Twofold/Loose Crowd — not bit-identical 0 % vs 100 % output differs
         Twofold/Loose Crowd    -29.465  -28.664  -27.789  -27.303  -27.088   span    2.377  min step   0.215 (>= 0.250)  [PLATEAU]
  FAIL  P7 Feedback on Twofold/Loose Crowd — alive and monotonic -29.465 -> -27.088, smallest quarter 0.215 (>= 0.250)
  ok    P7 Feedback on Twofold/Static Pair — not bit-identical 0 % vs 100 % output differs
         Twofold/Static Pair    -30.390  -29.754  -29.129  -28.818  -28.692   span    1.698  min step   0.126 (>= 0.250)  [PLATEAU]
  FAIL  P7 Feedback on Twofold/Static Pair — alive and monotonic -30.390 -> -28.692, smallest quarter 0.126 (>= 0.250)
  ok    P7 Feedback on Twofold/Slapback — not bit-identical 0 % vs 100 % output differs
  ok    P7 Feedback on Twofold/Slapback — alive and monotonic -29.326 -> -26.680, smallest quarter 0.291 (>= 0.250)
  ok    P7 Feedback on Twofold/Seasick — not bit-identical 0 % vs 100 % output differs
         Twofold/Seasick        -29.604  -28.823  -27.967  -27.490  -27.278   span    2.326  min step   0.212 (>= 0.250)  [PLATEAU]
  FAIL  P7 Feedback on Twofold/Seasick — alive and monotonic -29.604 -> -27.278, smallest quarter 0.212 (>= 0.250)
  ok    P7 Feedback on Blur/Smooth Six — not bit-identical 0 % vs 100 % output differs
  ok    P7 Feedback on Blur/Smooth Six — alive and monotonic -25.898 -> -6.773, smallest quarter 0.726 (>= 0.250)
  ok    P7 Feedback on Blur/Deep Twelve — not bit-identical 0 % vs 100 % output differs
  ok    P7 Feedback on Blur/Deep Twelve — alive and monotonic -25.995 -> -7.133, smallest quarter 0.565 (>= 0.250)
  ok    P7 Feedback on Blur/Plush — not bit-identical 0 % vs 100 % output differs
  ok    P7 Feedback on Blur/Plush — alive and monotonic    -25.976 -> -6.795, smallest quarter 0.794 (>= 0.250)
  ok    P7 Feedback on Blur/Low Anchor — not bit-identical 0 % vs 100 % output differs
  ok    P7 Feedback on Blur/Low Anchor — alive and monotonic -26.005 -> -7.085, smallest quarter 0.794 (>= 0.250)
  ok    P7 Feedback on Blur/Top Only — not bit-identical 0 % vs 100 % output differs
  ok    P7 Feedback on Blur/Top Only — alive and monotonic -26.141 -> -6.863, smallest quarter 0.745 (>= 0.250)
  ok    P7 Feedback on Blur/Seed B — not bit-identical 0 % vs 100 % output differs
  ok    P7 Feedback on Blur/Seed B — alive and monotonic   -25.980 -> -7.124, smallest quarter 0.828 (>= 0.250)
  ok    P7 Feedback on Blur/Seed C — not bit-identical 0 % vs 100 % output differs
  ok    P7 Feedback on Blur/Seed C — alive and monotonic   -25.797 -> -6.951, smallest quarter 0.804 (>= 0.250)
  ok    P7 Feedback on Blur/Opposed — not bit-identical 0 % vs 100 % output differs
  ok    P7 Feedback on Blur/Opposed — alive and monotonic  -25.969 -> -6.864, smallest quarter 0.795 (>= 0.250)
  ok    P7 Feedback on Bands/Coarse — not bit-identical 0 % vs 100 % output differs
         Bands /Coarse         -34.557  -34.387  -12.147   -8.894   -8.104   span   26.454  min step   0.171 (>= 0.250)  [PLATEAU]
  FAIL  P7 Feedback on Bands/Coarse — alive and monotonic  -34.557 -> -8.104, smallest quarter 0.171 (>= 0.250)
  ok    P7 Feedback on Bands/Fine — not bit-identical 0 % vs 100 % output differs
         Bands /Fine           -34.503  -34.370  -12.263   -8.932   -8.112   span   26.390  min step   0.132 (>= 0.250)  [PLATEAU]
  FAIL  P7 Feedback on Bands/Fine — alive and monotonic    -34.503 -> -8.112, smallest quarter 0.132 (>= 0.250)
  ok    P7 Feedback on Bands/Tilted — not bit-identical 0 % vs 100 % output differs
  ok    P7 Feedback on Bands/Tilted — alive and monotonic  -38.694 -> -7.952, smallest quarter 0.800 (>= 0.250)
  ok    P7 Feedback on Bands/Rotor Slow — not bit-identical 0 % vs 100 % output differs
  ok    P7 Feedback on Bands/Rotor Slow — alive and monotonic -35.018 -> -8.071, smallest quarter 0.418 (>= 0.250)
  ok    P7 Feedback on Bands/Rotor Fast — not bit-identical 0 % vs 100 % output differs
  ok    P7 Feedback on Bands/Rotor Fast — alive and monotonic -34.620 -> -8.077, smallest quarter 0.270 (>= 0.250)
  ok    P7 Feedback on Bands/Guard — not bit-identical 0 % vs 100 % output differs
  ok    P7 Feedback on Bands/Guard — alive and monotonic   -30.239 -> -8.072, smallest quarter 0.392 (>= 0.250)
  ok    P7 Feedback on Bands/Deep Grid — not bit-identical 0 % vs 100 % output differs
  ok    P7 Feedback on Bands/Deep Grid — alive and monotonic -34.808 -> -8.010, smallest quarter 0.452 (>= 0.250)
  ok    P7 Feedback on Bands/Hard Split — not bit-identical 0 % vs 100 % output differs
  ok    P7 Feedback on Bands/Hard Split — alive and monotonic -35.517 -> -8.437, smallest quarter 0.290 (>= 0.250)
      -- P8 Balance   side/mid dB           
  ok    P8 Balance on Throng/JP Classic — not bit-identical 0 % vs 100 % output differs
  ok    P8 Balance on Throng/JP Classic — alive and monotonic -30.779 -> -0.902, smallest quarter 1.563 (>= 0.500)
  ok    P8 Balance on Throng/Even Fan — not bit-identical 0 % vs 100 % output differs
  ok    P8 Balance on Throng/Even Fan — alive and monotonic -30.790 -> -0.731, smallest quarter 1.636 (>= 0.500)
  ok    P8 Balance on Throng/Analog Drift — not bit-identical 0 % vs 100 % output differs
  ok    P8 Balance on Throng/Analog Drift — alive and monotonic -14.044 -> -1.786, smallest quarter 1.329 (>= 0.500)
  ok    P8 Balance on Throng/Tight Fan — not bit-identical 0 % vs 100 % output differs
  ok    P8 Balance on Throng/Tight Fan — alive and monotonic -31.019 -> -2.379, smallest quarter 0.871 (>= 0.500)
  ok    P8 Balance on Throng/Wide Fan — not bit-identical 0 % vs 100 % output differs
  ok    P8 Balance on Throng/Wide Fan — alive and monotonic -30.737 -> -1.041, smallest quarter 1.595 (>= 0.500)
  ok    P8 Balance on Throng/Octave Bloom — not bit-identical 0 % vs 100 % output differs
  ok    P8 Balance on Throng/Octave Bloom — alive and monotonic -33.704 -> -2.093, smallest quarter 2.065 (>= 0.500)
  ok    P8 Balance on Throng/Sub Anchor — not bit-identical 0 % vs 100 % output differs
  ok    P8 Balance on Throng/Sub Anchor — alive and monotonic -31.520 -> -0.925, smallest quarter 1.856 (>= 0.500)
  ok    P8 Balance on Throng/Three Phase — not bit-identical 0 % vs 100 % output differs
  ok    P8 Balance on Throng/Three Phase — alive and monotonic -30.784 -> -1.587, smallest quarter 1.312 (>= 0.500)
  ok    P8 Balance on Twin/Two Line — not bit-identical 0 % vs 100 % output differs
  ok    P8 Balance on Twin/Two Line — alive and monotonic  -5.444 -> 14.577, smallest quarter 3.157 (>= 0.500)
  ok    P8 Balance on Twin/Four Line — not bit-identical 0 % vs 100 % output differs
  ok    P8 Balance on Twin/Four Line — alive and monotonic -5.384 -> 14.576, smallest quarter 3.155 (>= 0.500)
  ok    P8 Balance on Twin/Mode Two — not bit-identical 0 % vs 100 % output differs
  ok    P8 Balance on Twin/Mode Two — alive and monotonic  -5.325 -> 14.873, smallest quarter 3.142 (>= 0.500)
  ok    P8 Balance on Twin/Mode Three — not bit-identical 0 % vs 100 % output differs
  ok    P8 Balance on Twin/Mode Three — alive and monotonic -5.485 -> 14.218, smallest quarter 3.161 (>= 0.500)
  ok    P8 Balance on Twin/No Compander — not bit-identical 0 % vs 100 % output differs
  ok    P8 Balance on Twin/No Compander — alive and monotonic -4.577 -> 14.793, smallest quarter 4.422 (>= 0.500)
  ok    P8 Balance on Twin/Dark BBD — not bit-identical 0 % vs 100 % output differs
  ok    P8 Balance on Twin/Dark BBD — alive and monotonic  -5.398 -> 14.569, smallest quarter 3.156 (>= 0.500)
  ok    P8 Balance on Twin/Tremble — not bit-identical 0 % vs 100 % output differs
  ok    P8 Balance on Twin/Tremble — alive and monotonic   -5.363 -> 14.124, smallest quarter 3.154 (>= 0.500)
  ok    P8 Balance on Twin/Hex — not bit-identical 0 % vs 100 % output differs
  ok    P8 Balance on Twin/Hex — alive and monotonic       -4.724 -> 27.221, smallest quarter 3.197 (>= 0.500)
  ok    P8 Balance on Steady/Satin — not bit-identical 0 % vs 100 % output differs
  ok    P8 Balance on Steady/Satin — alive and monotonic   -32.090 -> -2.060, smallest quarter 1.693 (>= 0.500)
  ok    P8 Balance on Steady/Jab — not bit-identical 0 % vs 100 % output differs
  ok    P8 Balance on Steady/Jab — alive and monotonic     -32.210 -> -1.415, smallest quarter 1.965 (>= 0.500)
  ok    P8 Balance on Steady/Quaver — not bit-identical 0 % vs 100 % output differs
  ok    P8 Balance on Steady/Quaver — alive and monotonic  -7.876 -> -1.656, smallest quarter 1.088 (>= 0.500)
  ok    P8 Balance on Steady/Fifth Up — not bit-identical 0 % vs 100 % output differs
  ok    P8 Balance on Steady/Fifth Up — alive and monotonic -35.397 -> -3.906, smallest quarter 2.226 (>= 0.500)
  ok    P8 Balance on Steady/Octave Down — not bit-identical 0 % vs 100 % output differs
  ok    P8 Balance on Steady/Octave Down — alive and monotonic -31.915 -> -1.555, smallest quarter 1.839 (>= 0.500)
  ok    P8 Balance on Steady/Wide Slap — not bit-identical 0 % vs 100 % output differs
  ok    P8 Balance on Steady/Wide Slap — alive and monotonic -31.881 -> -1.571, smallest quarter 1.805 (>= 0.500)
  ok    P8 Balance on Steady/Gritty — not bit-identical 0 % vs 100 % output differs
  ok    P8 Balance on Steady/Gritty — alive and monotonic  -31.640 -> -1.013, smallest quarter 2.008 (>= 0.500)
  ok    P8 Balance on Steady/Octave Pair — not bit-identical 0 % vs 100 % output differs
  ok    P8 Balance on Steady/Octave Pair — alive and monotonic -35.196 -> -3.743, smallest quarter 2.213 (>= 0.500)
  ok    P8 Balance on Twofold/Lilt — not bit-identical 0 % vs 100 % output differs
  ok    P8 Balance on Twofold/Lilt — alive and monotonic   -36.312 -> -4.289, smallest quarter 2.896 (>= 0.500)
  ok    P8 Balance on Twofold/Wide Room — not bit-identical 0 % vs 100 % output differs
  ok    P8 Balance on Twofold/Wide Room — alive and monotonic -40.131 -> -12.276, smallest quarter 1.143 (>= 0.500)
  ok    P8 Balance on Twofold/Tape ADT — not bit-identical 0 % vs 100 % output differs
  ok    P8 Balance on Twofold/Tape ADT — alive and monotonic -40.837 -> -12.877, smallest quarter 2.710 (>= 0.500)
  ok    P8 Balance on Twofold/Tight Inst — not bit-identical 0 % vs 100 % output differs
  ok    P8 Balance on Twofold/Tight Inst — alive and monotonic -35.436 -> -1.985, smallest quarter 3.280 (>= 0.500)
  ok    P8 Balance on Twofold/Loose Crowd — not bit-identical 0 % vs 100 % output differs
  ok    P8 Balance on Twofold/Loose Crowd — alive and monotonic -35.933 -> -3.445, smallest quarter 2.608 (>= 0.500)
  ok    P8 Balance on Twofold/Static Pair — not bit-identical 0 % vs 100 % output differs
  ok    P8 Balance on Twofold/Static Pair — alive and monotonic -38.471 -> -3.196, smallest quarter 4.167 (>= 0.500)
  ok    P8 Balance on Twofold/Slapback — not bit-identical 0 % vs 100 % output differs
  ok    P8 Balance on Twofold/Slapback — alive and monotonic -36.277 -> -4.289, smallest quarter 1.998 (>= 0.500)
  ok    P8 Balance on Twofold/Seasick — not bit-identical 0 % vs 100 % output differs
  ok    P8 Balance on Twofold/Seasick — alive and monotonic -35.995 -> -3.163, smallest quarter 2.965 (>= 0.500)
  ok    P8 Balance on Blur/Smooth Six — not bit-identical 0 % vs 100 % output differs
  ok    P8 Balance on Blur/Smooth Six — alive and monotonic -4.950 -> 9.144, smallest quarter 1.272 (>= 0.500)
  ok    P8 Balance on Blur/Deep Twelve — not bit-identical 0 % vs 100 % output differs
  ok    P8 Balance on Blur/Deep Twelve — alive and monotonic -6.504 -> 3.698, smallest quarter 0.987 (>= 0.500)
  ok    P8 Balance on Blur/Plush — not bit-identical 0 % vs 100 % output differs
  ok    P8 Balance on Blur/Plush — alive and monotonic     -4.818 -> 13.986, smallest quarter 4.233 (>= 0.500)
  ok    P8 Balance on Blur/Low Anchor — not bit-identical 0 % vs 100 % output differs
  ok    P8 Balance on Blur/Low Anchor — alive and monotonic -6.980 -> 2.720, smallest quarter 1.011 (>= 0.500)
  ok    P8 Balance on Blur/Top Only — not bit-identical 0 % vs 100 % output differs
         Blur  /Top Only        -9.456   -5.970   -4.325   -4.133   -4.850   span    4.605  min step   0.191 (>= 0.500)  [NOT MONOTONIC]  [PLATEAU]
  FAIL  P8 Balance on Blur/Top Only — alive and monotonic  -9.456 -> -4.850, smallest quarter 0.191 (>= 0.500)
  ok    P8 Balance on Blur/Seed B — not bit-identical 0 % vs 100 % output differs
  ok    P8 Balance on Blur/Seed B — alive and monotonic    -5.767 -> 6.570, smallest quarter 1.591 (>= 0.500)
  ok    P8 Balance on Blur/Seed C — not bit-identical 0 % vs 100 % output differs
  ok    P8 Balance on Blur/Seed C — alive and monotonic    -5.196 -> 12.279, smallest quarter 4.125 (>= 0.500)
  ok    P8 Balance on Blur/Opposed — not bit-identical 0 % vs 100 % output differs
  ok    P8 Balance on Blur/Opposed — alive and monotonic   -9.813 -> -0.058, smallest quarter 2.131 (>= 0.500)
  ok    P8 Balance on Bands/Coarse — not bit-identical 0 % vs 100 % output differs
  ok    P8 Balance on Bands/Coarse — alive and monotonic   -15.059 -> 1.686, smallest quarter 3.400 (>= 0.500)
  ok    P8 Balance on Bands/Fine — not bit-identical 0 % vs 100 % output differs
  ok    P8 Balance on Bands/Fine — alive and monotonic     -15.814 -> 0.977, smallest quarter 3.406 (>= 0.500)
  ok    P8 Balance on Bands/Tilted — not bit-identical 0 % vs 100 % output differs
  ok    P8 Balance on Bands/Tilted — alive and monotonic   -13.269 -> 3.405, smallest quarter 3.391 (>= 0.500)
  ok    P8 Balance on Bands/Rotor Slow — not bit-identical 0 % vs 100 % output differs
  ok    P8 Balance on Bands/Rotor Slow — alive and monotonic -12.417 -> 4.257, smallest quarter 3.391 (>= 0.500)
  ok    P8 Balance on Bands/Rotor Fast — not bit-identical 0 % vs 100 % output differs
  ok    P8 Balance on Bands/Rotor Fast — alive and monotonic -13.297 -> 3.377, smallest quarter 3.391 (>= 0.500)
  ok    P8 Balance on Bands/Guard — not bit-identical 0 % vs 100 % output differs
  ok    P8 Balance on Bands/Guard — alive and monotonic    -16.324 -> -4.597, smallest quarter 2.638 (>= 0.500)
  ok    P8 Balance on Bands/Deep Grid — not bit-identical 0 % vs 100 % output differs
  ok    P8 Balance on Bands/Deep Grid — alive and monotonic -21.682 -> -5.007, smallest quarter 3.391 (>= 0.500)
  ok    P8 Balance on Bands/Hard Split — not bit-identical 0 % vs 100 % output differs
  ok    P8 Balance on Bands/Hard Split — alive and monotonic -13.541 -> 3.907, smallest quarter 3.486 (>= 0.500)
  ok    NO CELL IS BIT-IDENTICALLY DEAD (576 knob x Type x Character cells, NO exemptions) 0 bit-identical cells out of 576 — and this gate has no roster to hide in
  ok    the KNOWN-INERT roster is the NONE sentinel — exactly 1 entry, 0 real cells 1 entry (the sentinel), 0 of 576 cells exempted
  ok    ...and every declared-inert cell REALLY IS inert (no stale declaration) 0 stale declarations
  FAIL  ALL 576 KNOB x TYPE x CHARACTER CELLS ARE ALIVE (fb424 measured 72 of them) 53 dead cells; tightest Detune on Twofold/Tape ADT at 0.000 per quarter

[R — THE R11 CEILING GATE, RE-DERIVED ON THE IDENTITY CONTROL]
      🔴 fb422. fb421 measured R11 on `Width`, and `Width` is an EQUAL-POWER M/S
      ROTATION: at 1.0 theta = pi/2, so mid is multiplied by cos(pi/2) = 0 BY
      CONSTRUCTION. corr = -1.000 and a -130 dB mono fold are the arithmetic
      consequence of zeroing mid on ANY stereo signal — they cannot read anything
      else. A skeptic replaced the ENTIRE widening machine with a fixed 12 ms Haas
      delay and all six of those gates stayed green WITH BETTER NUMBERS, identical
      to three decimals on all six Types.
      R11 is now measured on the IDENTITY control — `Amount` at 100 % on every
      Type, and `Feedback`+`Voices` at 100 % together — with WIDTH PINNED AT 0.5,
      which is EXACTLY unity, so the rotation contributes nothing at all.

      A · Amount 100 % (Width 0.5 = unity, Mix 1.0). Control column = the SAME
          engine at Amount 0, so the ceiling is read against its own floor.
      🔴 fb425 — ON EVERY CHARACTER TOO, not just Character 0. A Character re-wires
          the mechanism (centsMul, stage count, band count, cross-mix), so a ceiling
          proved on one column of eight says nothing about the other seven. 48 cells.
        Throng   detune spread, cents    bar   60.00 — 60 cents is a QUARTER TONE: past thickening, into audibly out of tune
          JP Classic       106.546   control     1.691
  ok    Throng/JP Classic — Amount 100 % is past useful (R11) 106.55 vs control 1.69 (bar 60.00)
          Even Fan          84.950   control     1.691
  ok    Throng/Even Fan — Amount 100 % is past useful (R11) 84.95 vs control 1.69 (bar 60.00)
          Analog Drift      84.950   control     5.907
  ok    Throng/Analog Drift — Amount 100 % is past useful (R11) 84.95 vs control 5.91 (bar 60.00)
          Tight Fan        111.309   control     1.691
  ok    Throng/Tight Fan — Amount 100 % is past useful (R11) 111.31 vs control 1.69 (bar 60.00)
          Wide Fan         104.160   control     1.691
  ok    Throng/Wide Fan — Amount 100 % is past useful (R11) 104.16 vs control 1.69 (bar 60.00)
          Octave Bloom      38.455   control     1.691   <<< FAILS
  FAIL  Throng/Octave Bloom — Amount 100 % is past useful (R11) 38.45 vs control 1.69 (bar 60.00)
          Sub Anchor       106.546   control     1.691
  ok    Throng/Sub Anchor — Amount 100 % is past useful (R11) 106.55 vs control 1.69 (bar 60.00)
          Three Phase      700.264   control     1.691
  ok    Throng/Three Phase — Amount 100 % is past useful (R11) 700.26 vs control 1.69 (bar 60.00)
        Twin     detune spread, cents    bar   60.00 — same bar — this is the Type Max named, and fb421 gave it 28 cents
          Two Line         163.906   control     1.691
  ok    Twin/Two Line — Amount 100 % is past useful (R11)  163.91 vs control 1.69 (bar 60.00)
          Four Line        180.714   control     1.691
  ok    Twin/Four Line — Amount 100 % is past useful (R11) 180.71 vs control 1.69 (bar 60.00)
          Mode Two         180.714   control     1.691
  ok    Twin/Mode Two — Amount 100 % is past useful (R11)  180.71 vs control 1.69 (bar 60.00)
          Mode Three       399.466   control     1.691
  ok    Twin/Mode Three — Amount 100 % is past useful (R11) 399.47 vs control 1.69 (bar 60.00)
          No Compander     180.714   control     1.691
  ok    Twin/No Compander — Amount 100 % is past useful (R11) 180.71 vs control 1.69 (bar 60.00)
          Dark BBD         180.714   control     1.691
  ok    Twin/Dark BBD — Amount 100 % is past useful (R11)  180.71 vs control 1.69 (bar 60.00)
          Tremble          729.219   control     1.691
  ok    Twin/Tremble — Amount 100 % is past useful (R11)   729.22 vs control 1.69 (bar 60.00)
          Hex              180.714   control     1.691
  ok    Twin/Hex — Amount 100 % is past useful (R11)       180.71 vs control 1.69 (bar 60.00)
        Steady   detune spread, cents    bar   60.00 — same bar, static shift
          Satin            144.285   control     1.691
  ok    Steady/Satin — Amount 100 % is past useful (R11)   144.29 vs control 1.69 (bar 60.00)
          Jab              141.951   control     1.691
  ok    Steady/Jab — Amount 100 % is past useful (R11)     141.95 vs control 1.69 (bar 60.00)
          Quaver           144.285   control    21.005
  ok    Steady/Quaver — Amount 100 % is past useful (R11)  144.29 vs control 21.01 (bar 60.00)
          Fifth Up         104.160   control     3.378
  ok    Steady/Fifth Up — Amount 100 % is past useful (R11) 104.16 vs control 3.38 (bar 60.00)
          Octave Down       89.773   control     1.691
  ok    Steady/Octave Down — Amount 100 % is past useful (R11) 89.77 vs control 1.69 (bar 60.00)
          Wide Slap        144.285   control     1.691
  ok    Steady/Wide Slap — Amount 100 % is past useful (R11) 144.29 vs control 1.69 (bar 60.00)
          Gritty           148.946   control     1.691
  ok    Steady/Gritty — Amount 100 % is past useful (R11)  148.95 vs control 1.69 (bar 60.00)
          Octave Pair      104.160   control     1.691
  ok    Steady/Octave Pair — Amount 100 % is past useful (R11) 104.16 vs control 1.69 (bar 60.00)
        Twofold  detune spread, cents    bar   45.00 — a WALK spends most of its life near zero; 45 is the same knob's worth
          Lilt              55.837   control     1.691
  ok    Twofold/Lilt — Amount 100 % is past useful (R11)   55.84 vs control 1.69 (bar 45.00)
          Wide Room         14.431   control     1.691   <<< FAILS
  FAIL  Twofold/Wide Room — Amount 100 % is past useful (R11) 14.43 vs control 1.69 (bar 45.00)
          Tape ADT          10.955   control     1.691   <<< FAILS
  FAIL  Twofold/Tape ADT — Amount 100 % is past useful (R11) 10.95 vs control 1.69 (bar 45.00)
          Tight Inst        71.624   control     1.691
  ok    Twofold/Tight Inst — Amount 100 % is past useful (R11) 71.62 vs control 1.69 (bar 45.00)
          Loose Crowd      103.635   control     1.691
  ok    Twofold/Loose Crowd — Amount 100 % is past useful (R11) 103.64 vs control 1.69 (bar 45.00)
          Static Pair      118.428   control     1.691
  ok    Twofold/Static Pair — Amount 100 % is past useful (R11) 118.43 vs control 1.69 (bar 45.00)
          Slapback          55.837   control     1.691
  ok    Twofold/Slapback — Amount 100 % is past useful (R11) 55.84 vs control 1.69 (bar 45.00)
          Seasick          190.332   control     1.691
  ok    Twofold/Seasick — Amount 100 % is past useful (R11) 190.33 vs control 1.69 (bar 45.00)
        Blur     stereo correlation      bar   -0.25 — a phase-only decorrelator bottoms out AT zero; below it needs real divergence
          Smooth Six        -0.867   control     1.000
  ok    Blur/Smooth Six — Amount 100 % is past useful (R11) -0.87 vs control 1.00 (bar -0.25)
          Deep Twelve        0.442   control     1.000   <<< FAILS
  FAIL  Blur/Deep Twelve — Amount 100 % is past useful (R11) 0.44 vs control 1.00 (bar -0.25)
          Plush             -0.840   control     1.000
  ok    Blur/Plush — Amount 100 % is past useful (R11)     -0.84 vs control 1.00 (bar -0.25)
          Low Anchor        -0.575   control     1.000
  ok    Blur/Low Anchor — Amount 100 % is past useful (R11) -0.57 vs control 1.00 (bar -0.25)
          Top Only           0.293   control     1.000   <<< FAILS
  FAIL  Blur/Top Only — Amount 100 % is past useful (R11)  0.29 vs control 1.00 (bar -0.25)
          Seed B            -0.838   control     1.000
  ok    Blur/Seed B — Amount 100 % is past useful (R11)    -0.84 vs control 1.00 (bar -0.25)
          Seed C            -0.836   control     1.000
  ok    Blur/Seed C — Amount 100 % is past useful (R11)    -0.84 vs control 1.00 (bar -0.25)
          Opposed            0.198   control     0.105   <<< FAILS
  FAIL  Blur/Opposed — Amount 100 % is past useful (R11)   0.20 vs control 0.10 (bar -0.25)
        Bands    stereo correlation      bar   -0.15 — complementary bands can only anti-correlate by over-driving past g = 1
          Coarse            -0.439   control     1.000
  ok    Bands/Coarse — Amount 100 % is past useful (R11)   -0.44 vs control 1.00 (bar -0.15)
          Fine              -0.364   control     1.000
  ok    Bands/Fine — Amount 100 % is past useful (R11)     -0.36 vs control 1.00 (bar -0.15)
          Tilted            -0.574   control     1.000
  ok    Bands/Tilted — Amount 100 % is past useful (R11)   -0.57 vs control 1.00 (bar -0.15)
          Rotor Slow        -0.583   control     1.000
  ok    Bands/Rotor Slow — Amount 100 % is past useful (R11) -0.58 vs control 1.00 (bar -0.15)
          Rotor Fast        -0.555   control     1.000
  ok    Bands/Rotor Fast — Amount 100 % is past useful (R11) -0.56 vs control 1.00 (bar -0.15)
          Guard              0.258   control     1.000   <<< FAILS
  FAIL  Bands/Guard — Amount 100 % is past useful (R11)    0.26 vs control 1.00 (bar -0.15)
          Deep Grid          0.266   control     1.000   <<< FAILS
  FAIL  Bands/Deep Grid — Amount 100 % is past useful (R11) 0.27 vs control 1.00 (bar -0.15)
          Hard Split        -0.552   control     1.000
  ok    Bands/Hard Split — Amount 100 % is past useful (R11) -0.55 vs control 1.00 (bar -0.15)
  FAIL  THE R11 CEILING HOLDS ON ALL 48 TYPE x CHARACTER CELLS (fb424 proved 6) 8 cells below the bar; tightest margin Twofold/Tape ADT at -34.05

      B · THE ANTI-HAAS CLAUSE. The refutation's signature was that all six R11
          numbers came out IDENTICAL TO THREE DECIMALS, because they were reading a
          trigonometric identity rather than six different machines. A ceiling gate
          that cannot tell the Types apart is not measuring the device, so this one
          asserts that it can: the four pitch Types must differ by >= 15 % of the
          largest, and the two phase Types must differ from them by construction
          (carrier mass 1.000 vs << 1).
          measured: Throng 106.5 · Twin 163.9 · Steady 144.3 · Twofold 55.8 cents  ->  spread 65.9 %
  ok    R11 can tell the six Types apart (it is not reading an identity) pitch-Type spread 65.9 % of the largest

      C · `Feedback` and `Voices` at 100 % TOGETHER, on broadband noise, measured
          over the last 2 s of a 6 s probe so the loop has converged. The floor is
          +3.0 dB of sustained density over Feedback 0 — three times the level JND
          for a sustained texture, i.e. not arguable.
          🔴 fb425 — 48 cells, not 6.
        Throng    -27.27 ->  -10.56 dB   (+16.71)
  ok    Throng/JP Classic — Feedback+Voices 100 % is a wall (>= +3 dB) -27.27 -> -10.56 dB (+16.71)
  ok    Throng/Even Fan — Feedback+Voices 100 % is a wall (>= +3 dB) -27.27 -> -7.09 dB (+20.18)
  ok    Throng/Analog Drift — Feedback+Voices 100 % is a wall (>= +3 dB) -26.81 -> -6.00 dB (+20.81)
  ok    Throng/Tight Fan — Feedback+Voices 100 % is a wall (>= +3 dB) -27.25 -> -6.85 dB (+20.40)
  ok    Throng/Wide Fan — Feedback+Voices 100 % is a wall (>= +3 dB) -27.87 -> -12.09 dB (+15.78)
  ok    Throng/Octave Bloom — Feedback+Voices 100 % is a wall (>= +3 dB) -27.84 -> -10.09 dB (+17.75)
  ok    Throng/Sub Anchor — Feedback+Voices 100 % is a wall (>= +3 dB) -27.33 -> -10.51 dB (+16.81)
  ok    Throng/Three Phase — Feedback+Voices 100 % is a wall (>= +3 dB) -27.48 -> -10.18 dB (+17.29)
        Twin      -30.40 ->  -27.19 dB   (+3.21)
  ok    Twin/Two Line — Feedback+Voices 100 % is a wall (>= +3 dB) -30.40 -> -27.19 dB (+3.21)
  ok    Twin/Four Line — Feedback+Voices 100 % is a wall (>= +3 dB) -31.32 -> -28.11 dB (+3.21)
  FAIL  Twin/Mode Two — Feedback+Voices 100 % is a wall (>= +3 dB) -30.40 -> -28.35 dB (+2.05)
  FAIL  Twin/Mode Three — Feedback+Voices 100 % is a wall (>= +3 dB) -30.40 -> -28.25 dB (+2.15)
  ok    Twin/No Compander — Feedback+Voices 100 % is a wall (>= +3 dB) -25.46 -> -20.77 dB (+4.69)
  ok    Twin/Dark BBD — Feedback+Voices 100 % is a wall (>= +3 dB) -31.66 -> -27.42 dB (+4.24)
  FAIL  Twin/Tremble — Feedback+Voices 100 % is a wall (>= +3 dB) -30.36 -> -28.08 dB (+2.28)
  ok    Twin/Hex — Feedback+Voices 100 % is a wall (>= +3 dB) -27.49 -> -22.99 dB (+4.50)
        Steady    -28.48 ->  -25.59 dB   (+2.89)
  FAIL  Steady/Satin — Feedback+Voices 100 % is a wall (>= +3 dB) -28.48 -> -25.59 dB (+2.89)
  FAIL  Steady/Jab — Feedback+Voices 100 % is a wall (>= +3 dB) -28.45 -> -25.66 dB (+2.78)
  ok    Steady/Quaver — Feedback+Voices 100 % is a wall (>= +3 dB) -28.20 -> -23.66 dB (+4.55)
  ok    Steady/Fifth Up — Feedback+Voices 100 % is a wall (>= +3 dB) -28.79 -> -25.37 dB (+3.42)
  ok    Steady/Octave Down — Feedback+Voices 100 % is a wall (>= +3 dB) -28.53 -> -15.12 dB (+13.41)
  FAIL  Steady/Wide Slap — Feedback+Voices 100 % is a wall (>= +3 dB) -28.72 -> -26.27 dB (+2.45)
  ok    Steady/Gritty — Feedback+Voices 100 % is a wall (>= +3 dB) -29.19 -> -15.11 dB (+14.08)
  ok    Steady/Octave Pair — Feedback+Voices 100 % is a wall (>= +3 dB) -28.87 -> -25.47 dB (+3.40)
        Twofold   -29.84 ->  -27.81 dB   (+2.03)
  FAIL  Twofold/Lilt — Feedback+Voices 100 % is a wall (>= +3 dB) -29.84 -> -27.81 dB (+2.03)
  ok    Twofold/Wide Room — Feedback+Voices 100 % is a wall (>= +3 dB) -30.14 -> -26.02 dB (+4.11)
  ok    Twofold/Tape ADT — Feedback+Voices 100 % is a wall (>= +3 dB) -28.57 -> -20.65 dB (+7.92)
  ok    Twofold/Tight Inst — Feedback+Voices 100 % is a wall (>= +3 dB) -29.82 -> -24.14 dB (+5.68)
  FAIL  Twofold/Loose Crowd — Feedback+Voices 100 % is a wall (>= +3 dB) -30.06 -> -28.18 dB (+1.88)
  FAIL  Twofold/Static Pair — Feedback+Voices 100 % is a wall (>= +3 dB) -30.97 -> -29.47 dB (+1.50)
  FAIL  Twofold/Slapback — Feedback+Voices 100 % is a wall (>= +3 dB) -29.93 -> -27.92 dB (+2.01)
  FAIL  Twofold/Seasick — Feedback+Voices 100 % is a wall (>= +3 dB) -30.21 -> -28.40 dB (+1.81)
        Blur      -25.96 ->   -7.01 dB   (+18.95)
  ok    Blur/Smooth Six — Feedback+Voices 100 % is a wall (>= +3 dB) -25.96 -> -7.01 dB (+18.95)
  ok    Blur/Deep Twelve — Feedback+Voices 100 % is a wall (>= +3 dB) -25.96 -> -6.66 dB (+19.31)
  ok    Blur/Plush — Feedback+Voices 100 % is a wall (>= +3 dB) -26.11 -> -6.74 dB (+19.37)
  ok    Blur/Low Anchor — Feedback+Voices 100 % is a wall (>= +3 dB) -26.02 -> -7.02 dB (+19.00)
  ok    Blur/Top Only — Feedback+Voices 100 % is a wall (>= +3 dB) -26.01 -> -6.61 dB (+19.40)
  ok    Blur/Seed B — Feedback+Voices 100 % is a wall (>= +3 dB) -26.02 -> -6.89 dB (+19.14)
  ok    Blur/Seed C — Feedback+Voices 100 % is a wall (>= +3 dB) -25.88 -> -6.96 dB (+18.92)
  ok    Blur/Opposed — Feedback+Voices 100 % is a wall (>= +3 dB) -26.02 -> -6.77 dB (+19.25)
        Bands     -34.47 ->   -8.11 dB   (+26.36)
  ok    Bands/Coarse — Feedback+Voices 100 % is a wall (>= +3 dB) -34.47 -> -8.11 dB (+26.36)
  ok    Bands/Fine — Feedback+Voices 100 % is a wall (>= +3 dB) -34.46 -> -8.12 dB (+26.35)
  ok    Bands/Tilted — Feedback+Voices 100 % is a wall (>= +3 dB) -38.87 -> -8.17 dB (+30.70)
  ok    Bands/Rotor Slow — Feedback+Voices 100 % is a wall (>= +3 dB) -34.63 -> -8.13 dB (+26.50)
  ok    Bands/Rotor Fast — Feedback+Voices 100 % is a wall (>= +3 dB) -34.50 -> -8.12 dB (+26.38)
  ok    Bands/Guard — Feedback+Voices 100 % is a wall (>= +3 dB) -30.11 -> -8.10 dB (+22.01)
  ok    Bands/Deep Grid — Feedback+Voices 100 % is a wall (>= +3 dB) -34.73 -> -8.08 dB (+26.65)
  ok    Bands/Hard Split — Feedback+Voices 100 % is a wall (>= +3 dB) -35.41 -> -8.47 dB (+26.94)
  FAIL  the Feedback WALL holds on all 48 cells              11 cells under +3 dB; weakest Twofold/Static Pair at +1.50 dB
  ok    the bloom differs BY TYPE (a shared machine would bloom identically) 0 Type pairs within 0.25 dB of each other

      D · `Width` 100 % — REPORTED, NOT GATED AS R11. It is an identity: mid is
          multiplied by cos(pi/2). The only thing worth gating here is that the
          output does not simply VANISH, i.e. the side really is being boosted.
        Throng   corr -1.000 · mono fold  -139.06 dB · level vs Width 50 %  +0.55 dB
  ok    Throng — Width 100 % boosts side, it does not mute level +0.6 dB · fold -139.1 dB
        Twin     corr -1.000 · mono fold  -144.19 dB · level vs Width 50 %  +2.84 dB
  ok    Twin — Width 100 % boosts side, it does not mute   level +2.8 dB · fold -144.2 dB
        Steady   corr -1.000 · mono fold  -138.20 dB · level vs Width 50 %  -0.08 dB
  ok    Steady — Width 100 % boosts side, it does not mute level -0.1 dB · fold -138.2 dB
        Twofold  corr -1.000 · mono fold  -135.58 dB · level vs Width 50 %  -1.69 dB
  ok    Twofold — Width 100 % boosts side, it does not mute level -1.7 dB · fold -135.6 dB
        Blur     corr -1.000 · mono fold  -143.39 dB · level vs Width 50 %  +2.96 dB
  ok    Blur — Width 100 % boosts side, it does not mute   level +3.0 dB · fold -143.4 dB
        Bands    corr -1.000 · mono fold  -134.18 dB · level vs Width 50 %  -0.43 dB
  ok    Bands — Width 100 % boosts side, it does not mute  level -0.4 dB · fold -134.2 dB

[G — EVERY CHARACTER CHANGES PHYSICS (48 cells, vs its Type's default)]
      Throng Even Fan 5.40  Analog Drift 5.66  Tight Fan 1.79  Wide Fan 2.25  Octave Bloom 10.06  Sub Anchor 1.50  Three Phase 46.54  
      Twin   Four Line 2.16  Mode Two 3.17  Mode Three 20.21  No Compander 8.68  Dark BBD 3.13  Tremble 30.07  Hex 5.95  
      Steady Jab 2.98  Quaver 4.04  Fifth Up 8.21  Octave Down 4.51  Wide Slap 3.19  Gritty 4.86  Octave Pair 8.59  
      Twofold Wide Room 14.77  Tape ADT 23.98  Tight Inst 18.36  Loose Crowd 15.94  Static Pair 19.16  Slapback 2.24  Seasick 25.01  
      Blur   Deep Twelve 5.89  Plush 1.13  Low Anchor 3.62  Top Only 6.07  Seed B 6.10  Seed C 5.62  Opposed 5.68  
      Bands  Fine 0.58  Tilted 2.67  Rotor Slow 1.27  Rotor Fast 1.33  Guard 2.12  Deep Grid 4.80  Hard Split 1.37  
  ok    every Character is measurably different from its Type's default 0 weak cells; weakest Bands/Fine at 0.58

[V — THE `Field` DROPDOWN IS PHYSICS: 15 pairs x 48 cells, all distinct]
      🔴 fb425. CONTRACT R6 requires BOTH back dropdowns to change PHYSICS.
      `Character` had §G — 48 measured cells. `Field` had a naming assertion, a
      per-option mono tag check and a click test, and NOTHING that measured the six
      options against EACH OTHER. A skeptic deleted two of the six and this cert did
      not move a single line.
      ⚠️ AND THIS GATE DOES NOT USE THE DROPDOWN AS A TOOL. §H and §F's Mix rows use
      `Side Only` as a PROBE (its wet mono-sums to exactly zero by construction), so
      those DO go red if that one option is gutted — but only that one, and only
      because it is load-bearing scaffolding. Nothing below uses a Field for anything
      except as the thing under test.

      THE METRIC. A Field is a 2x2 MATRIX on the finished wet, so the fingerprint has
      to be CHANNEL-ORDERED or `Swap` and `Straight` are identical BY CONSTRUCTION:
      a mono-summed, correlation-only or side/mid metric cannot tell a channel
      exchange from no exchange at all. 30 log bands of L AND 30 of R, level-
      normalised (so this is a magnitude-spectrum distance and law 6 holds), plus
      correlation, side/mid, and the stereo field's own TRAJECTORY (rms + zero-
      crossing rate) because `Orbit` is a rotation in TIME and is magnitude-flat.
      THE BAR IS AN ANCHOR, NOT A NUMBER I CHOSE (fb417): every pair must differ by
      at least a FIFTH of what ONE QUARTER-TURN OF `Width` does through the same
      metric on the same cell — `Width` being the one stereo control nobody argues
      about. The same fifth §F holds `Rate` and `Roam` to.

      Throng   Width-quarter anchor   69.82 · bar  13.96 · closest pair Straight vs Alternate      27.67
  ok    Field: all 15 pairs distinct on Throng/JP Classic    closest 27.67 (bar 13.96 = 0.20 x Width-quarter 69.82) — Straight vs Alternate
  ok    Field: all 15 pairs distinct on Throng/Even Fan      closest 27.38 (bar 13.01 = 0.20 x Width-quarter 65.05) — Straight vs Alternate
  ok    Field: all 15 pairs distinct on Throng/Analog Drift  closest 37.44 (bar 13.06 = 0.20 x Width-quarter 65.28) — Straight vs Alternate
  ok    Field: all 15 pairs distinct on Throng/Tight Fan     closest 31.02 (bar 15.81 = 0.20 x Width-quarter 79.03) — Straight vs Alternate
  ok    Field: all 15 pairs distinct on Throng/Wide Fan      closest 27.68 (bar 13.82 = 0.20 x Width-quarter 69.12) — Straight vs Alternate
  ok    Field: all 15 pairs distinct on Throng/Octave Bloom  closest 38.32 (bar 13.82 = 0.20 x Width-quarter 69.11) — Straight vs Alternate
  ok    Field: all 15 pairs distinct on Throng/Sub Anchor    closest 20.05 (bar 14.29 = 0.20 x Width-quarter 71.43) — Straight vs Alternate
  ok    Field: all 15 pairs distinct on Throng/Three Phase   closest 28.20 (bar 14.90 = 0.20 x Width-quarter 74.49) — Straight vs Alternate
      Twin     Width-quarter anchor   30.91 · bar   6.18 · closest pair Straight vs Swap            8.00
  ok    Field: all 15 pairs distinct on Twin/Two Line        closest 8.00 (bar 6.18 = 0.20 x Width-quarter 30.91) — Straight vs Swap
  ok    Field: all 15 pairs distinct on Twin/Four Line       closest 9.35 (bar 6.06 = 0.20 x Width-quarter 30.31) — Straight vs Swap
  ok    Field: all 15 pairs distinct on Twin/Mode Two        closest 10.14 (bar 5.07 = 0.20 x Width-quarter 25.33) — Straight vs Swap
  ok    Field: all 15 pairs distinct on Twin/Mode Three      closest 9.35 (bar 5.50 = 0.20 x Width-quarter 27.52) — Straight vs Swap
  ok    Field: all 15 pairs distinct on Twin/No Compander    closest 5.87 (bar 4.88 = 0.20 x Width-quarter 24.39) — Straight vs Swap
  ok    Field: all 15 pairs distinct on Twin/Dark BBD        closest 9.19 (bar 7.96 = 0.20 x Width-quarter 39.79) — Straight vs Swap
  ok    Field: all 15 pairs distinct on Twin/Tremble         closest 10.19 (bar 5.72 = 0.20 x Width-quarter 28.60) — Straight vs Swap
  ok    Field: all 15 pairs distinct on Twin/Hex             closest 3.86 (bar 3.67 = 0.20 x Width-quarter 18.36) — Straight vs Swap
      Steady   Width-quarter anchor   66.41 · bar  13.28 · closest pair Straight vs Alternate      22.96
  ok    Field: all 15 pairs distinct on Steady/Satin         closest 22.96 (bar 13.28 = 0.20 x Width-quarter 66.41) — Straight vs Alternate
  ok    Field: all 15 pairs distinct on Steady/Jab           closest 26.24 (bar 16.40 = 0.20 x Width-quarter 82.00) — Straight vs Alternate
  ok    Field: all 15 pairs distinct on Steady/Quaver        closest 67.05 (bar 15.04 = 0.20 x Width-quarter 75.22) — Straight vs Alternate
  ok    Field: all 15 pairs distinct on Steady/Fifth Up      closest 31.54 (bar 17.38 = 0.20 x Width-quarter 86.88) — Straight vs Alternate
  ok    Field: all 15 pairs distinct on Steady/Octave Down   closest 23.17 (bar 13.17 = 0.20 x Width-quarter 65.86) — Straight vs Alternate
  ok    Field: all 15 pairs distinct on Steady/Wide Slap     closest 24.92 (bar 13.04 = 0.20 x Width-quarter 65.19) — Straight vs Alternate
  ok    Field: all 15 pairs distinct on Steady/Gritty        closest 40.39 (bar 17.48 = 0.20 x Width-quarter 87.41) — Straight vs Alternate
  ok    Field: all 15 pairs distinct on Steady/Octave Pair   closest 25.23 (bar 18.50 = 0.20 x Width-quarter 92.48) — Straight vs Alternate
      Twofold  Width-quarter anchor   78.85 · bar  15.77 · closest pair Alternate vs Swap          51.25
  ok    Field: all 15 pairs distinct on Twofold/Lilt         closest 51.25 (bar 15.77 = 0.20 x Width-quarter 78.85) — Alternate vs Swap
  ok    Field: all 15 pairs distinct on Twofold/Wide Room    closest 59.17 (bar 17.37 = 0.20 x Width-quarter 86.85) — Straight vs Alternate
  ok    Field: all 15 pairs distinct on Twofold/Tape ADT     closest 25.13 (bar 21.23 = 0.20 x Width-quarter 106.14) — Alternate vs Swap
  ok    Field: all 15 pairs distinct on Twofold/Tight Inst   closest 39.62 (bar 11.94 = 0.20 x Width-quarter 59.69) — Straight vs Swap
  ok    Field: all 15 pairs distinct on Twofold/Loose Crowd  closest 40.40 (bar 17.28 = 0.20 x Width-quarter 86.42) — Straight vs Alternate
  ok    Field: all 15 pairs distinct on Twofold/Static Pair  closest 39.75 (bar 15.14 = 0.20 x Width-quarter 75.71) — Straight vs Alternate
  ok    Field: all 15 pairs distinct on Twofold/Slapback     closest 49.31 (bar 15.09 = 0.20 x Width-quarter 75.46) — Alternate vs Swap
  ok    Field: all 15 pairs distinct on Twofold/Seasick      closest 45.63 (bar 13.02 = 0.20 x Width-quarter 65.11) — Alternate vs Swap
      Blur     Width-quarter anchor   50.16 · bar  10.03 · closest pair Straight vs Swap           37.86
  ok    Field: all 15 pairs distinct on Blur/Smooth Six      closest 37.86 (bar 10.03 = 0.20 x Width-quarter 50.16) — Straight vs Swap
  ok    Field: all 15 pairs distinct on Blur/Deep Twelve     closest 28.98 (bar 19.41 = 0.20 x Width-quarter 97.05) — Straight vs Swap
  ok    Field: all 15 pairs distinct on Blur/Plush           closest 28.46 (bar 8.36 = 0.20 x Width-quarter 41.82) — Straight vs Swap
  ok    Field: all 15 pairs distinct on Blur/Low Anchor      closest 34.69 (bar 22.19 = 0.20 x Width-quarter 110.95) — Straight vs Swap
  FAIL  Field: all 15 pairs distinct on Blur/Top Only        closest 24.25 (bar 27.48 = 0.20 x Width-quarter 137.40) — Straight vs Swap
  ok    Field: all 15 pairs distinct on Blur/Seed B          closest 44.95 (bar 14.00 = 0.20 x Width-quarter 69.98) — Straight vs Swap
  ok    Field: all 15 pairs distinct on Blur/Seed C          closest 37.63 (bar 11.15 = 0.20 x Width-quarter 55.77) — Straight vs Swap
  ok    Field: all 15 pairs distinct on Blur/Opposed         closest 32.54 (bar 18.37 = 0.20 x Width-quarter 91.87) — Straight vs Alternate
      Bands    Width-quarter anchor  149.07 · bar  29.81 · closest pair Straight vs Alternate      33.07
  ok    Field: all 15 pairs distinct on Bands/Coarse         closest 33.07 (bar 29.81 = 0.20 x Width-quarter 149.07) — Straight vs Alternate
  ok    Field: all 15 pairs distinct on Bands/Fine           closest 31.76 (bar 28.13 = 0.20 x Width-quarter 140.63) — Straight vs Alternate
  ok    Field: all 15 pairs distinct on Bands/Tilted         closest 109.14 (bar 37.29 = 0.20 x Width-quarter 186.47) — Straight vs Orbit
  ok    Field: all 15 pairs distinct on Bands/Rotor Slow     closest 44.19 (bar 31.88 = 0.20 x Width-quarter 159.38) — Straight vs Alternate
  ok    Field: all 15 pairs distinct on Bands/Rotor Fast     closest 41.99 (bar 32.54 = 0.20 x Width-quarter 162.68) — Straight vs Alternate
  ok    Field: all 15 pairs distinct on Bands/Guard          closest 31.07 (bar 26.45 = 0.20 x Width-quarter 132.25) — Straight vs Alternate
  ok    Field: all 15 pairs distinct on Bands/Deep Grid      closest 50.48 (bar 24.65 = 0.20 x Width-quarter 123.25) — Straight vs Alternate
  ok    Field: all 15 pairs distinct on Bands/Hard Split     closest 43.09 (bar 32.93 = 0.20 x Width-quarter 164.64) — Straight vs Alternate
  ok    NO two `Field` options are IDENTICAL anywhere in the 48-cell matrix 0 identical pairs over 15 pairs x 48 cells = 720 comparisons
  FAIL  every `Field` pair clears a FIFTH of a Width quarter-turn, on every cell 1 weak cells; closest anywhere Twin/Hex Straight vs Swap at 3.86
  ok    the Field roster is the 6 options the engine publishes (no silent shrink) Straight Alternate Orbit Swap Side Only Gather

[H — MIX 1.0 = FULLY WET, ZERO DRY (dry residual < -60 dB)]
      probe: Field `Side Only` forces wetL = +s, wetR = -s, so the WET's mono sum is
      EXACTLY zero. Whatever survives in (L+R)/2 is dry. Works for every Type,
      including the zero-delay ones where no pre-wet window exists.
      🔴 fb425 — 48 CELLS, NOT 6. Law 3 is a full-matrix gate now: at fb424 this
      ran on Character 0 of each Type and 42 of the 48 cells had never been measured.
  ok    Throng/JP Classic — dry residual at Mix 1.0        Mix 0.5 control -3.01 dB -> Mix 1.0 -142.33 dB
  ok    Throng/Even Fan — dry residual at Mix 1.0          Mix 0.5 control -3.01 dB -> Mix 1.0 -142.34 dB
  ok    Throng/Analog Drift — dry residual at Mix 1.0      Mix 0.5 control -3.01 dB -> Mix 1.0 -142.32 dB
  ok    Throng/Tight Fan — dry residual at Mix 1.0         Mix 0.5 control -3.01 dB -> Mix 1.0 -142.33 dB
  ok    Throng/Wide Fan — dry residual at Mix 1.0          Mix 0.5 control -3.01 dB -> Mix 1.0 -142.35 dB
  ok    Throng/Octave Bloom — dry residual at Mix 1.0      Mix 0.5 control -3.01 dB -> Mix 1.0 -142.38 dB
  ok    Throng/Sub Anchor — dry residual at Mix 1.0        Mix 0.5 control -3.01 dB -> Mix 1.0 -142.35 dB
  ok    Throng/Three Phase — dry residual at Mix 1.0       Mix 0.5 control -3.01 dB -> Mix 1.0 -142.35 dB
  ok    Twin/Two Line — dry residual at Mix 1.0            Mix 0.5 control -3.01 dB -> Mix 1.0 -142.08 dB
  ok    Twin/Four Line — dry residual at Mix 1.0           Mix 0.5 control -3.01 dB -> Mix 1.0 -142.16 dB
  ok    Twin/Mode Two — dry residual at Mix 1.0            Mix 0.5 control -3.01 dB -> Mix 1.0 -142.15 dB
  ok    Twin/Mode Three — dry residual at Mix 1.0          Mix 0.5 control -3.01 dB -> Mix 1.0 -142.13 dB
  ok    Twin/No Compander — dry residual at Mix 1.0        Mix 0.5 control -3.01 dB -> Mix 1.0 -142.01 dB
  ok    Twin/Dark BBD — dry residual at Mix 1.0            Mix 0.5 control -3.01 dB -> Mix 1.0 -142.08 dB
  ok    Twin/Tremble — dry residual at Mix 1.0             Mix 0.5 control -3.01 dB -> Mix 1.0 -142.15 dB
  ok    Twin/Hex — dry residual at Mix 1.0                 Mix 0.5 control -3.01 dB -> Mix 1.0 -141.94 dB
  ok    Steady/Satin — dry residual at Mix 1.0             Mix 0.5 control -3.01 dB -> Mix 1.0 -142.36 dB
  ok    Steady/Jab — dry residual at Mix 1.0               Mix 0.5 control -3.01 dB -> Mix 1.0 -142.39 dB
  ok    Steady/Quaver — dry residual at Mix 1.0            Mix 0.5 control -3.01 dB -> Mix 1.0 -142.29 dB
  ok    Steady/Fifth Up — dry residual at Mix 1.0          Mix 0.5 control -3.01 dB -> Mix 1.0 -142.40 dB
  ok    Steady/Octave Down — dry residual at Mix 1.0       Mix 0.5 control -3.01 dB -> Mix 1.0 -142.37 dB
  ok    Steady/Wide Slap — dry residual at Mix 1.0         Mix 0.5 control -3.01 dB -> Mix 1.0 -142.37 dB
  ok    Steady/Gritty — dry residual at Mix 1.0            Mix 0.5 control -3.01 dB -> Mix 1.0 -142.35 dB
  ok    Steady/Octave Pair — dry residual at Mix 1.0       Mix 0.5 control -3.01 dB -> Mix 1.0 -142.40 dB
  ok    Twofold/Lilt — dry residual at Mix 1.0             Mix 0.5 control -3.01 dB -> Mix 1.0 -142.41 dB
  ok    Twofold/Wide Room — dry residual at Mix 1.0        Mix 0.5 control -3.01 dB -> Mix 1.0 -142.43 dB
  ok    Twofold/Tape ADT — dry residual at Mix 1.0         Mix 0.5 control -3.01 dB -> Mix 1.0 -142.43 dB
  ok    Twofold/Tight Inst — dry residual at Mix 1.0       Mix 0.5 control -3.01 dB -> Mix 1.0 -142.39 dB
  ok    Twofold/Loose Crowd — dry residual at Mix 1.0      Mix 0.5 control -3.01 dB -> Mix 1.0 -142.39 dB
  ok    Twofold/Static Pair — dry residual at Mix 1.0      Mix 0.5 control -3.01 dB -> Mix 1.0 -142.40 dB
  ok    Twofold/Slapback — dry residual at Mix 1.0         Mix 0.5 control -3.01 dB -> Mix 1.0 -142.41 dB
  ok    Twofold/Seasick — dry residual at Mix 1.0          Mix 0.5 control -3.01 dB -> Mix 1.0 -142.40 dB
  ok    Blur/Smooth Six — dry residual at Mix 1.0          Mix 0.5 control -3.01 dB -> Mix 1.0 -142.15 dB
  ok    Blur/Deep Twelve — dry residual at Mix 1.0         Mix 0.5 control -3.01 dB -> Mix 1.0 -142.15 dB
  ok    Blur/Plush — dry residual at Mix 1.0               Mix 0.5 control -3.01 dB -> Mix 1.0 -142.11 dB
  ok    Blur/Low Anchor — dry residual at Mix 1.0          Mix 0.5 control -3.01 dB -> Mix 1.0 -142.27 dB
  ok    Blur/Top Only — dry residual at Mix 1.0            Mix 0.5 control -3.01 dB -> Mix 1.0 -142.35 dB
  ok    Blur/Seed B — dry residual at Mix 1.0              Mix 0.5 control -3.01 dB -> Mix 1.0 -142.22 dB
  ok    Blur/Seed C — dry residual at Mix 1.0              Mix 0.5 control -3.01 dB -> Mix 1.0 -142.11 dB
  ok    Blur/Opposed — dry residual at Mix 1.0             Mix 0.5 control -3.01 dB -> Mix 1.0 -142.22 dB
  ok    Bands/Coarse — dry residual at Mix 1.0             Mix 0.5 control -3.01 dB -> Mix 1.0 -142.40 dB
  ok    Bands/Fine — dry residual at Mix 1.0               Mix 0.5 control -3.01 dB -> Mix 1.0 -142.41 dB
  ok    Bands/Tilted — dry residual at Mix 1.0             Mix 0.5 control -3.01 dB -> Mix 1.0 -142.39 dB
  ok    Bands/Rotor Slow — dry residual at Mix 1.0         Mix 0.5 control -3.01 dB -> Mix 1.0 -142.38 dB
  ok    Bands/Rotor Fast — dry residual at Mix 1.0         Mix 0.5 control -3.01 dB -> Mix 1.0 -142.39 dB
  ok    Bands/Guard — dry residual at Mix 1.0              Mix 0.5 control -3.01 dB -> Mix 1.0 -142.40 dB
  ok    Bands/Deep Grid — dry residual at Mix 1.0          Mix 0.5 control -3.01 dB -> Mix 1.0 -142.44 dB
  ok    Bands/Hard Split — dry residual at Mix 1.0         Mix 0.5 control -3.01 dB -> Mix 1.0 -142.40 dB
  ok    ALL 48 TYPE x CHARACTER CELLS ARE FULLY WET AT MIX 1.0 0 leaking cells; loudest residual Twin/Hex at -141.94 dB

[I — NO CLICKS: every param swept under a held tone vs a STATIC control]
  ok    Detune sweep is click-free                           peak d2 2.78e-03 vs static control 2.59e-03 (x1.07)
  ok    Width sweep is click-free                            peak d2 2.50e-03 vs static control 2.59e-03 (x0.97)
  ok    Rate sweep is click-free                             peak d2 3.13e-03 vs static control 2.59e-03 (x1.21)
  ok    Mix sweep is click-free                              peak d2 3.09e-03 vs static control 2.59e-03 (x1.19)
  ok    P1 Voices sweep is click-free                        peak d2 2.63e-03 vs static control 2.59e-03 (x1.02)
  ok    P2 Spread sweep is click-free                        peak d2 2.62e-03 vs static control 2.59e-03 (x1.01)
  ok    P3 Offset sweep is click-free                        peak d2 2.63e-03 vs static control 2.59e-03 (x1.02)
  ok    P4 Roam sweep is click-free                          peak d2 3.15e-03 vs static control 2.59e-03 (x1.22)
  ok    P5 Low Keep sweep is click-free                      peak d2 2.33e-03 vs static control 2.59e-03 (x0.90)
  ok    P6 Tone sweep is click-free                          peak d2 3.46e-03 vs static control 2.59e-03 (x1.34)
  ok    P7 Feedback sweep is click-free                      peak d2 2.87e+00 vs static control 1.02e+01 (x0.28)
  ok    P8 Balance sweep is click-free                       peak d2 2.59e-03 vs static control 2.59e-03 (x1.00)
  ok    Type swap is click-free (dip -> swap+reset -> recover) relative d2 2.88e-02 = -33.8 dB of programme peak (static floor 2.41e-03)
  ok    Character swap is click-free                         relative d2 2.05e-02 = -36.8 dB of programme peak (static floor 2.41e-03)
  ok    Field swap is click-free                             relative d2 2.37e-02 = -35.5 dB of programme peak (static floor 2.41e-03)
  ok    Retrig pill is click-free (read-position slew cap)   relative d2 1.34e-02 = -40.5 dB of programme peak (static floor 2.41e-03)

[J — MONO FOLD-DOWN, per Type, per Field, and per tagged Character]
      GATE: at MIX 1.0 (no dry to sum with) the time-AVERAGED mono magnitude
      spectrum must stay within 4 dB of dry in every log band, and the mono RMS
      within 3 dB. Mix 0.5 was tried first and measures the wrong thing: an
      equal-power crossfade of two CORRELATED signals is +3 dB by arithmetic, so
      `Bands` — whose mono fold is the input BIT FOR BIT — read +3.14 dB and
      "failed". The averaging matters too: a MOVING comb must average out, which
      is why magSpec averages 12 hops across the probe.
  ok    Throng — mono fold survives                        level -1.21 dB · worst notch -1.01 dB · mean dev 0.53 dB
  ok    Twin — tagged mono-lossy, and it is                level -2.94 dB · worst notch -8.15 dB · mean dev 7.16 dB
  ok    Steady — mono fold survives                        level -1.37 dB · worst notch -0.81 dB · mean dev 0.29 dB
  ok    Twofold — tagged mono-lossy, and it is             level -0.50 dB · worst notch -4.22 dB · mean dev 3.38 dB
  ok    Blur — tagged mono-lossy, and it is                level -5.06 dB · worst notch -1.96 dB · mean dev 1.22 dB
  ok    Bands — mono fold survives                         level -3.47 dB · worst notch -0.00 dB · mean dev 0.00 dB

      per FIELD (Throng, Mix 1.0) — the tagged options are EXPECTED to be hostile:
      Straight    level   -1.21 dB · worst notch   -1.01 dB 
  ok    Field `Straight` mono behaviour matches its tag      level -1.21 dB · notch -1.01 dB
      Alternate   level   -1.21 dB · worst notch   -1.01 dB 
  ok    Field `Alternate` mono behaviour matches its tag     level -1.21 dB · notch -1.01 dB
      Orbit       level   -3.08 dB · worst notch   -1.63 dB  [TAGGED mono-hostile]
  ok    Field `Orbit` mono behaviour matches its tag         level -3.08 dB · notch -1.63 dB
      Swap        level   -1.21 dB · worst notch   -1.01 dB 
  ok    Field `Swap` mono behaviour matches its tag          level -1.21 dB · notch -1.01 dB
      Side Only   level -142.34 dB · worst notch -159.53 dB  [TAGGED mono-hostile]
  ok    Field `Side Only` mono behaviour matches its tag     level -142.34 dB · notch -159.53 dB
      Gather      level   -1.21 dB · worst notch   -1.01 dB 
  ok    Field `Gather` mono behaviour matches its tag        level -1.21 dB · notch -1.01 dB

      per CHARACTER, the two tagged ones vs their Type's default:
      Twin   / Two Line     level   -3.13 dB · worst notch   -7.67 dB 
      Twin   / Hex          level   -0.87 dB · worst notch   -4.51 dB 
      Blur   / Smooth Six   level   -5.88 dB · worst notch   -1.60 dB 
      Blur   / Opposed      level   +0.03 dB · worst notch   -0.55 dB 
  ok    no Twin Character is more mono-hostile than `Two Line` (the empty tag list is honest) Two Line dev 6.71 dB / level -3.13 dB -> Hex dev 4.01 dB
  ok    Blur/`Opposed` is a different room, NOT a more hostile one (tag removed) Smooth Six mono dev 0.85 dB · Opposed 0.92 dB
  ok    Bands mono fold is spectrally EXACT at every Amount (one-pole tree reconstructs) worst mean spectral deviation 0.000 dB

[K — STABILITY: 60 s of full-drive white noise, every Type]
  ok    Throng — 60 s full drive, no NaN, bounded          peak 1.994
  ok    Twin — 60 s full drive, no NaN, bounded            peak 0.744
  ok    Steady — 60 s full drive, no NaN, bounded          peak 1.591
  ok    Twofold — 60 s full drive, no NaN, bounded         peak 1.100
  ok    Blur — 60 s full drive, no NaN, bounded            peak 1.985
  ok    Bands — 60 s full drive, no NaN, bounded           peak 0.979
  ok    Throng — silence in, silence out (nothing free-runs) 0.00e+00
  ok    Twin — silence in, silence out (nothing free-runs) 0.00e+00
  ok    Steady — silence in, silence out (nothing free-runs) 0.00e+00
  ok    Twofold — silence in, silence out (nothing free-runs) 0.00e+00
  ok    Blur — silence in, silence out (nothing free-runs) 0.00e+00
  ok    Bands — silence in, silence out (nothing free-runs) 0.00e+00

[L — UNITY THROUGH: defaults must not be a volume knob]
  ok    Throng — Mix 100 % at defaults within +-1.5 dB     -0.83 dB
  ok    Twin — Mix 100 % at defaults within +-1.5 dB       +0.37 dB
  ok    Steady — Mix 100 % at defaults within +-1.5 dB     -0.95 dB
  ok    Twofold — Mix 100 % at defaults within +-1.5 dB    -0.85 dB
  ok    Blur — Mix 100 % at defaults within +-1.5 dB       +0.64 dB
  ok    Bands — Mix 100 % at defaults within +-1.5 dB      -0.64 dB
  ok    Throng — Character level spread <= 4 dB            1.08 dB spread (-1.20 .. -0.12)  Tight Fan .. JP Classic
  ok    Twin — Character level spread <= 4 dB              3.72 dB spread (-0.32 .. +3.40)  Four Line .. Hex
  ok    Steady — Character level spread <= 4 dB            0.55 dB spread (-1.23 .. -0.69)  Octave Pair .. Quaver
  ok    Twofold — Character level spread <= 4 dB           0.80 dB spread (-1.01 .. -0.20)  Seasick .. Tight Inst
  ok    Blur — Character level spread <= 4 dB              1.37 dB spread (-0.91 .. +0.46)  Seed C .. Plush
  ok    Bands — Character level spread <= 4 dB             3.35 dB spread (-3.10 .. +0.25)  Deep Grid .. Guard

[M — CPU: us/block at 48 kHz / 128, worst Type named]
      Throng     23.15 us/block    0.87 % of one core   x6 instances =  5.21 %
      Twin       19.08 us/block    0.72 % of one core   x6 instances =  4.29 %
      Steady     23.46 us/block    0.88 % of one core   x6 instances =  5.28 %
      Twofold    17.05 us/block    0.64 % of one core   x6 instances =  3.84 %
      Blur       21.25 us/block    0.80 % of one core   x6 instances =  4.78 %
      Bands      11.13 us/block    0.42 % of one core   x6 instances =  2.50 %
  ok    worst Type under 1.0 % of one core (6 instances < 6 %; fx3 ships at 0.78 %) Steady at 23.46 us/block = 0.880 % of one core

[N — 44.1 kHz and 96 kHz: the same device, measured again]
       48000 Hz   Throng peak cents  190.0 · Blur corr -0.867 · Bands chan ripple  10.2 dB
       44100 Hz   Throng peak cents  190.0 · Blur corr -0.866 · Bands chan ripple  10.2 dB
       96000 Hz   Throng peak cents  190.0 · Blur corr -0.871 · Bands chan ripple  10.2 dB
  ok    peak cents identical at 44.1 / 48 / 96 kHz (<= 2 % spread) 190.0 / 190.0 / 190.0 cents
  ok    Blur decorrelation is SAMPLE-RATE INVARIANT (44.1 / 48 / 96 within 0.10) corr -0.866 / -0.867 / -0.871
  ok    Bands per-channel tear holds at 44.1 / 96 kHz        10.2 / 10.2 / 10.2 dB

[O — THE CHORUS BOUNDARY, MEASURED ON THE OUTPUT, ON EVERY TYPE]
      🔴 fb422. ROSTER §0 claimed the boundary was "enforced in the DSP, not in
      prose" and that this section asserted it. It did not: it measured nV_, a
      published integer, on Throng and Twofold — i.e. NOT on `Twin`, whose line count
      is a different expression entirely, and NOT on `Steady`. Both of those are
      fixed here, and the count is cross-checked against the OUTPUT.

      What a chorus IS, per CONTRACT §4: ONE audible cyclic voice pair. Failing that
      needs either (a) more than one pair of copies, or (b) copies that do not
      CYCLE. Every Type is checked against both, and each must satisfy at least one
      — stated as a disjunction because it genuinely is one, not to make a cell pass.

      1 · the copy count at the Voices FLOOR, per Type and per Character that
          claims a count in its own name:
        Throng   / JP Classic  liveCopies() = 3   (the label says 3)  unit: copies
  ok    Throng/JP Classic — the count matches the LABEL at the Voices floor 3 copies, label says 3
        Twin     / Two Line    liveCopies() = 2   (the label says 2)  unit: lines
  ok    Twin/Two Line — the count matches the LABEL at the Voices floor 2 copies, label says 2
        Twin     / Four Line   liveCopies() = 4   (the label says 4)  unit: lines
  ok    Twin/Four Line — the count matches the LABEL at the Voices floor 4 copies, label says 4
        Twin     / Hex         liveCopies() = 6   (the label says 6)  unit: lines
  ok    Twin/Hex — the count matches the LABEL at the Voices floor 6 copies, label says 6
        Steady   / Satin       liveCopies() = 3   (the label says 3)  unit: copies
  ok    Steady/Satin — the count matches the LABEL at the Voices floor 3 copies, label says 3
        Twofold  / Lilt        liveCopies() = 3   (the label says 3)  unit: copies
  ok    Twofold/Lilt — the count matches the LABEL at the Voices floor 3 copies, label says 3
  ok    Voices at knob 100 is 8 copies                       8

      2 · the OUTPUT test. `carrier mass` = the share of the spectrum still
          sitting within +-25 cents of the probe tone. A chorus (or a Haas delay,
          or anything that does not really detune) leaves it near 1.000.
        Throng   copies 3 · carrier mass 0.216  ->  a crowd AND parked
  ok    Throng — not a chorus (crowd, or parked detune)    3 copies · carrier mass 0.216
        Twin     copies 2 · carrier mass 0.012  ->  parked (constant detune), not a cyclic pair
  ok    Twin — not a chorus (crowd, or parked detune)      2 copies · carrier mass 0.012
        Steady   copies 3 · carrier mass 0.046  ->  a crowd AND parked
  ok    Steady — not a chorus (crowd, or parked detune)    3 copies · carrier mass 0.046
        Twofold  copies 3 · carrier mass 0.852  ->  a crowd
  ok    Twofold — not a chorus (crowd, or parked detune)   3 copies · carrier mass 0.852
        Blur     copies 9 · carrier mass 1.000  ->  phase-only: nothing detunes, cannot be a chorus
  ok    Blur — not a chorus (crowd, or parked detune)      9 copies · carrier mass 1.000
        Bands    copies 4 · carrier mass 1.000  ->  phase-only: nothing detunes, cannot be a chorus
  ok    Bands — not a chorus (crowd, or parked detune)     4 copies · carrier mass 1.000

      3 · the A/B. `Two Line` (triangle, PARKED) 0.012  vs  `Tremble` (sine,
          SWEPT) 0.125 — same machine, same line count, only the modulator
          shape differs. If the parked clause could not fail, these would be
          equal; they are not, and `Tremble` is carried by the crowd clause
          (4 copies) instead.
  ok    the `parked` clause is falsifiable: a SINE modulator reads a higher carrier triangle 0.012 vs sine 0.125 (arcsine predicts ~0.19 for the sine)

[Q — `Hear Mono` IS A REAL PARAMETER (fb423: it had none at all)]
      🔴 AT fb422 THIS PILL HAD NO ENGINE PARAMETER. ROSTER §3 called it a
      "UI-side audition… costs the engine nothing" — i.e. a control that cannot be
      automated, cannot be saved in a preset and cannot be recalled. That is not a
      control. It is `Params::hearMono` now, and these four gates are what the word
      MONO is allowed to mean.
      🔴 fb425 — A PILL IS A CONTROL AND IT IS GATED ON EVERY CELL. At fb424 all
      four gates below ran on Throng/`JP Classic` alone.
  FAIL  `Hear Mono` IS the (L+R)/2 fold on Throng/JP Classic |L-R| on = 2.2e-01 · max |on - mid(off)| = 1.1e-01 · OFF |L-R| = 0.2202
  FAIL  `Hear Mono` IS the (L+R)/2 fold on Throng/Even Fan   |L-R| on = 1.8e-01 · max |on - mid(off)| = 9.2e-02 · OFF |L-R| = 0.1837
  FAIL  `Hear Mono` IS the (L+R)/2 fold on Throng/Analog Drift |L-R| on = 1.9e-01 · max |on - mid(off)| = 9.5e-02 · OFF |L-R| = 0.1908
  FAIL  `Hear Mono` IS the (L+R)/2 fold on Throng/Tight Fan  |L-R| on = 1.8e-01 · max |on - mid(off)| = 9.0e-02 · OFF |L-R| = 0.1790
  FAIL  `Hear Mono` IS the (L+R)/2 fold on Throng/Wide Fan   |L-R| on = 1.7e-01 · max |on - mid(off)| = 8.5e-02 · OFF |L-R| = 0.1709
  FAIL  `Hear Mono` IS the (L+R)/2 fold on Throng/Octave Bloom |L-R| on = 1.6e-01 · max |on - mid(off)| = 8.1e-02 · OFF |L-R| = 0.1625
  FAIL  `Hear Mono` IS the (L+R)/2 fold on Throng/Sub Anchor |L-R| on = 1.8e-01 · max |on - mid(off)| = 9.2e-02 · OFF |L-R| = 0.1836
  FAIL  `Hear Mono` IS the (L+R)/2 fold on Throng/Three Phase |L-R| on = 1.9e-01 · max |on - mid(off)| = 9.6e-02 · OFF |L-R| = 0.1928
  FAIL  `Hear Mono` IS the (L+R)/2 fold on Twin/Two Line     |L-R| on = 3.5e-01 · max |on - mid(off)| = 1.7e-01 · OFF |L-R| = 0.3490
  FAIL  `Hear Mono` IS the (L+R)/2 fold on Twin/Four Line    |L-R| on = 2.9e-01 · max |on - mid(off)| = 1.5e-01 · OFF |L-R| = 0.2914
  FAIL  `Hear Mono` IS the (L+R)/2 fold on Twin/Mode Two     |L-R| on = 3.1e-01 · max |on - mid(off)| = 1.6e-01 · OFF |L-R| = 0.3131
  FAIL  `Hear Mono` IS the (L+R)/2 fold on Twin/Mode Three   |L-R| on = 3.4e-01 · max |on - mid(off)| = 1.7e-01 · OFF |L-R| = 0.3388
  FAIL  `Hear Mono` IS the (L+R)/2 fold on Twin/No Compander |L-R| on = 5.6e-01 · max |on - mid(off)| = 2.8e-01 · OFF |L-R| = 0.5584
  FAIL  `Hear Mono` IS the (L+R)/2 fold on Twin/Dark BBD     |L-R| on = 3.4e-01 · max |on - mid(off)| = 1.7e-01 · OFF |L-R| = 0.3366
  FAIL  `Hear Mono` IS the (L+R)/2 fold on Twin/Tremble      |L-R| on = 3.3e-01 · max |on - mid(off)| = 1.6e-01 · OFF |L-R| = 0.3268
  FAIL  `Hear Mono` IS the (L+R)/2 fold on Twin/Hex          |L-R| on = 4.6e-01 · max |on - mid(off)| = 2.3e-01 · OFF |L-R| = 0.4587
  FAIL  `Hear Mono` IS the (L+R)/2 fold on Steady/Satin      |L-R| on = 1.7e-01 · max |on - mid(off)| = 8.3e-02 · OFF |L-R| = 0.1664
  FAIL  `Hear Mono` IS the (L+R)/2 fold on Steady/Jab        |L-R| on = 1.4e-01 · max |on - mid(off)| = 7.1e-02 · OFF |L-R| = 0.1416
  FAIL  `Hear Mono` IS the (L+R)/2 fold on Steady/Quaver     |L-R| on = 1.7e-01 · max |on - mid(off)| = 8.4e-02 · OFF |L-R| = 0.1674
  FAIL  `Hear Mono` IS the (L+R)/2 fold on Steady/Fifth Up   |L-R| on = 1.1e-01 · max |on - mid(off)| = 5.7e-02 · OFF |L-R| = 0.1141
  FAIL  `Hear Mono` IS the (L+R)/2 fold on Steady/Octave Down |L-R| on = 1.8e-01 · max |on - mid(off)| = 9.2e-02 · OFF |L-R| = 0.1837
  FAIL  `Hear Mono` IS the (L+R)/2 fold on Steady/Wide Slap  |L-R| on = 1.7e-01 · max |on - mid(off)| = 8.5e-02 · OFF |L-R| = 0.1704
  FAIL  `Hear Mono` IS the (L+R)/2 fold on Steady/Gritty     |L-R| on = 1.7e-01 · max |on - mid(off)| = 8.3e-02 · OFF |L-R| = 0.1660
  FAIL  `Hear Mono` IS the (L+R)/2 fold on Steady/Octave Pair |L-R| on = 1.2e-01 · max |on - mid(off)| = 6.2e-02 · OFF |L-R| = 0.1232
  FAIL  `Hear Mono` IS the (L+R)/2 fold on Twofold/Lilt      |L-R| on = 1.2e-01 · max |on - mid(off)| = 6.0e-02 · OFF |L-R| = 0.1206
  FAIL  `Hear Mono` IS the (L+R)/2 fold on Twofold/Wide Room |L-R| on = 8.2e-02 · max |on - mid(off)| = 4.1e-02 · OFF |L-R| = 0.0818
  FAIL  `Hear Mono` IS the (L+R)/2 fold on Twofold/Tape ADT  |L-R| on = 8.1e-02 · max |on - mid(off)| = 4.1e-02 · OFF |L-R| = 0.0814
  FAIL  `Hear Mono` IS the (L+R)/2 fold on Twofold/Tight Inst |L-R| on = 1.3e-01 · max |on - mid(off)| = 6.6e-02 · OFF |L-R| = 0.1328
  FAIL  `Hear Mono` IS the (L+R)/2 fold on Twofold/Loose Crowd |L-R| on = 1.1e-01 · max |on - mid(off)| = 5.6e-02 · OFF |L-R| = 0.1126
  FAIL  `Hear Mono` IS the (L+R)/2 fold on Twofold/Static Pair |L-R| on = 8.6e-02 · max |on - mid(off)| = 4.3e-02 · OFF |L-R| = 0.0858
  FAIL  `Hear Mono` IS the (L+R)/2 fold on Twofold/Slapback  |L-R| on = 1.2e-01 · max |on - mid(off)| = 6.0e-02 · OFF |L-R| = 0.1194
  FAIL  `Hear Mono` IS the (L+R)/2 fold on Twofold/Seasick   |L-R| on = 1.2e-01 · max |on - mid(off)| = 5.8e-02 · OFF |L-R| = 0.1158
  FAIL  `Hear Mono` IS the (L+R)/2 fold on Blur/Smooth Six   |L-R| on = 2.7e-01 · max |on - mid(off)| = 1.3e-01 · OFF |L-R| = 0.2664
  FAIL  `Hear Mono` IS the (L+R)/2 fold on Blur/Deep Twelve  |L-R| on = 2.6e-01 · max |on - mid(off)| = 1.3e-01 · OFF |L-R| = 0.2587
  FAIL  `Hear Mono` IS the (L+R)/2 fold on Blur/Plush        |L-R| on = 2.8e-01 · max |on - mid(off)| = 1.4e-01 · OFF |L-R| = 0.2817
  FAIL  `Hear Mono` IS the (L+R)/2 fold on Blur/Low Anchor   |L-R| on = 2.4e-01 · max |on - mid(off)| = 1.2e-01 · OFF |L-R| = 0.2431
  FAIL  `Hear Mono` IS the (L+R)/2 fold on Blur/Top Only     |L-R| on = 2.5e-01 · max |on - mid(off)| = 1.2e-01 · OFF |L-R| = 0.2463
  FAIL  `Hear Mono` IS the (L+R)/2 fold on Blur/Seed B       |L-R| on = 2.5e-01 · max |on - mid(off)| = 1.3e-01 · OFF |L-R| = 0.2535
  FAIL  `Hear Mono` IS the (L+R)/2 fold on Blur/Seed C       |L-R| on = 2.8e-01 · max |on - mid(off)| = 1.4e-01 · OFF |L-R| = 0.2818
  FAIL  `Hear Mono` IS the (L+R)/2 fold on Blur/Opposed      |L-R| on = 2.1e-01 · max |on - mid(off)| = 1.0e-01 · OFF |L-R| = 0.2078
  FAIL  `Hear Mono` IS the (L+R)/2 fold on Bands/Coarse      |L-R| on = 1.4e-01 · max |on - mid(off)| = 7.0e-02 · OFF |L-R| = 0.1398
  FAIL  `Hear Mono` IS the (L+R)/2 fold on Bands/Fine        |L-R| on = 1.3e-01 · max |on - mid(off)| = 6.5e-02 · OFF |L-R| = 0.1310
  FAIL  `Hear Mono` IS the (L+R)/2 fold on Bands/Tilted      |L-R| on = 1.6e-01 · max |on - mid(off)| = 7.9e-02 · OFF |L-R| = 0.1572
  FAIL  `Hear Mono` IS the (L+R)/2 fold on Bands/Rotor Slow  |L-R| on = 1.5e-01 · max |on - mid(off)| = 7.4e-02 · OFF |L-R| = 0.1479
  FAIL  `Hear Mono` IS the (L+R)/2 fold on Bands/Rotor Fast  |L-R| on = 1.5e-01 · max |on - mid(off)| = 7.4e-02 · OFF |L-R| = 0.1474
  FAIL  `Hear Mono` IS the (L+R)/2 fold on Bands/Guard       |L-R| on = 1.3e-01 · max |on - mid(off)| = 6.6e-02 · OFF |L-R| = 0.1323
  FAIL  `Hear Mono` IS the (L+R)/2 fold on Bands/Deep Grid   |L-R| on = 7.3e-02 · max |on - mid(off)| = 3.6e-02 · OFF |L-R| = 0.0728
  FAIL  `Hear Mono` IS the (L+R)/2 fold on Bands/Hard Split  |L-R| on = 1.5e-01 · max |on - mid(off)| = 7.3e-02 · OFF |L-R| = 0.1467
  FAIL  ALL 48 CELLS FOLD, and on all 48 the fold had WORK TO DO 48 bad folds, 0 cells already mono before the fold; worst error Twin/No Compander at 2.8e-01
  FAIL  ...and the Viz correlation follows it to +1.000 (audible ⇒ visible) viz().corr = +0.43521
  ok    toggling `Hear Mono` under a held tone is click-free (15 ms fade) static 0.0026 -> toggled 0.0026

[P — THE `Retrig` PILL IS A CONTROL ON EVERY TYPE x CHARACTER]
      🔴 fb425. `Retrig` IS A FRONT PILL AND IT WAS BIT-IDENTICALLY DEAD ON 3 OF 6
      TYPES. fireRetrig() reset ph_/res_/q_ — the per-voice LFO phase, which is read
      by procVoices' mod-0 branch and by procTwin AND BY NOTHING ELSE. `Twofold` runs
      a band-limited random walk (wk_), `Blur` a rotator plus its own walk
      (blurRot_/wkb_), `Bands` the crossover-grid rotator plus wkg_. Firing the pill
      on any of the three produced OUTPUT IDENTICAL TO THE BIT. The old §I click test
      toggled the pill — on Type 0 only — and a click test cannot see a control that
      does nothing, because doing nothing is the quietest thing a control can do.

      THE GATE. Two engines, same probe, same params. At t = 1.0 s one of them gets a
      single rising edge on `Retrig`. Then:
        1. BEFORE the edge the two outputs must be BIT-IDENTICAL — that proves the
           edge is the only difference, i.e. this is a controlled experiment.
        2. AFTER it they must not be, and the difference is measured on the OUTPUT
           with changeDist (log-band magnitude + correlation + field trajectory).
      THE ANCHOR IS A CONTROL OF THE SAME CLASS (fb417). A retrigger re-aligns the
      MODULATOR and nothing else, so the unit it is measured in is one quarter-turn
      of `Rate` — the other control on this device that moves the modulator and only
      the modulator — at the same FIFTH §F already defends for `Rate` and `Roam`. A
      quarter-turn of Mix is printed beside it for scale, and it is deliberately NOT
      the bar: 0.25 -> 0.50 wet is a doubling of the whole effect, a different class
      of event, and holding a phase re-alignment to a fifth of THAT would be a
      constant chosen to fail rather than a unit chosen to fit.
      A cell where the mechanism genuinely has no trajectory to restart is declared
      in the KNOWN-INERT ROSTER below — asserted size, reason per entry, and checked
      in reverse so a declaration cannot go stale.

  ok    `Retrig` restarts the mechanism on Throng/JP Classic post-edge 18.86 vs bar 8.46 (0.20 x Rate-quarter 42.32) · Mix-quarter 39.46 for scale
  ok    `Retrig` restarts the mechanism on Throng/Even Fan   post-edge 41.92 vs bar 8.50 (0.20 x Rate-quarter 42.50) · Mix-quarter 46.90 for scale
  ok    `Retrig` restarts the mechanism on Throng/Analog Drift post-edge 40.98 vs bar 5.01 (0.20 x Rate-quarter 25.03) · Mix-quarter 43.03 for scale
  ok    `Retrig` restarts the mechanism on Throng/Tight Fan  post-edge 44.23 vs bar 13.65 (0.20 x Rate-quarter 68.26) · Mix-quarter 42.84 for scale
  ok    `Retrig` restarts the mechanism on Throng/Wide Fan   post-edge 22.82 vs bar 8.45 (0.20 x Rate-quarter 42.27) · Mix-quarter 52.65 for scale
  ok    `Retrig` restarts the mechanism on Throng/Octave Bloom post-edge 38.02 vs bar 9.00 (0.20 x Rate-quarter 44.98) · Mix-quarter 38.41 for scale
  ok    `Retrig` restarts the mechanism on Throng/Sub Anchor post-edge 23.46 vs bar 6.53 (0.20 x Rate-quarter 32.63) · Mix-quarter 38.17 for scale
  ok    `Retrig` restarts the mechanism on Throng/Three Phase post-edge 14.15 vs bar 11.84 (0.20 x Rate-quarter 59.22) · Mix-quarter 81.28 for scale
  ok    `Retrig` restarts the mechanism on Twin/Two Line     post-edge 21.16 vs bar 5.94 (0.20 x Rate-quarter 29.71) · Mix-quarter 83.70 for scale
  ok    `Retrig` restarts the mechanism on Twin/Four Line    post-edge 17.24 vs bar 3.93 (0.20 x Rate-quarter 19.66) · Mix-quarter 83.01 for scale
  ok    `Retrig` restarts the mechanism on Twin/Mode Two     post-edge 16.78 vs bar 7.16 (0.20 x Rate-quarter 35.79) · Mix-quarter 84.52 for scale
  ok    `Retrig` restarts the mechanism on Twin/Mode Three   post-edge 24.51 vs bar 4.08 (0.20 x Rate-quarter 20.39) · Mix-quarter 83.97 for scale
  ok    `Retrig` restarts the mechanism on Twin/No Compander post-edge 20.99 vs bar 11.53 (0.20 x Rate-quarter 57.64) · Mix-quarter 81.53 for scale
  ok    `Retrig` restarts the mechanism on Twin/Dark BBD     post-edge 18.34 vs bar 4.34 (0.20 x Rate-quarter 21.68) · Mix-quarter 81.90 for scale
  ok    `Retrig` restarts the mechanism on Twin/Tremble      post-edge 28.21 vs bar 3.56 (0.20 x Rate-quarter 17.80) · Mix-quarter 81.82 for scale
  ok    `Retrig` restarts the mechanism on Twin/Hex          post-edge 13.78 vs bar 3.86 (0.20 x Rate-quarter 19.31) · Mix-quarter 78.87 for scale
  ok    `Retrig` restarts the mechanism on Steady/Satin      post-edge 26.44 vs bar 5.71 (0.20 x Rate-quarter 28.53) · Mix-quarter 43.14 for scale
  FAIL  `Retrig` restarts the mechanism on Steady/Jab        post-edge 15.90 vs bar 31.72 (0.20 x Rate-quarter 158.62) · Mix-quarter 35.19 for scale
  ok    `Retrig` restarts the mechanism on Steady/Quaver     post-edge 73.45 vs bar 5.48 (0.20 x Rate-quarter 27.40) · Mix-quarter 57.49 for scale
  ok    `Retrig` restarts the mechanism on Steady/Fifth Up   post-edge 26.17 vs bar 14.00 (0.20 x Rate-quarter 70.01) · Mix-quarter 56.33 for scale
  ok    `Retrig` restarts the mechanism on Steady/Octave Down post-edge 14.79 vs bar 4.82 (0.20 x Rate-quarter 24.08) · Mix-quarter 40.32 for scale
  ok    `Retrig` restarts the mechanism on Steady/Wide Slap  post-edge 21.66 vs bar 5.91 (0.20 x Rate-quarter 29.54) · Mix-quarter 46.54 for scale
  ok    `Retrig` restarts the mechanism on Steady/Gritty     post-edge 30.36 vs bar 24.22 (0.20 x Rate-quarter 121.09) · Mix-quarter 54.88 for scale
  ok    `Retrig` restarts the mechanism on Steady/Octave Pair post-edge 21.21 vs bar 10.40 (0.20 x Rate-quarter 52.02) · Mix-quarter 60.89 for scale
  ok    `Retrig` restarts the mechanism on Twofold/Lilt      post-edge 132.70 vs bar 18.37 (0.20 x Rate-quarter 91.87) · Mix-quarter 43.71 for scale
  ok    `Retrig` restarts the mechanism on Twofold/Wide Room post-edge 105.82 vs bar 21.95 (0.20 x Rate-quarter 109.77) · Mix-quarter 33.65 for scale
  FAIL  `Retrig` restarts the mechanism on Twofold/Tape ADT  post-edge 19.41 vs bar 36.82 (0.20 x Rate-quarter 184.12) · Mix-quarter 24.28 for scale
  ok    `Retrig` restarts the mechanism on Twofold/Tight Inst post-edge 113.42 vs bar 8.27 (0.20 x Rate-quarter 41.34) · Mix-quarter 71.34 for scale
  ok    `Retrig` restarts the mechanism on Twofold/Loose Crowd post-edge 139.04 vs bar 23.73 (0.20 x Rate-quarter 118.67) · Mix-quarter 58.77 for scale
  ok    `Retrig` restarts the mechanism on Twofold/Static Pair post-edge 18.06 vs bar 15.54 (0.20 x Rate-quarter 77.72) · Mix-quarter 44.48 for scale
  ok    `Retrig` restarts the mechanism on Twofold/Slapback  post-edge 149.07 vs bar 18.22 (0.20 x Rate-quarter 91.08) · Mix-quarter 52.60 for scale
  ok    `Retrig` restarts the mechanism on Twofold/Seasick   post-edge 155.32 vs bar 15.98 (0.20 x Rate-quarter 79.88) · Mix-quarter 73.09 for scale
  FAIL  `Retrig` restarts the mechanism on Blur/Smooth Six   post-edge 6.23 vs bar 17.33 (0.20 x Rate-quarter 86.66) · Mix-quarter 52.72 for scale
  FAIL  `Retrig` restarts the mechanism on Blur/Deep Twelve  post-edge 5.18 vs bar 18.50 (0.20 x Rate-quarter 92.48) · Mix-quarter 45.89 for scale
  FAIL  `Retrig` restarts the mechanism on Blur/Plush        post-edge 12.00 vs bar 17.14 (0.20 x Rate-quarter 85.68) · Mix-quarter 53.56 for scale
  FAIL  `Retrig` restarts the mechanism on Blur/Low Anchor   post-edge 3.69 vs bar 12.53 (0.20 x Rate-quarter 62.67) · Mix-quarter 53.32 for scale
  ok    `Retrig` restarts the mechanism on Blur/Top Only     post-edge 8.18 vs bar 4.76 (0.20 x Rate-quarter 23.81) · Mix-quarter 57.14 for scale
  FAIL  `Retrig` restarts the mechanism on Blur/Seed B       post-edge 9.82 vs bar 15.72 (0.20 x Rate-quarter 78.60) · Mix-quarter 63.96 for scale
  FAIL  `Retrig` restarts the mechanism on Blur/Seed C       post-edge 4.77 vs bar 15.98 (0.20 x Rate-quarter 79.90) · Mix-quarter 51.54 for scale
  FAIL  `Retrig` restarts the mechanism on Blur/Opposed      post-edge 12.01 vs bar 18.42 (0.20 x Rate-quarter 92.12) · Mix-quarter 47.15 for scale
  ok    `Retrig` restarts the mechanism on Bands/Coarse      post-edge 11.09 vs bar 1.21 (0.20 x Rate-quarter 6.06) · Mix-quarter 13.90 for scale
  ok    `Retrig` restarts the mechanism on Bands/Fine        post-edge 10.10 vs bar 0.49 (0.20 x Rate-quarter 2.46) · Mix-quarter 12.89 for scale
  ok    `Retrig` restarts the mechanism on Bands/Tilted      post-edge 14.36 vs bar 0.59 (0.20 x Rate-quarter 2.97) · Mix-quarter 20.55 for scale
  ok    `Retrig` restarts the mechanism on Bands/Rotor Slow  post-edge 7.90 vs bar 3.94 (0.20 x Rate-quarter 19.71) · Mix-quarter 19.56 for scale
  FAIL  `Retrig` restarts the mechanism on Bands/Rotor Fast  post-edge 2.95 vs bar 19.25 (0.20 x Rate-quarter 96.23) · Mix-quarter 17.82 for scale
  ok    `Retrig` restarts the mechanism on Bands/Guard       post-edge 6.44 vs bar 0.67 (0.20 x Rate-quarter 3.37) · Mix-quarter 10.06 for scale
  ok    `Retrig` restarts the mechanism on Bands/Deep Grid   post-edge 7.84 vs bar 2.63 (0.20 x Rate-quarter 13.16) · Mix-quarter 5.20 for scale
  ok    `Retrig` restarts the mechanism on Bands/Hard Split  post-edge 9.40 vs bar 0.65 (0.20 x Rate-quarter 3.27) · Mix-quarter 17.27 for scale
  ok    `Retrig` is BIT-ALIVE on every cell not on the known-inert roster 0 bit-identical cells
  ok    the `Retrig` known-inert roster is exactly 1 entries (asserted, reasons at the line) 1 declared
  ok    ...and every declared-inert `Retrig` cell REALLY IS inert 0 stale declarations
  ok    every experiment was CONTROLLED (bit-identical before the edge) 0 contaminated cells
  FAIL  `Retrig` clears a fifth of a Rate quarter-turn on every live cell 10 weak cells; smallest ratio Bands/Rotor Fast at 0.03 x the anchor

[S — NO DOUBLES, over EVERY label this device publishes (not the ones I changed)]
      🔴 fb422 HAD NO GATE AT ALL. FINDINGS §9 was a one-off markdown grep over the
      15 strings RENAMES.md had just changed; the other 80 published labels had
      NEVER been checked against anything, and the family audit found 12 collisions
      in this device that I did not. That is round one's failure repeating verbatim:
      CHECKING WHAT I CHANGED INSTEAD OF THE WHOLE CARD.
      Corpus: 3069 strings from Source/ (incl. index.html option arrays and every
      *_test.cpp name table), Tests/, Design/fx3/ and BOTH sibling fx4 directories,
      harvested from single AND double quotes and STRIPPED before the capitalisation
      test. Regenerate with `python3 extract_labels.py`.

  ok    the CARD label set is 6 Types + 48 Characters + 6 Fields + 6x4 front + 8 back + 2 pills + 1 device = 95 95 card labels, 103 gated in total (+2 dropdown labels, +6 Voices units)
  ok    no published label collides with a shipped or sibling label 103 labels vs 3069 corpus strings, 0 unruled hits
  ok    corpus sees the fb418 LEADING-SPACE labels (`"Chorus" + sfxD + " Motion"`) Motion PRESENT · Route PRESENT
  ok    corpus sees SINGLE-quoted index.html options (the shipped `Leaky`) Leaky · Metal — both single-quoted in index.html
  ok    corpus sees the shipped TAPE front knobs the first EQ table missed Tilt · Sculpt
  ok    corpus sees BOTH sibling fx4 directories             Slant · Chisel (eq) · Free Pair · Crest (dynamics)
  ok    exemption list A (CONTRACT §4 + chassis) is exactly 10 entries Width Rate Mix Amount Character Type Power Tone Retrig Low Keep
  ok    exemption list B (fb423 SANCTIONED mockup-only) is exactly 2 entries Blur · Coarse
  ok    exemption list D (fb425 THIRD RULING, sanctioned) is exactly 5 entries Detune Depth Voices Spread Feedback — RENAMES.md fb425 'THE THIRD RULING', verified against each shipped use
  ok    ...and all 5 ruled names are still names this card actually publishes 5 of 5 found on the card
  ok    front slots 2/3/4 are NEVER relabelled per Type (so the dedup below is legal) Width · Rate · Mix
  ok    no word names two DIFFERENT controls inside this card 86 distinct control labels, all unique
  ok    RENAMES.md parses to 23 WIDEN rename rows (15 first table + 8 fb423) 23 rows
  ok    every NEW name in RENAMES.md is PUBLISHED by the engine (the table was applied) all 23 present
  ok    the drift gate actually READ all three artefacts (fb393: a stub kinder than reality) worklet 39473 B · roster 27638 B · header 143636 B
  ok    widen-worklet.js name tables EQUAL the header arrays, entry for entry 7 tables, 100 entries, all identical to the header
  ok    ROSTER.md carries every published card label as a backticked literal 96 labels, all present
  ok    ROSTER.md's H1 is the device name published by the engine # WIDEN — the locked roster
  ok    the retired-label scan skips EXACTLY 2 marked mutation regions 2 MUT-STALENAME regions cut from the header before scanning
  ok    no RETIRED label survives as a label token in header/worklet/roster 23 retired names x 3 artefacts, 0 hits
  ok    ...nor in THIS harness's own printed output (fb422 printed two of them) 0 retired labels in widen_cert.cpp

[Z — SELF-CHECK: CAN THESE GATES ACTUALLY FAIL?  (FIXES.md §0)]
      🔴 THE NEW LAW. fb421 reported 459 gates green across four devices and eight
      skeptics then found 16 BLOCKER / 20 MAJOR / 20 MINOR, because the gates could
      not fail. On THIS device a skeptic replaced the ENTIRE widening machine —
      procVoices, procTwin, procBlur, procBands, the crowd, the detune, the motion —
      with a fixed 12 ms Haas delay and all six R11 gates stayed green WITH BETTER
      NUMBERS, identical to three decimals on all six Types.

      This binary can be rebuilt with any one mechanism DELETED. Each build is a row
      in MUTATION.md with real before/after numbers:
        -DWIDEN_MUT_HAAS       the whole widening machine -> a fixed 12 ms Haas delay
        -DWIDEN_MUT_DEADKNOBS  fb421's dead knobs restored (Rate/Spread/Roam/Balance)
        -DWIDEN_MUT_POLITE     fb421's ceilings restored (Twin 28 cents, Spread 1.0x)
        -DWIDEN_MUT_NOSMOOTH   every continuous smoother -> tau 0
        -DWIDEN_MUT_NOGLIDE    delay lengths / gains / pans snap instead of gliding
        -DWIDEN_MUT_NODIP      the fade-swap-recover dip removed
        -DWIDEN_MUT_STALENAME  one fb423 rename reverted in the HEADER only (§S)
        -DWIDEN_MUT_NOMONO     the `Hear Mono` fold deleted (§Q)
        -DWIDEN_MUT_MONOSNAP   the `Hear Mono` 15 ms fade -> a hard cut (§Q)
        -DWIDEN_MUT_NOFLOOR    the Voices floor of 3 removed, Twin pinned to one pair
        -DWIDEN_MUT_APCLAMP    the fb421 +-0.97 allpass coefficient clamp restored
        -DWIDEN_MUT_RETRIGLFO  fb424's fireRetrig(), which only knew about the LFO (§P)
        -DWIDEN_MUT_FLATFIELD  two of the six `Field` options collapsed to `Straight` (§V)

  ok    the shipping build carries NO mutation switches      clean
  ok    (self) detuneSpread reads ~0 on an UNSHIFTED tone (window leakage only) 1.69 cents
  ok    (self) carrierMass reads ~1.000 on an UNSHIFTED tone 1.0000
  ok    (self) detuneSpread recovers a PLANTED +-100-cent pair read 101.8 cents
  ok    (self) correlation reads -1 on a planted antiphase pair -1.0000
  ok    (self) correlation reads +1 on a planted mono pair   +1.0000
  ok    (self) the click detector FIRES on a planted 0.2 step clean 0.001 -> planted 3.999
  ok    (self) ...and does NOT fire on clean programme       clean 0.0014
  ok    (self) changeDist to ITSELF is 0                     0.00e+00
  ok    (self) the field trace recovers a PLANTED 2 Hz image wobble read 1.93 Hz

═══════════════════════════════════════════════════════════════════
  PASS 1461   FAIL 138
   x  Detune on Throng/Analog Drift — alive and monotonic  [8.433 -> 84.890, smallest quarter 2.522 (>= 6.000)]
   x  Detune on Throng/Octave Bloom — alive and monotonic  [1.691 -> 35.973, smallest quarter 2.540 (>= 6.000)]
   x  Detune on Steady/Fifth Up — alive and monotonic  [718.780 -> 104.160, smallest quarter 22.533 (>= 6.000)]
   x  Detune on Twofold/Wide Room — alive and monotonic  [1.691 -> 32.424, smallest quarter 1.675 (>= 6.000)]
   x  Detune on Twofold/Tape ADT — alive and monotonic  [1.691 -> 3.378, smallest quarter 0.000 (>= 6.000)]
   x  Detune on Twofold/Tight Inst — alive and monotonic  [1.691 -> 60.635, smallest quarter 4.216 (>= 6.000)]
   x  Detune on Twofold/Slapback — alive and monotonic  [1.691 -> 48.348, smallest quarter 2.468 (>= 6.000)]
   x  Detune on Blur/Deep Twelve — alive and monotonic  [0.000 -> 0.551, smallest quarter 0.049 (>= 0.035)]
   x  Detune on Blur/Plush — alive and monotonic  [0.000 -> 1.789, smallest quarter 0.034 (>= 0.035)]
   x  Detune on Blur/Opposed — alive and monotonic  [0.762 -> 0.665, smallest quarter 0.046 (>= 0.035)]
   x  Rate on Blur/Smooth Six — alive and monotonic  [0.000 -> 40.897, smallest quarter 2.127 (>= 5.859)]
   x  Rate on Blur/Deep Twelve — alive and monotonic  [0.000 -> 20.918, smallest quarter 2.195 (>= 4.060)]
   x  Rate on Blur/Plush — alive and monotonic  [0.000 -> 41.307, smallest quarter 3.885 (>= 5.454)]
   x  Rate on Blur/Low Anchor — alive and monotonic  [0.000 -> 43.214, smallest quarter 2.520 (>= 7.590)]
   x  Rate on Blur/Top Only — alive and monotonic  [0.000 -> 44.748, smallest quarter 1.732 (>= 8.240)]
   x  Rate on Blur/Seed B — alive and monotonic  [0.000 -> 44.759, smallest quarter 3.098 (>= 6.847)]
   x  Rate on Blur/Seed C — alive and monotonic  [0.000 -> 36.368, smallest quarter 2.549 (>= 5.514)]
   x  Rate on Blur/Opposed — alive and monotonic  [0.000 -> 61.545, smallest quarter 3.277 (>= 5.834)]
   x  Rate on Bands/Coarse — alive and monotonic  [0.000 -> 19.435, smallest quarter 1.950 (>= 2.153)]
   x  Rate on Bands/Fine — alive and monotonic  [0.000 -> 12.299, smallest quarter 1.200 (>= 1.981)]
   x  Rate on Bands/Rotor Slow — alive and monotonic  [0.000 -> 22.238, smallest quarter 1.697 (>= 2.478)]
   x  Rate on Bands/Guard — alive and monotonic  [0.000 -> 21.959, smallest quarter 1.617 (>= 1.635)]
   x  P1 Voices on Twin/Tremble — alive and monotonic  [0.000 -> 0.000, smallest quarter 0.000 (>= 1.600)]
   x  P1 Voices on Twofold/Tape ADT — alive and monotonic  [0.000 -> 7.673, smallest quarter 0.344 (>= 1.600)]
   x  P2 Spread on Twofold/Wide Room — alive and monotonic  [0.000 -> 0.106, smallest quarter 0.015 (>= 0.030)]
   x  P2 Spread on Twofold/Tape ADT — alive and monotonic  [0.000 -> 0.054, smallest quarter 0.008 (>= 0.030)]
   x  P2 Spread on Bands/Fine — alive and monotonic  [0.000 -> 0.996, smallest quarter 0.024 (>= 0.030)]
   x  P2 Spread on Bands/Tilted — alive and monotonic  [0.000 -> 1.100, smallest quarter 0.009 (>= 0.030)]
   x  P2 Spread on Bands/Deep Grid — alive and monotonic  [0.000 -> 0.356, smallest quarter 0.010 (>= 0.030)]
   x  P3 Offset on Twin/Mode Three — alive and monotonic  [2.339 -> 3.895, smallest quarter 0.039 (>= 0.150)]
   x  P3 Offset on Twin/Tremble — alive and monotonic  [2.720 -> 3.860, smallest quarter 0.000 (>= 0.150)]
   x  P3 Offset on Twofold/Wide Room — alive and monotonic  [3.467 -> 4.868, smallest quarter 0.000 (>= 0.150)]
   x  P3 Offset on Twofold/Tape ADT — alive and monotonic  [3.488 -> 4.868, smallest quarter 0.000 (>= 0.150)]
   x  P3 Offset on Twofold/Loose Crowd — alive and monotonic  [2.971 -> 4.876, smallest quarter 0.058 (>= 0.150)]
   x  P3 Offset on Twofold/Seasick — alive and monotonic  [3.216 -> 4.911, smallest quarter 0.017 (>= 0.150)]
   x  P3 Offset on Blur/Deep Twelve — alive and monotonic  [-1.206 -> -0.753, smallest quarter 0.103 (>= 0.150)]
   x  P3 Offset on Blur/Plush — alive and monotonic  [-2.116 -> -0.625, smallest quarter 0.096 (>= 0.150)]
   x  P3 Offset on Blur/Top Only — alive and monotonic  [-1.881 -> -1.065, smallest quarter 0.014 (>= 0.150)]
   x  P3 Offset on Blur/Opposed — alive and monotonic  [-1.220 -> -0.972, smallest quarter 0.060 (>= 0.150)]
   x  P4 Roam on Blur/Smooth Six — alive and monotonic  [0.000 -> 7.784, smallest quarter 3.369 (>= 5.859)]
   x  P4 Roam on Blur/Deep Twelve — alive and monotonic  [0.000 -> 6.950, smallest quarter 2.279 (>= 4.060)]
   x  P4 Roam on Blur/Low Anchor — alive and monotonic  [0.000 -> 7.075, smallest quarter 4.115 (>= 7.590)]
   x  P4 Roam on Blur/Top Only — alive and monotonic  [0.000 -> 8.053, smallest quarter 4.792 (>= 8.240)]
   x  P4 Roam on Blur/Seed B — alive and monotonic  [0.000 -> 8.064, smallest quarter 4.154 (>= 6.847)]
   x  P4 Roam on Blur/Seed C — alive and monotonic  [0.000 -> 7.187, smallest quarter 2.464 (>= 5.514)]
   x  P4 Roam on Blur/Opposed — alive and monotonic  [0.000 -> 18.765, smallest quarter 5.178 (>= 5.834)]
   x  P7 Feedback on Steady/Wide Slap — alive and monotonic  [-29.004 -> -26.706, smallest quarter 0.200 (>= 0.250)]
   x  P7 Feedback on Twofold/Loose Crowd — alive and monotonic  [-29.465 -> -27.088, smallest quarter 0.215 (>= 0.250)]
   x  P7 Feedback on Twofold/Static Pair — alive and monotonic  [-30.390 -> -28.692, smallest quarter 0.126 (>= 0.250)]
   x  P7 Feedback on Twofold/Seasick — alive and monotonic  [-29.604 -> -27.278, smallest quarter 0.212 (>= 0.250)]
   x  P7 Feedback on Bands/Coarse — alive and monotonic  [-34.557 -> -8.104, smallest quarter 0.171 (>= 0.250)]
   x  P7 Feedback on Bands/Fine — alive and monotonic  [-34.503 -> -8.112, smallest quarter 0.132 (>= 0.250)]
   x  P8 Balance on Blur/Top Only — alive and monotonic  [-9.456 -> -4.850, smallest quarter 0.191 (>= 0.500)]
   x  ALL 576 KNOB x TYPE x CHARACTER CELLS ARE ALIVE (fb424 measured 72 of them)  [53 dead cells; tightest Detune on Twofold/Tape ADT at 0.000 per quarter]
   x  Throng/Octave Bloom — Amount 100 % is past useful (R11)  [38.45 vs control 1.69 (bar 60.00)]
   x  Twofold/Wide Room — Amount 100 % is past useful (R11)  [14.43 vs control 1.69 (bar 45.00)]
   x  Twofold/Tape ADT — Amount 100 % is past useful (R11)  [10.95 vs control 1.69 (bar 45.00)]
   x  Blur/Deep Twelve — Amount 100 % is past useful (R11)  [0.44 vs control 1.00 (bar -0.25)]
   x  Blur/Top Only — Amount 100 % is past useful (R11)  [0.29 vs control 1.00 (bar -0.25)]
   x  Blur/Opposed — Amount 100 % is past useful (R11)  [0.20 vs control 0.10 (bar -0.25)]
   x  Bands/Guard — Amount 100 % is past useful (R11)  [0.26 vs control 1.00 (bar -0.15)]
   x  Bands/Deep Grid — Amount 100 % is past useful (R11)  [0.27 vs control 1.00 (bar -0.15)]
   x  THE R11 CEILING HOLDS ON ALL 48 TYPE x CHARACTER CELLS (fb424 proved 6)  [8 cells below the bar; tightest margin Twofold/Tape ADT at -34.05]
   x  Twin/Mode Two — Feedback+Voices 100 % is a wall (>= +3 dB)  [-30.40 -> -28.35 dB (+2.05)]
   x  Twin/Mode Three — Feedback+Voices 100 % is a wall (>= +3 dB)  [-30.40 -> -28.25 dB (+2.15)]
   x  Twin/Tremble — Feedback+Voices 100 % is a wall (>= +3 dB)  [-30.36 -> -28.08 dB (+2.28)]
   x  Steady/Satin — Feedback+Voices 100 % is a wall (>= +3 dB)  [-28.48 -> -25.59 dB (+2.89)]
   x  Steady/Jab — Feedback+Voices 100 % is a wall (>= +3 dB)  [-28.45 -> -25.66 dB (+2.78)]
   x  Steady/Wide Slap — Feedback+Voices 100 % is a wall (>= +3 dB)  [-28.72 -> -26.27 dB (+2.45)]
   x  Twofold/Lilt — Feedback+Voices 100 % is a wall (>= +3 dB)  [-29.84 -> -27.81 dB (+2.03)]
   x  Twofold/Loose Crowd — Feedback+Voices 100 % is a wall (>= +3 dB)  [-30.06 -> -28.18 dB (+1.88)]
   x  Twofold/Static Pair — Feedback+Voices 100 % is a wall (>= +3 dB)  [-30.97 -> -29.47 dB (+1.50)]
   x  Twofold/Slapback — Feedback+Voices 100 % is a wall (>= +3 dB)  [-29.93 -> -27.92 dB (+2.01)]
   x  Twofold/Seasick — Feedback+Voices 100 % is a wall (>= +3 dB)  [-30.21 -> -28.40 dB (+1.81)]
   x  the Feedback WALL holds on all 48 cells  [11 cells under +3 dB; weakest Twofold/Static Pair at +1.50 dB]
   x  Field: all 15 pairs distinct on Blur/Top Only  [closest 24.25 (bar 27.48 = 0.20 x Width-quarter 137.40) — Straight vs Swap]
   x  every `Field` pair clears a FIFTH of a Width quarter-turn, on every cell  [1 weak cells; closest anywhere Twin/Hex Straight vs Swap at 3.86]
   x  `Hear Mono` IS the (L+R)/2 fold on Throng/JP Classic  [|L-R| on = 2.2e-01 · max |on - mid(off)| = 1.1e-01 · OFF |L-R| = 0.2202]
   x  `Hear Mono` IS the (L+R)/2 fold on Throng/Even Fan  [|L-R| on = 1.8e-01 · max |on - mid(off)| = 9.2e-02 · OFF |L-R| = 0.1837]
   x  `Hear Mono` IS the (L+R)/2 fold on Throng/Analog Drift  [|L-R| on = 1.9e-01 · max |on - mid(off)| = 9.5e-02 · OFF |L-R| = 0.1908]
   x  `Hear Mono` IS the (L+R)/2 fold on Throng/Tight Fan  [|L-R| on = 1.8e-01 · max |on - mid(off)| = 9.0e-02 · OFF |L-R| = 0.1790]
   x  `Hear Mono` IS the (L+R)/2 fold on Throng/Wide Fan  [|L-R| on = 1.7e-01 · max |on - mid(off)| = 8.5e-02 · OFF |L-R| = 0.1709]
   x  `Hear Mono` IS the (L+R)/2 fold on Throng/Octave Bloom  [|L-R| on = 1.6e-01 · max |on - mid(off)| = 8.1e-02 · OFF |L-R| = 0.1625]
   x  `Hear Mono` IS the (L+R)/2 fold on Throng/Sub Anchor  [|L-R| on = 1.8e-01 · max |on - mid(off)| = 9.2e-02 · OFF |L-R| = 0.1836]
   x  `Hear Mono` IS the (L+R)/2 fold on Throng/Three Phase  [|L-R| on = 1.9e-01 · max |on - mid(off)| = 9.6e-02 · OFF |L-R| = 0.1928]
   x  `Hear Mono` IS the (L+R)/2 fold on Twin/Two Line  [|L-R| on = 3.5e-01 · max |on - mid(off)| = 1.7e-01 · OFF |L-R| = 0.3490]
   x  `Hear Mono` IS the (L+R)/2 fold on Twin/Four Line  [|L-R| on = 2.9e-01 · max |on - mid(off)| = 1.5e-01 · OFF |L-R| = 0.2914]
   x  `Hear Mono` IS the (L+R)/2 fold on Twin/Mode Two  [|L-R| on = 3.1e-01 · max |on - mid(off)| = 1.6e-01 · OFF |L-R| = 0.3131]
   x  `Hear Mono` IS the (L+R)/2 fold on Twin/Mode Three  [|L-R| on = 3.4e-01 · max |on - mid(off)| = 1.7e-01 · OFF |L-R| = 0.3388]
   x  `Hear Mono` IS the (L+R)/2 fold on Twin/No Compander  [|L-R| on = 5.6e-01 · max |on - mid(off)| = 2.8e-01 · OFF |L-R| = 0.5584]
   x  `Hear Mono` IS the (L+R)/2 fold on Twin/Dark BBD  [|L-R| on = 3.4e-01 · max |on - mid(off)| = 1.7e-01 · OFF |L-R| = 0.3366]
   x  `Hear Mono` IS the (L+R)/2 fold on Twin/Tremble  [|L-R| on = 3.3e-01 · max |on - mid(off)| = 1.6e-01 · OFF |L-R| = 0.3268]
   x  `Hear Mono` IS the (L+R)/2 fold on Twin/Hex  [|L-R| on = 4.6e-01 · max |on - mid(off)| = 2.3e-01 · OFF |L-R| = 0.4587]
   x  `Hear Mono` IS the (L+R)/2 fold on Steady/Satin  [|L-R| on = 1.7e-01 · max |on - mid(off)| = 8.3e-02 · OFF |L-R| = 0.1664]
   x  `Hear Mono` IS the (L+R)/2 fold on Steady/Jab  [|L-R| on = 1.4e-01 · max |on - mid(off)| = 7.1e-02 · OFF |L-R| = 0.1416]
   x  `Hear Mono` IS the (L+R)/2 fold on Steady/Quaver  [|L-R| on = 1.7e-01 · max |on - mid(off)| = 8.4e-02 · OFF |L-R| = 0.1674]
   x  `Hear Mono` IS the (L+R)/2 fold on Steady/Fifth Up  [|L-R| on = 1.1e-01 · max |on - mid(off)| = 5.7e-02 · OFF |L-R| = 0.1141]
   x  `Hear Mono` IS the (L+R)/2 fold on Steady/Octave Down  [|L-R| on = 1.8e-01 · max |on - mid(off)| = 9.2e-02 · OFF |L-R| = 0.1837]
   x  `Hear Mono` IS the (L+R)/2 fold on Steady/Wide Slap  [|L-R| on = 1.7e-01 · max |on - mid(off)| = 8.5e-02 · OFF |L-R| = 0.1704]
   x  `Hear Mono` IS the (L+R)/2 fold on Steady/Gritty  [|L-R| on = 1.7e-01 · max |on - mid(off)| = 8.3e-02 · OFF |L-R| = 0.1660]
   x  `Hear Mono` IS the (L+R)/2 fold on Steady/Octave Pair  [|L-R| on = 1.2e-01 · max |on - mid(off)| = 6.2e-02 · OFF |L-R| = 0.1232]
   x  `Hear Mono` IS the (L+R)/2 fold on Twofold/Lilt  [|L-R| on = 1.2e-01 · max |on - mid(off)| = 6.0e-02 · OFF |L-R| = 0.1206]
   x  `Hear Mono` IS the (L+R)/2 fold on Twofold/Wide Room  [|L-R| on = 8.2e-02 · max |on - mid(off)| = 4.1e-02 · OFF |L-R| = 0.0818]
   x  `Hear Mono` IS the (L+R)/2 fold on Twofold/Tape ADT  [|L-R| on = 8.1e-02 · max |on - mid(off)| = 4.1e-02 · OFF |L-R| = 0.0814]
   x  `Hear Mono` IS the (L+R)/2 fold on Twofold/Tight Inst  [|L-R| on = 1.3e-01 · max |on - mid(off)| = 6.6e-02 · OFF |L-R| = 0.1328]
   x  `Hear Mono` IS the (L+R)/2 fold on Twofold/Loose Crowd  [|L-R| on = 1.1e-01 · max |on - mid(off)| = 5.6e-02 · OFF |L-R| = 0.1126]
   x  `Hear Mono` IS the (L+R)/2 fold on Twofold/Static Pair  [|L-R| on = 8.6e-02 · max |on - mid(off)| = 4.3e-02 · OFF |L-R| = 0.0858]
   x  `Hear Mono` IS the (L+R)/2 fold on Twofold/Slapback  [|L-R| on = 1.2e-01 · max |on - mid(off)| = 6.0e-02 · OFF |L-R| = 0.1194]
   x  `Hear Mono` IS the (L+R)/2 fold on Twofold/Seasick  [|L-R| on = 1.2e-01 · max |on - mid(off)| = 5.8e-02 · OFF |L-R| = 0.1158]
   x  `Hear Mono` IS the (L+R)/2 fold on Blur/Smooth Six  [|L-R| on = 2.7e-01 · max |on - mid(off)| = 1.3e-01 · OFF |L-R| = 0.2664]
   x  `Hear Mono` IS the (L+R)/2 fold on Blur/Deep Twelve  [|L-R| on = 2.6e-01 · max |on - mid(off)| = 1.3e-01 · OFF |L-R| = 0.2587]
   x  `Hear Mono` IS the (L+R)/2 fold on Blur/Plush  [|L-R| on = 2.8e-01 · max |on - mid(off)| = 1.4e-01 · OFF |L-R| = 0.2817]
   x  `Hear Mono` IS the (L+R)/2 fold on Blur/Low Anchor  [|L-R| on = 2.4e-01 · max |on - mid(off)| = 1.2e-01 · OFF |L-R| = 0.2431]
   x  `Hear Mono` IS the (L+R)/2 fold on Blur/Top Only  [|L-R| on = 2.5e-01 · max |on - mid(off)| = 1.2e-01 · OFF |L-R| = 0.2463]
   x  `Hear Mono` IS the (L+R)/2 fold on Blur/Seed B  [|L-R| on = 2.5e-01 · max |on - mid(off)| = 1.3e-01 · OFF |L-R| = 0.2535]
   x  `Hear Mono` IS the (L+R)/2 fold on Blur/Seed C  [|L-R| on = 2.8e-01 · max |on - mid(off)| = 1.4e-01 · OFF |L-R| = 0.2818]
   x  `Hear Mono` IS the (L+R)/2 fold on Blur/Opposed  [|L-R| on = 2.1e-01 · max |on - mid(off)| = 1.0e-01 · OFF |L-R| = 0.2078]
   x  `Hear Mono` IS the (L+R)/2 fold on Bands/Coarse  [|L-R| on = 1.4e-01 · max |on - mid(off)| = 7.0e-02 · OFF |L-R| = 0.1398]
   x  `Hear Mono` IS the (L+R)/2 fold on Bands/Fine  [|L-R| on = 1.3e-01 · max |on - mid(off)| = 6.5e-02 · OFF |L-R| = 0.1310]
   x  `Hear Mono` IS the (L+R)/2 fold on Bands/Tilted  [|L-R| on = 1.6e-01 · max |on - mid(off)| = 7.9e-02 · OFF |L-R| = 0.1572]
   x  `Hear Mono` IS the (L+R)/2 fold on Bands/Rotor Slow  [|L-R| on = 1.5e-01 · max |on - mid(off)| = 7.4e-02 · OFF |L-R| = 0.1479]
   x  `Hear Mono` IS the (L+R)/2 fold on Bands/Rotor Fast  [|L-R| on = 1.5e-01 · max |on - mid(off)| = 7.4e-02 · OFF |L-R| = 0.1474]
   x  `Hear Mono` IS the (L+R)/2 fold on Bands/Guard  [|L-R| on = 1.3e-01 · max |on - mid(off)| = 6.6e-02 · OFF |L-R| = 0.1323]
   x  `Hear Mono` IS the (L+R)/2 fold on Bands/Deep Grid  [|L-R| on = 7.3e-02 · max |on - mid(off)| = 3.6e-02 · OFF |L-R| = 0.0728]
   x  `Hear Mono` IS the (L+R)/2 fold on Bands/Hard Split  [|L-R| on = 1.5e-01 · max |on - mid(off)| = 7.3e-02 · OFF |L-R| = 0.1467]
   x  ALL 48 CELLS FOLD, and on all 48 the fold had WORK TO DO  [48 bad folds, 0 cells already mono before the fold; worst error Twin/No Compander at 2.8e-01]
   x  ...and the Viz correlation follows it to +1.000 (audible ⇒ visible)  [viz().corr = +0.43521]
   x  `Retrig` restarts the mechanism on Steady/Jab  [post-edge 15.90 vs bar 31.72 (0.20 x Rate-quarter 158.62) · Mix-quarter 35.19 for scale]
   x  `Retrig` restarts the mechanism on Twofold/Tape ADT  [post-edge 19.41 vs bar 36.82 (0.20 x Rate-quarter 184.12) · Mix-quarter 24.28 for scale]
   x  `Retrig` restarts the mechanism on Blur/Smooth Six  [post-edge 6.23 vs bar 17.33 (0.20 x Rate-quarter 86.66) · Mix-quarter 52.72 for scale]
   x  `Retrig` restarts the mechanism on Blur/Deep Twelve  [post-edge 5.18 vs bar 18.50 (0.20 x Rate-quarter 92.48) · Mix-quarter 45.89 for scale]
   x  `Retrig` restarts the mechanism on Blur/Plush  [post-edge 12.00 vs bar 17.14 (0.20 x Rate-quarter 85.68) · Mix-quarter 53.56 for scale]
   x  `Retrig` restarts the mechanism on Blur/Low Anchor  [post-edge 3.69 vs bar 12.53 (0.20 x Rate-quarter 62.67) · Mix-quarter 53.32 for scale]
   x  `Retrig` restarts the mechanism on Blur/Seed B  [post-edge 9.82 vs bar 15.72 (0.20 x Rate-quarter 78.60) · Mix-quarter 63.96 for scale]
   x  `Retrig` restarts the mechanism on Blur/Seed C  [post-edge 4.77 vs bar 15.98 (0.20 x Rate-quarter 79.90) · Mix-quarter 51.54 for scale]
   x  `Retrig` restarts the mechanism on Blur/Opposed  [post-edge 12.01 vs bar 18.42 (0.20 x Rate-quarter 92.12) · Mix-quarter 47.15 for scale]
   x  `Retrig` restarts the mechanism on Bands/Rotor Fast  [post-edge 2.95 vs bar 19.25 (0.20 x Rate-quarter 96.23) · Mix-quarter 17.82 for scale]
   x  `Retrig` clears a fifth of a Rate quarter-turn on every live cell  [10 weak cells; smallest ratio Bands/Rotor Fast at 0.03 x the anchor]
═══════════════════════════════════════════════════════════════════
